compound_id	pert_id	smiles	SAFE
nifurtimox	BRD-A00100033	CC1CS(=O)(=O)CCN1N=Cc1ccc([N+](=O)[O-])o1	CC1CS(=O)(=O)CCN1N=Cc1ccc([N+](=O)[O-])o1
hemado	BRD-A00267231	CCCCC#Cc1nc(NC)c2ncn(C3OC(CO)C(O)C3O)c2n1	CCCCC#Cc1nc4c2ncn6c2n1.C16OC5C(O)C1O.N4C.C5O
AF-DX-116	BRD-A00520476	CCN(CC)CC1CCCCN1CC(=O)N1c2ccccc2C(=O)Nc2cccnc21	N13c2ccccc2C(=O)Nc2cccnc21.C18CCCCN17.C7C3=O.N456.CC4.C5C.C68
noretynodrel	BRD-A00758722	C#CC1(O)CCC2C3CCC4=C(CCC(=O)C4)C3CCC21C	C#CC1(O)CCC2C3CCC4=C(CCC(=O)C4)C3CCC21C
alprenolol	BRD-A00993607	C=CCc1ccccc1OCC(O)CNC(C)C	c16ccccc13.C2C(O)C4.C=CC6.C5(C)C.O23.N45
zebularine	BRD-A01145011	O=c1ncccn1C1OC(CO)C(O)C1O	C13OC2C(O)C1O.O=c1ncccn13.C2O
7-hydroxy-PIPAT	BRD-A01295252	CCCN(CC=CI)C1CCc2ccc(O)cc2C1	C15CCc2ccc(O)cc2C1.C4C=CI.CCC3.N345
7,8-dihydro-L-biopterin	BRD-A01317026	CC(O)C(O)C1=Nc2c(nc(N)[nH]c2=O)NC1	CC(O)C(O)C1=Nc2c(nc(N)[nH]c2=O)NC1
salmeterol	BRD-A01320529	OCc1cc(C(O)CNCCCCCCOCCCCc2ccccc2)ccc1O	c17cc8ccc1O.C6CCCCC3.c19ccccc1.C4CCC9.C8(O)C5.OC7.N56.O34
flumetasone	BRD-A01346607	CC1CC2C3CC(F)C4=CC(=O)C=CC4(C)C3(F)C(O)CC2(C)C1(O)C(=O)CO	CC1CC2C3CC(F)C4=CC(=O)C=CC4(C)C3(F)C(O)CC2(C)C15O.C5(=O)CO
chlormadinone-acetate	BRD-A01593789	CC(=O)OC1(C(C)=O)CCC2C3C=C(Cl)C4=CC(=O)CCC4(C)C3CCC21C	C167CCC2C3C=C(Cl)C4=CC(=O)CCC4(C)C3CCC21C.CC5=O.C7(C)=O.O56
prednisolone-acetate	BRD-A01643550	CC(=O)OCC(=O)C1(O)CCC2C3CCC4=CC(=O)C=CC4(C)C3C(O)CC21C	C17(O)CCC2C3CCC4=CC(=O)C=CC4(C)C3C(O)CC21C.C6C7=O.CC5=O.O56
naftopidil	BRD-A01787639	COc1ccccc1N1CCN(CC(O)COc2cccc3ccccc23)CC1	c16cccc2ccccc12.c15ccccc18.N18CCN7CC1.C7C(O)C4.CO5.O46
xanthinol	BRD-A01826957	CN(CCO)CC(O)Cn1cnc2c1c(=O)n(C)c(=O)n2C	n15cnc2c1c(=O)n(C)c(=O)n2C.C4C(O)C5.CN34.C3CO
tubaic-acid	BRD-A02176148	C=C(C)C1Cc2c(ccc(C(=O)O)c2O)O1	C=C(C)C1Cc2c(ccc3c2O)O1.C3(=O)O
betamethasone	BRD-A02180903	CC1CC2C3CCC4=CC(=O)C=CC4(C)C3(F)C(O)CC2(C)C1(O)C(=O)CO	CC1CC2C3CCC4=CC(=O)C=CC4(C)C3(F)C(O)CC2(C)C15O.C5(=O)CO
met-leu-phe	BRD-A02189320	CSCCC(N)C(=O)NC(CC(C)C)C(=O)NC(Cc1ccccc1)C(=O)O	C4(CC(C)C)C3=O.C6CC(N)C2=O.C5(C7)C(=O)O.c17ccccc1.CS6.N24.N35
cyclopamine	BRD-A02333338	CC1=C2CC3C(CC=C4CC(O)CCC43C)C2CCC12OC1CC(C)CNC1C2C	CC1=C2CC3C(CC=C4CC(O)CCC43C)C2CCC12OC1CC(C)CNC1C2C
ethinyl-estradiol	BRD-A02367930	C#CC1(O)CCC2C3CCc4cc(O)ccc4C3CCC21C	C#CC1(O)CCC2C3CCc4cc(O)ccc4C3CCC21C
importazole	BRD-A02481876	CC(Nc1nc(N2CCCC2)nc2ccccc12)c1ccccc1	c14nc5nc2ccccc12.c16ccccc1.N15CCCC1.CC36.N34
meptazinol	BRD-A02710418	CCC1(c2cccc(O)c2)CCCCN(C)C1	C134CCCCN(C)C1.c14cccc(O)c1.CC3
dihydrodeoxygedunin	BRD-A02713983	CC(=O)OC1CC2C(C)(C)C(=O)CCC2(C)C2CCC3(C)C(=CC(=O)OC3c3ccoc3)C12C	C15CC2C(C)(C)C(=O)CCC2(C)C2CCC3(C)C(=CC(=O)OC36)C12C.c16ccoc1.CC4=O.O45
betaxolol	BRD-A02759312	CC(C)NCC(O)COc1ccc(CCOCC2CC2)cc1	c16ccc%10cc1.C8C(O)C3.CC7C.C%10C4.C19CC1.N78.O36.O45.C59
lofexidine	BRD-A02990301	CC(Oc1c(Cl)cccc1Cl)C1=NCCN1	c13c(Cl)cccc1Cl.CC2C1=NCCN1.O23
mepivacaine	BRD-A03216249	Cc1cccc(C)c1NC(=O)C1CCCCN1C	Cc1cccc(C)c13.C14CCCCN1C.C24=O.N23
ICI-89406	BRD-A03359064	N#Cc1ccccc1OCC(O)CNCCNC(=O)Nc1ccccc1	N#Cc1ccccc15.c19ccccc1.C4C(O)C6.C7C8.C23=O.O45.N67.N28.N39
metoprolol	BRD-A03623303	COCCc1ccc(OCC(O)CNC(C)C)cc1	c17ccc4cc1.C3C(O)C5.C2C7.C6(C)C.CO2.O34.N56
CP-55940	BRD-A03816571	CCCCCCC(C)(C)c1ccc(C2CC(O)CCC2CCCO)c(O)c1	CCCCCCC4(C)C.c14ccc5c(O)c1.C15CC(O)CCC13.C3CCO
genipin	BRD-A04308630	COC(=O)C1=COC(O)C2C(CO)=CCC12	C3(=O)C1=COC(O)C2C(CO)=CCC12.CO3
synephrine	BRD-A04327189	CNCC(O)c1ccc(O)cc1	c13ccc(O)cc1.C2C3O.CN2
maraviroc	BRD-A04352665	Cc1nnc(C(C)C)n1C1CC2CCC(C1)N2CCC(NC(=O)C1CCC(F)(F)CC1)c1ccccc1	C19CC2CCC(C1)N24.C16CCC(F)(F)CC1.Cc1nnc7n19.c18ccccc1.C4CC58.C7(C)C.C36=O.N35
chlorphenamine	BRD-A04553218	CN(C)CCC(c1ccc(Cl)cc1)c1ccccn1	c14ccc(Cl)cc1.c13ccccn1.C2CC34.CN2C
CGP-52432	BRD-A04668240	CCOC(OCC)P(=O)(O)CCCNCc1ccc(Cl)c(Cl)c1	O2C(O3)P(=O)(O)CCC4.c16ccc(Cl)c(Cl)c1.CC2.C3C.N45.C56
bucladesine	BRD-A04706586	CCCC(=O)Nc1ncnc2c1ncn2C1OC2COP(=O)(O)OC2C1OC(=O)CCC	C17OC2COP(=O)(O)OC2C15.c16ncnc2c1ncn27.CCCC4=O.C3(=O)CCC.N46.O35
norgestimate	BRD-A04756508	C#CC1(OC(C)=O)CCC2C3CCC4=CC(=NO)CCC4C3CCC21CC	C#CC16CCC2C3CCC4=CC(=NO)CCC4C3CCC217.C5(C)=O.O56.C7C
bupropion	BRD-A05186015	CC(NC(C)(C)C)C(=O)c1cccc(Cl)c1	c14cccc(Cl)c1.CC2C4=O.C3(C)(C)C.N23
ipratropium	BRD-A05352148	CC(C)[N+]1(C)C2CCC1CC(OC(=O)C(CO)c1ccccc1)C2	[N+]15(C)C2CCC1CC4C2.C3(=O)C6CO.c16ccccc1.CC5C.O34
terfenadine	BRD-A06352418	CC(C)(C)c1ccc(C(O)CCCN2CCC(C(O)(c3ccccc3)c3ccccc3)CC2)cc1	c16ccc7cc1.N14CCC5CC1.C7(O)CCC4.c18ccccc1.c19ccccc1.CC6(C)C.C589O
SB-218078	BRD-A06352508	O=C1NC(=O)c2c1c1c3ccccc3n3c1c1c2c2ccccc2n1C1CCC3O1	O=C1NC(=O)c2c1c1c3ccccc3n3c1c1c2c2ccccc2n1C1CCC3O1
hydroquinidine	BRD-A06390036	CCC1CN2CCC1CC2C(O)c1ccnc2ccc(OC)cc12	c16ccnc2ccc3cc12.C15CN2CCC1CC24.C46O.CC5.O3C
dibutyrylcyclic-gmp	BRD-A06726973	CCCC(=O)Nc1nc2c(ncn2C2OC3COP(=O)(O)OC3C2OC(=O)CCC)c(=O)[nH]1	C18OC2COP(=O)(O)OC2C16.c17nc2c(ncn28)c(=O)[nH]1.CCCC5=O.C4(=O)CCC.N57.O46
MRS-1334	BRD-A06784547	CCOC(=O)C1=C(C)NC(c2ccccc2)=C(C(=O)OCc2ccc([N+](=O)[O-])cc2)C1C#Cc1ccccc1	C3(=O)C1=C(C)NC(c2ccccc2)=C(C4=O)C1C#Cc1ccccc1.c17ccc([N+](=O)[O-])cc1.CC5.O35.O46.C67
hydrocortisone-hemisuccinate	BRD-A07000685	CC12CCC(=O)C=C1CCC1C2C(O)CC2(C)C1CCC2(O)C(=O)COC(=O)CCC(=O)O	CC12CCC(=O)C=C1CCC1C2C(O)CC2(C)C1CCC25O.C3(=O)CCC(=O)O.C5(=O)C4.O34
esmolol	BRD-A07395371	COC(=O)CCc1ccc(OCC(O)CNC(C)C)cc1	c17ccc4cc1.C2(=O)CC7.C3C(O)C5.C6(C)C.CO2.O34.N56
labetalol	BRD-A07440155	CC(CCc1ccccc1)NCC(O)c1ccc(O)c(C(N)=O)c1	c16ccc(O)c4c1.c15ccccc1.CC2CC5.C3C6O.C4(N)=O.N23
epinephrine-(racemic)	BRD-A07765530	CNCC(O)c1ccc(O)c(O)c1	c13ccc(O)c(O)c1.C2C3O.CN2
orciprenaline	BRD-A07780951	CC(C)NCC(O)c1cc(O)cc(O)c1	c14cc(O)cc(O)c1.C3C4O.CC2C.N23
flavanone	BRD-A07824748	O=C1CC(c2ccccc2)Oc2ccccc21	O=C1CC3Oc2ccccc21.c13ccccc1
cilnidipine	BRD-A07875874	COCCOC(=O)C1=C(C)NC(C)=C(C(=O)OCC=Cc2ccccc2)C1c1cccc([N+](=O)[O-])c1	C3(=O)C1=C(C)NC(C)=C(C4=O)C19.c19cccc([N+](=O)[O-])c1.C=8c1ccccc1.C5C6.C7C=8.CO5.O36.O47
rhodomyrtoxin-b	BRD-A08003242	CCC(C)C(=O)c1c(O)c(C)c2oc3c(C)c(O)c(C(=O)C(C)CC)c(O)c3c2c1O	c14c(O)c(C)c2oc3c(C)c(O)c5c(O)c3c2c1O.CCC(C)C4=O.C5(=O)C(C)CC
racecadotril	BRD-A08187463	CC(=O)SCC(Cc1ccccc1)C(=O)NCC(=O)OCc1ccccc1	C6C(C7)C3=O.c17ccccc1.c18ccccc1.CC(=O)S6.C5C2=O.N35.O24.C48
heliotrine	BRD-A08709697	COC(C)C(O)(C(=O)OCC1=CCN2CCC(O)C12)C(C)C	C4(C)C(O)(C3=O)C(C)C.C5C1=CCN2CCC(O)C12.CO4.O35
cephalotaxine	BRD-A08877921	COC1=CC23CCCN2CCc2cc4c(cc2C3C1O)OCO4	COC1=CC23CCCN2CCc2cc4c(cc2C3C1O)OCO4
alfuzosin	BRD-A09056319	COc1cc2nc(N(C)CCCNC(=O)C3CCCO3)nc(N)c2cc1OC	c15cc2nc9nc(N)c2cc16.C1%10CCCO1.C7CC8.N79C.C4%10=O.CO5.N48.O6C
amyleine	BRD-A09062839	CCC(C)(CN(C)C)OC(=O)c1ccccc1	CCC3(C)C4.c15ccccc1.N4(C)C.C25=O.O23
strychnine	BRD-A09094913	O=C1CC2OCC=C3CN4CCC56c7ccccc7N1C5C2C3CC46	O=C1CC2OCC=C3CN4CCC56c7ccccc7N1C5C2C3CC46
nomilin	BRD-A09161221	CC(=O)OC1CC(=O)OC(C)(C)C2CC(=O)C3(C)C(CCC4(C)C(c5ccoc5)OC(=O)C5OC543)C12C	C17CC(=O)OC(C)(C)C2CC(=O)C3(C)C(CCC4(C)C8OC(=O)C5OC543)C12C.c18ccoc1.CC6=O.O67
mebeverine	BRD-A09467419	CCN(CCCCOC(=O)c1ccc(OC)c(OC)c1)C(C)Cc1ccc(OC)cc1	c1%11ccc5c6c1.c13ccc7cc1.C9CCC4.C%10(C)C3.N89%10.C2%11=O.CC8.O24.O5C.O6C.O7C
flecainide	BRD-A09472452	O=C(NCC1CCCCN1)c1cc(OCC(F)(F)F)ccc1OCC(F)(F)F	c18cc5ccc16.C19CCCCN1.C3C(F)(F)F.C4C(F)(F)F.O=C28.N27.C79.O35.O46
bicuculline	BRD-A09495397	CN1CCc2cc3c(cc2C1C1OC(=O)c2c1ccc1c2OCO1)OCO3	CN1CCc2cc3c(cc2C1C1OC(=O)c2c1ccc1c2OCO1)OCO3
verapamil	BRD-A09533288	COc1ccc(CCN(C)CCCC(C#N)(c2ccc(OC)c(OC)c2)C(C)C)cc1OC	C8CCC%10(C#N)C(C)C.c13ccc9cc16.c1%10ccc4c5c1.C9C7.N78C.CO3.O4C.O5C.O6C
homatropine	BRD-A09539288	CN1C2CCC1CC(OC(=O)C(O)c1ccccc1)C2	CN1C2CCC1CC4C2.c15ccccc1.C3(=O)C5O.O34
cyclophosphamide	BRD-A09722536	O=P1(N(CCCl)CCCl)NCCCO1	O=P1(N(CCCl)CCCl)NCCCO1
SKF-81297	BRD-A09828896	Oc1cc2c(c(Cl)c1O)CCNCC2c1ccccc1	Oc1cc2c(c(Cl)c1O)CCNCC2c1ccccc1
etilefrine	BRD-A09925278	CCNCC(O)c1cccc(O)c1	c14cccc(O)c1.C3C4O.CC2.N23
propranolol	BRD-A10070317	CC(C)NCC(O)COc1cccc2ccccc12	c14cccc2ccccc12.C6C(O)C3.CC5C.N56.O34
talampicillin	BRD-A10303790	CC1(C)SC2C(NC(=O)C(N)c3ccccc3)C(=O)N2C1C(=O)OC1OC(=O)c2ccccc21	CC1(C)SC2C6C(=O)N2C17.O4C1OC(=O)c2ccccc21.c18ccccc1.C5(=O)C8N.C47=O.N56
norketamine	BRD-A10355991	NC1(c2ccccc2Cl)CCCCC1=O	NC13CCCCC1=O.c13ccccc1Cl
cyclopiazonic-acid	BRD-A10420615	CC(=O)C1C(=O)C2C3c4c[nH]c5cccc(c45)CC3C(C)(C)N2C1=O	C16C(=O)C2C3c4c[nH]c5cccc(c45)CC3C(C)(C)N2C1=O.CC6=O
GSK-429286A	BRD-A10523515	CC1=C(C(=O)Nc2cc3cn[nH]c3cc2F)C(c2ccc(C(F)(F)F)cc2)CC(=O)N1	CC1=C(C4=O)C7CC(=O)N1.c15cc2cn[nH]c2cc1F.c17ccc6cc1.C6(F)(F)F.N45
sulpiride	BRD-A10715913	CCN1CCC(CNC(=O)c2cc(S(N)(=O)=O)ccc2OC)C1	c17cc(S(N)(=O)=O)ccc14.N15CCC8C1.C37=O.CC5.C68.N36.O4C
imiloxan	BRD-A10903566	CCn1ccnc1CC1COc2ccccc2O1	C14COc2ccccc2O1.n13ccnc15.CC3.C45
ambelline	BRD-A10969569	COc1c2c(cc3c1OCO3)C13C=CC(OC)CC1N(C2)CC3O	c15c2c(cc3c1OCO3)C13C=CC4CC1N(C2)CC3O.CO5.O4C
carvedilol	BRD-A10977446	COc1ccccc1OCCNCC(O)COc1cccc2[nH]c3ccccc3c12	c18cccc2[nH]c3ccccc3c12.c16ccccc17.C%10C(O)C5.C4C9.CO6.O47.N9%10.O58
BCI-hydrochloride	BRD-A11007541	O=C1C(=Cc2ccccc2)C(NC2CCCCC2)c2ccccc21	O=C1C=4C(N3)c2ccccc21.C=4c1ccccc1.C13CCCCC1
nor-binaltorphimine	BRD-A11135865	Oc1ccc2c3c1OC1c4[nH]c5c(c4CC4(O)C(C2)N(CC2CC2)CCC314)CC1(O)C2Cc3ccc(O)c4c3C1(CCN2CC1CC1)C5O4	Oc1ccc2c3c1OC1c4[nH]c5c(c4CC4(O)C(C2)N6CCC314)CC1(O)C2Cc3ccc(O)c4c3C1(CCN27)C5O4.C18CC1.C19CC1.C68.C79
thiocolchicoside	BRD-A11605036	COc1c(OC2OC(CO)C(O)C(O)C2O)cc2c(c1OC)-c1ccc(SC)c(=O)cc1C(NC(C)=O)CC2	c15c6cc2c(c17)-c1ccc9c(=O)cc1C(N3)CC2.C14OC8C(O)C(O)C1O.C3(C)=O.CO5.O46.C8O.O7C.S9C
wortmannin	BRD-A11678676	COCC1OC(=O)c2coc3c2C1(C)C1=C(C3=O)C2CCC(=O)C2(C)CC1OC(C)=O	C17OC(=O)c2coc3c2C1(C)C1=C(C3=O)C2CCC(=O)C2(C)CC16.C4(C)=O.CO5.C57.O46
chromomycin-a3	BRD-A11702965	COC(C(=O)C(O)C(C)O)C1Cc2cc3cc(OC4CC(OC5CC(O)C(OC)C(C)O5)C(OC(C)=O)C(C)O4)c(C)c(O)c3c(O)c2C(=O)C1OC1CC(OC2CC(OC3CC(C)(O)C(C)C(C)O3)C(O)C(C)O2)C(O)C(C)O1	C1%12Cc2cc3cc%11c(C)c(O)c3c(O)c2C(=O)C18.C1%18CC(C)(O)C(C)C(C)O1.C%13%12C(=O)C(O)C(C)O.C1%14CC%19C7C(C)O1.C1%15CC(O)C%20C(C)O1.C1%16CC9C(O)C(C)O1.C1%17CC%10C(O)C(C)O1.C6(C)=O.CO%13.O%14%11.O%15%19.O%20C.O67.O%168.O%179.O%18%10
AM-92016	BRD-A11813248	CN(CCc1ccc(Cl)c(Cl)c1)CC(O)COc1ccc(NS(C)(=O)=O)cc1	c18ccc(Cl)c(Cl)c1.c13ccc7cc1.C5C(O)C2.S6(C)(=O)=O.CN45.C4C8.O23.N67
lorazepam	BRD-A11990600	O=C1Nc2ccc(Cl)cc2C(c2ccccc2Cl)=NC1O	O=C1Nc2ccc(Cl)cc2C(c2ccccc2Cl)=NC1O
LY-278584	BRD-A12016240	CN1C2CCC1CC(NC(=O)c1nn(C)c3ccccc13)C2	c16nn(C)c2ccccc12.CN1C2CCC1CC5C2.C46=O.N45
nitrendipine	BRD-A12560204	CCOC(=O)C1C(C)=NC(C)=C(C(=O)OC)C1c1cccc([N+](=O)[O-])c1	C15C(C)=NC(C)=C(C3=O)C16.c16cccc([N+](=O)[O-])c1.C25=O.CC4.O24.O3C
troglitazone	BRD-A13084692	Cc1c(C)c2c(c(C)c1O)CCC(C)(COc1ccc(CC3SC(=O)NC3=O)cc1)O2	Cc1c(C)c2c(c(C)c1O)CCC6(C)O2.c15ccc8cc1.C17SC(=O)NC1=O.C46.O45.C78
triptolide	BRD-A13122391	CC(C)C12OC1C1OC13C1(C)CCC4=C(COC4=O)C1CC1OC13C2O	C125OC1C1OC13C1(C)CCC4=C(COC4=O)C1CC1OC13C2O.CC5C
fluorometholone	BRD-A13133631	CC(=O)C1(O)CCC2C3CC(C)C4=CC(=O)C=CC4(C)C3(F)C(O)CC21C	C15(O)CCC2C3CC(C)C4=CC(=O)C=CC4(C)C3(F)C(O)CC21C.CC5=O
doxazosin	BRD-A13188892	COc1cc2nc(N3CCN(C(=O)C4COc5ccccc5O4)CC3)nc(N)c2cc1OC	c17cc2nc9nc(N)c2cc18.C1%10COc2ccccc2O1.N19CCN6CC1.C6%10=O.CO7.O8C
flucloxacillin	BRD-A13650332	Cc1onc(-c2c(F)cccc2Cl)c1C(=O)NC1C(=O)N2C1SC(C)(C)C2C(=O)O	C14C(=O)N2C1SC(C)(C)C25.c17c(F)cccc1Cl.Cc1onc7c16.C36=O.C5(=O)O.N34
HA-14-1	BRD-A13807286	CCOC(=O)C1=C(N)Oc2ccc(Br)cc2C1C(C#N)C(=O)OCC	C3(=O)C1=C(N)Oc2ccc(Br)cc2C1C(C#N)C4=O.CC5.O35.O46.C6C
sulindac	BRD-A13946108	CC1=C(CC(=O)O)c2cc(F)ccc2C1=Cc1ccc(S(C)=O)cc1	CC1=C(CC(=O)O)c2cc(F)ccc2C1=3.C=3c1ccc(S(C)=O)cc1
oxyphenonium	BRD-A14208071	CC[N+](C)(CC)CCOC(=O)C(O)(c1ccccc1)C1CCCCC1	C2(=O)C78O.c18ccccc1.C17CCCCC1.[N+]456C.C6C3.CC4.C5C.O23
mesoridazine	BRD-A14395271	CN1CCCCC1CCN1c2ccccc2Sc2ccc(S(C)=O)cc21	N13c2ccccc2Sc2ccc(S(C)=O)cc21.CN1CCCCC14.C4C3
UB-165	BRD-A14574269	Clc1ccc(C2=CCCC3CCC2N3)cn1	Clc1ccc(C2=CCCC3CCC2N3)cn1
mestranol	BRD-A14798026	C#CC1(O)CCC2C3CCc4cc(OC)ccc4C3CCC21C	C#CC1(O)CCC2C3CCc4cc5ccc4C3CCC21C.O5C
alaproclate	BRD-A14966924	CC(N)C(=O)OC(C)(C)Cc1ccc(Cl)cc1	c14ccc(Cl)cc1.CC(N)C2=O.C3(C)(C)C4.O23
L-ascorbyl-6-palmitate	BRD-A14985772	CCCCCCCCCCCCCCCC(=O)OCC(O)C1OC(=O)C(=O)C1O	CCCCCCCCCCCCCCCC2=O.C14OC(=O)C(=O)C1O.C3C4O.O23
HU-211	BRD-A15010982	CCCCCCC(C)(C)c1cc(O)c2c(c1)OC(C)(C)C1CC=C(CO)CC21	c13cc(O)c2c(c1)OC(C)(C)C1CC=C(CO)CC21.CCCCCCC3(C)C
bergenin	BRD-A15034104	COc1c(O)cc2c(c1O)C1OC(CO)C(O)C(O)C1OC2=O	c13c(O)cc2c(c1O)C1OC4C(O)C(O)C1OC2=O.CO3.C4O
phorbol-12-myristate-13-acetate	BRD-A15079084	CCCCCCCCCCCCCC(=O)OC1C(C)C2(O)C(C=C(CO)CC3(O)C(=O)C(C)=CC32)C2C(C)(C)C12OC(C)=O	C16C(C)C2(O)C(C=C(CO)CC3(O)C(=O)C(C)=CC32)C2C(C)(C)C127.CCCCCCCCCCCCCC4=O.C5(C)=O.O46.O57
benazepril	BRD-A15131297	CCOC(=O)C(CCc1ccccc1)NC1CCc2ccccc2N(CC(=O)O)C1=O	C16CCc2ccccc2N(CC(=O)O)C1=O.C3(=O)C5CC7.c17ccccc1.CC4.O34.N56
fluocinolone-acetonide	BRD-A15297126	CC(=O)OCC(=O)C12OC(C)(C)OC1CC1C3CC(F)C4=CC(=O)C=CC4(C)C3(F)C(O)CC12C	C127OC(C)(C)OC1CC1C3CC(F)C4=CC(=O)C=CC4(C)C3(F)C(O)CC12C.C6C7=O.CC5=O.O56
GW-1929	BRD-A15415227	CN(CCOc1ccc(CC(Nc2ccccc2C(=O)c2ccccc2)C(=O)O)cc1)c1ccccn1	c14ccc%11cc1.c18ccccc19.C%11C6C(=O)O.c1%10ccccc1.c17ccccn1.CN57.C5C3.C9%10=O.O34.N68
BMY-14802	BRD-A15435692	OC(CCCN1CCN(c2ncc(F)cn2)CC1)c1ccc(F)cc1	N13CCN4CC1.c14ncc(F)cn1.c15ccc(F)cc1.OC5CCC3
tetracycline	BRD-A15493168	CC1c2cccc(O)c2C(=O)C2C(=O)C3(O)C(=O)C(C(N)=O)C(=O)C(N(C)C)C3CC21	CC1c2cccc(O)c2C(=O)C2C(=O)C3(O)C(=O)C5C(=O)C4C3CC21.C5(N)=O.N4(C)C
SDZ-21009	BRD-A15530910	CC(C)OC(=O)c1cc2c(OCC(O)CNC(C)(C)C)cccc2[nH]1	c19cc2c6cccc2[nH]1.C5C(O)C7.C8(C)(C)C.CC4C.C39=O.O34.O56.N78
4-hydroxy-2-nonenal	BRD-A15914070	CCCCCC(O)C=CC=O	CCCCCC(O)C=1.C=1C=O
profenamine	BRD-A16311756	CCN(CC)C(C)CN1c2ccccc2Sc2ccccc21	N16c2ccccc2Sc2ccccc21.C5(C)C6.N345.CC3.C4C
modafinil	BRD-A16332958	NC(=O)CS(=O)C(c1ccccc1)c1ccccc1	NC(=O)CS(=O)C23.c12ccccc1.c13ccccc1
acarbose	BRD-A16444946	CC1OC(OC2C(CO)OC(OC3C(CO)OC(O)C(O)C3O)C(O)C2O)C(O)C(O)C1NC1C=C(CO)C(O)C(O)C1O	C19C=C(CO)C(O)C(O)C1O.CC1OC4C(O)C(O)C18.C16C%10OC5C(O)C1O.C17C%11OC(O)C(O)C1O.O46.C%10O.O57.C%11O.N89
amcinonide	BRD-A16478930	CC(=O)OCC(=O)C12OC3(CCCC3)OC1CC1C3CCC4=CC(=O)C=CC4(C)C3(F)C(O)CC12C	C127OC3(CCCC3)OC1CC1C3CCC4=CC(=O)C=CC4(C)C3(F)C(O)CC12C.C6C7=O.CC5=O.O56
butoconazole	BRD-A16665823	Clc1ccc(CCC(Cn2ccnc2)Sc2c(Cl)cccc2Cl)cc1	c16c(Cl)cccc1Cl.Clc1ccc5cc1.C5CC3C4.n14ccnc1.S36
BADGE	BRD-A16694057	CC(C)(c1ccc(OCC2CO2)cc1)c1ccc(OCC2CO2)cc1	c19ccc5cc1.c1%10ccc6cc1.CC9%10C.C17CO1.C18CO1.O35.C37.O46.C48
isoxsuprine	BRD-A16700644	CC(COc1ccccc1)NC(C)C(O)c1ccc(O)cc1	c16ccc(O)cc1.c13ccccc1.C5(C)C6O.CC4C2.O23.N45
ampicillin	BRD-A16754160	CC1(C)SC2C(NC(=O)C(N)c3ccccc3)C(=O)N2C1C(=O)O	CC1(C)SC2C5C(=O)N2C16.c17ccccc1.C4(=O)C7N.C6(=O)O.N45
nalbuphine	BRD-A16934955	Oc1ccc2c3c1OC1C(O)CCC4(O)C(C2)N(CC2CCC2)CCC314	Oc1ccc2c3c1OC1C(O)CCC4(O)C(C2)N5CCC314.C16CCC1.C56
brefeldin-a	BRD-A17065207	CC1CCCC=CC2CC(O)CC2C(O)C=CC(=O)O1	CC1CCCC=CC2CC(O)CC2C(O)C=CC(=O)O1
carprofen	BRD-A17411484	CC(C(=O)O)c1ccc2c(c1)[nH]c1ccc(Cl)cc12	c13ccc2c(c1)[nH]c1ccc(Cl)cc12.CC3C(=O)O
BW-723C86	BRD-A17428743	CC(N)Cc1c[nH]c2ccc(OCc3cccs3)cc12	c17c[nH]c2ccc5cc12.c16cccs1.CC(N)C7.O45.C46
beclometasone	BRD-A17448384	CC1CC2C3CCC4=CC(=O)C=CC4(C)C3(Cl)C(O)CC2(C)C1(O)C(=O)CO	CC1CC2C3CCC4=CC(=O)C=CC4(C)C3(Cl)C(O)CC2(C)C15O.C5(=O)CO
MDL-72832	BRD-A17453586	O=C1CC2(CCCC2)CC(=O)N1CCCCNCC1COc2ccccc2O1	O=C1CC2(CCCC2)CC(=O)N15.C16COc2ccccc2O1.C5CCC3.N34.C46
gelsemine	BRD-A17535965	C=CC12CN(C)C3C4COC(CC41)C1(C(=O)Nc4ccccc41)C32	C=CC12CN(C)C3C4COC(CC41)C1(C(=O)Nc4ccccc41)C32
ibuprofen	BRD-A17655518	CC(C)Cc1ccc(C(C)C(=O)O)cc1	c12ccc3cc1.C3(C)C(=O)O.CC(C)C2
gedunin	BRD-A17819071	CC1(C)C=CC(=O)C2(C)C1CC(=O)C1(C)C2CCC2(C)C(c3ccoc3)OC(=O)C3OC321	CC1(C)C=CC(=O)C2(C)C1CC(=O)C1(C)C2CCC2(C)C4OC(=O)C3OC321.c14ccoc1
phensuximide	BRD-A18043272	CN1C(=O)CC(c2ccccc2)C1=O	CN1C(=O)CC3C1=O.c13ccccc1
CPCCOEt	BRD-A18202423	CCOC(=O)C12CC1C(=NO)c1ccccc1O2	C125CC1C(=NO)c1ccccc1O2.C35=O.CC4.O34
5-iodotubercidin	BRD-A18497530	Nc1ncnc2c1c(I)cn2C1OC(CO)C(O)C1O	Nc1ncnc2c1c(I)cn24.C14OC3C(O)C1O.C3O
wiskostatin	BRD-A18579359	CN(C)CC(O)Cn1c2ccc(Br)cc2c2cc(Br)ccc21	n14c2ccc(Br)cc2c2cc(Br)ccc21.C3C(O)C4.CN3C
estriol	BRD-A18620900	CC12CCC3c4ccc(O)cc4CCC3C1CC(O)C2O	CC12CCC3c4ccc(O)cc4CCC3C1CC(O)C2O
BAX-channel-blocker	BRD-A18763547	OC(CN1CCNCC1)Cn1c2ccc(Br)cc2c2cc(Br)ccc21	n14c2ccc(Br)cc2c2cc(Br)ccc21.N13CCNCC1.OC(C3)C4
estradiol	BRD-A18917088	CC12CCC3c4ccc(O)cc4CCC3C1CCC2O	CC12CCC3c4ccc(O)cc4CCC3C1CCC2O
pseudopelletierine	BRD-A19053259	CN1C2CCCC1CC(=O)C2	CN1C2CCCC1CC(=O)C2
trimipramine	BRD-A19195498	CC(CN(C)C)CN1c2ccccc2CCc2ccccc21	N14c2ccccc2CCc2ccccc21.CC(C3)C4.N3(C)C
latrunculin-b	BRD-A19248578	CC1=CC(=O)OC2CC(CCC(C)C=CCC1)OC(O)(C1CSC(=O)N1)C2	CC1=CC(=O)OC2CC(CCC(C)C=CCC1)OC(O)(C1CSC(=O)N1)C2
geldanamycin	BRD-A19500257	COC1=C2CC(C)CC(OC)C(O)C(C)C=C(C)C(OC(N)=O)C(OC)C=CC=C(C)C(=O)NC(=CC1=O)C2=O	COC1=C2CC(C)CC4C(O)C(C)C=C(C)C5C6C=CC=C(C)C(=O)NC(=CC1=O)C2=O.C3(N)=O.O4C.O35.O6C
perhexiline	BRD-A19633847	C1CCC(C(CC2CCCCN2)C2CCCCC2)CC1	C1CCC4CC1.C13CCCCN1.C15CCCCC1.C45C3
mianserin	BRD-A19661776	CN1CCN2c3ccccc3Cc3ccccc3C2C1	CN1CCN2c3ccccc3Cc3ccccc3C2C1
ondansetron	BRD-A19736161	Cc1nccn1CC1CCc2c(c3ccccc3n2C)C1=O	C15CCc2c(c3ccccc3n2C)C1=O.Cc1nccn14.C45
medrysone	BRD-A20126139	CC(=O)C1CCC2C3CC(C)C4=CC(=O)CCC4(C)C3C(O)CC12C	C15CCC2C3CC(C)C4=CC(=O)CCC4(C)C3C(O)CC12C.CC5=O
2',5'-dideoxyadenosine	BRD-A20131130	CC1OC(n2cnc3c(N)ncnc32)CC1O	n14cnc2c(N)ncnc21.CC1OC4CC1O
atenolol-(+/-)	BRD-A20239487	CC(C)NCC(O)COc1ccc(CC(N)=O)cc1	c13ccc6cc1.C5C(O)C2.C6C(N)=O.CC4C.N45.O23
dihydroxyphenylglycine	BRD-A20589515	NC(C(=O)O)c1cc(O)cc(O)c1	c12cc(O)cc(O)c1.NC2C(=O)O
thiostrepton	BRD-A20697603	C=C(NC(=O)C(=C)NC(=O)c1csc(C2=NC3c4csc(n4)C4NC(=O)c5csc(n5)C(C(C)(O)C(C)O)NC(=O)C5CSC(=N5)C(=CC)NC(=O)C(C(C)O)NC(=O)c5csc(n5)C3(CC2)NC(=O)C(C)NC(=O)C(=C)NC(=O)C(C)NC(=O)C(C(C)CC)NC2C=Cc3c(C(C)O)cc(nc3C2O)C(=O)OC4C)n1)C(N)=O	c18csc(C2=NC3c4csc(n4)C4NC(=O)c5csc(n5)C(C(C)(O)C(C)O)NC(=O)C5CSC(=N5)C=9NC(=O)C%10NC(=O)c5csc(n5)C3(CC2)NC(=O)C(C)NC(=O)C(=C)NC(=O)C(C)NC(=O)C%11NC2C=Cc3c%12cc(nc3C2O)C(=O)OC4C)n1.C=C(N6)C(N)=O.C6(=O)C(=C)N7.C%11(C)CC.C78=O.C%10(C)O.C%12(C)O.C=9C
WAY-213613	BRD-A20968261	NC(CC(=O)Nc1ccc(Oc2cc(F)c(F)cc2Br)cc1)C(=O)O	c15cc(F)c(F)cc1Br.NC(CC3=O)C(=O)O.c16ccc4cc1.N36.O45
naltriben	BRD-A21723284	Oc1ccc2c3c1OC1c4oc5ccccc5c4CC4(O)C(C2)N(CC2CC2)CCC314	Oc1ccc2c3c1OC1c4oc5ccccc5c4CC4(O)C(C2)N6CCC314.C17CC1.C67
praziquantel	BRD-A21858158	O=C(C1CCCCC1)N1CC(=O)N2CCc3ccccc3C2C1	N14CC(=O)N2CCc3ccccc3C2C1.C15CCCCC1.O=C45
estropipate	BRD-A22143024	CC12CCC3c4ccc(OS(=O)(=O)O)cc4CCC3C1CCC2=O	CC12CCC3c4ccc5cc4CCC3C1CCC2=O.O5S(=O)(=O)O
terazosin	BRD-A22256192	COc1cc2nc(N3CCN(C(=O)C4CCCO4)CC3)nc(N)c2cc1OC	c16cc2nc8nc(N)c2cc17.N18CCN5CC1.C19CCCO1.C59=O.CO6.O7C
pantoprazole	BRD-A22380646	COc1ccnc(CS(=O)c2nc3cc(OC(F)F)ccc3[nH]2)c1OC	C7S(=O)c1nc2cc5ccc2[nH]1.c14ccnc7c16.O5C(F)F.CO4.O6C
procaterol	BRD-A22684332	CCC(NC(C)C)C(O)c1ccc(O)c2[nH]c(=O)ccc12	c15ccc(O)c2[nH]c(=O)ccc12.CCC3C5O.C4(C)C.N34
SB-205384	BRD-A22707317	CC#CCOC(=O)c1c(C)nc2sc3c(c2c1N)CCC(O)C3	c16c(C)nc2sc3c(c2c1N)CCC(O)C3.CC#CC5.C46=O.O45
BVT-948	BRD-A22713669	CC1(C)C(=O)N=C2c3ccccc3C(=O)C(=O)C21	CC1(C)C(=O)N=C2c3ccccc3C(=O)C(=O)C21
homochlorcyclizine	BRD-A22769835	CN1CCCN(C(c2ccccc2)c2ccc(Cl)cc2)CC1	CN1CCCN3CC1.c15ccc(Cl)cc1.c14ccccc1.C345
tenoxicam	BRD-A22844106	CN1C(C(=O)Nc2ccccn2)C(=O)c2sccc2S1(=O)=O	CN1C5C(=O)c2sccc2S1(=O)=O.c14ccccn1.C35=O.N34
pheniramine	BRD-A23072235	CN(C)CCC(c1ccccc1)c1ccccn1	c14ccccc1.c13ccccn1.C2CC34.CN2C
westcort	BRD-A23290232	CCCCC(=O)OC1(C(=O)CO)CCC2C3CCC4=CC(=O)CCC4(C)C3C(O)CC21C	C167CCC2C3CCC4=CC(=O)CCC4(C)C3C(O)CC21C.CCCCC5=O.C7(=O)CO.O56
sibutramine	BRD-A23359898	CC(C)CC(N(C)C)C1(c2ccc(Cl)cc2)CCC1	c15ccc(Cl)cc1.CC(C)CC34.C145CCC1.N3(C)C
oxymetholone	BRD-A23637604	CC12CC(C=O)C(=O)CC1CCC1C2CCC2(C)C1CCC2(C)O	CC12CC(C=O)C(=O)CC1CCC1C2CCC2(C)C1CCC2(C)O
NAS-181	BRD-A23683907	C1=C(CN2CCOCC2)COc2c1cccc2OCC1CNCCO1	C1=C(C5)COc2c4cccc21.N15CCOCC1.C16CNCCO1.O34.C36
saclofen	BRD-A24122750	NCC(CS(=O)(=O)O)c1ccc(Cl)cc1	NCC2CS(=O)(=O)O.c12ccc(Cl)cc1
ifenprodil	BRD-A24191444	CC(C(O)c1ccc(O)cc1)N1CCC(Cc2ccccc2)CC1	c15ccc(O)cc1.N13CCC4CC1.c16ccccc1.CC3C5O.C46
ofloxacin	BRD-A24228527	CC1COc2c(N3CCN(C)CC3)c(F)cc3c(=O)c(C(=O)O)cn1c23	CC1COc2c4c(F)cc3c(=O)c5cn1c23.N14CCN(C)CC1.C5(=O)O
zeranol	BRD-A24381660	CC1CCCC(O)CCCCCc2cc(O)cc(O)c2C(=O)O1	CC1CCCC(O)CCCCCc2cc(O)cc(O)c2C(=O)O1
BE-2254	BRD-A24429032	O=C1c2ccccc2CCC1CNCCc1ccc(O)cc1	O=C1c2ccccc2CCC15.c16ccc(O)cc1.C4C6.C35.N34
warfarin	BRD-A24514565	CC(=O)CC(c1ccccc1)c1c(O)c2ccccc2oc1=O	c14c(O)c2ccccc2oc1=O.CC(=O)CC34.c13ccccc1
nornicotine	BRD-A24543851	c1cncc(C2CCCN2)c1	c1cncc3c1.C13CCCN1
laudanosine	BRD-A24817035	COc1ccc(CC2c3cc(OC)c(OC)cc3CCN2C)cc1OC	C8C1c2cc5c6cc2CCN1C.c14ccc8cc17.CO4.O5C.O6C.O7C
erastin	BRD-A25004090	CCOc1ccccc1-n1c(C(C)N2CCN(C(=O)COc3ccc(Cl)cc3)CC2)nc2ccccc2c1=O	n1%11c%10nc2ccccc2c1=O.c17ccccc1%11.N19CCN4CC1.c18ccc(Cl)cc1.C4(=O)C6.C9%10C.CC5.O57.O68
benzatropine	BRD-A25067867	CN1C2CCC1CC(OC(c1ccccc1)c1ccccc1)C2	CN1C2CCC1CC4C2.c15ccccc1.c16ccccc1.C356.O34
hydrocortisone-valerate	BRD-A25143711	CCCCC(=O)OC1(C(=O)CO)CCC2C3CCC4=CC(=O)CCC4(C)C3C(O)CC21C	C167CCC2C3CCC4=CC(=O)CCC4(C)C3C(O)CC21C.CCCCC5=O.C7(=O)CO.O56
aminoglutethimide	BRD-A25234499	CCC1(c2ccc(N)cc2)CCC(=O)NC1=O	C134CCC(=O)NC1=O.c14ccc(N)cc1.CC3
KI-16425	BRD-A25569250	Cc1noc(-c2ccc(CSCCC(=O)O)cc2)c1NC(=O)OC(C)c1ccccc1Cl	Cc1noc%11c18.c1%11ccc9cc1.c1%10ccccc1Cl.C7CC(=O)O.C34=O.C5%10C.C69.S67.N48.O35
streptozotocin	BRD-A25576662	CN([N+][O-])C(=O)NC1C(O)OC(CO)C(O)C1O	C13C(O)OC4C(O)C1O.CN([N+][O-])C2=O.N23.C4O
emetine	BRD-A25687296	CCC1CN2CCc3cc(OC)c(OC)cc3C2CC1CC1NCCc2cc(OC)c(OC)cc21	C18CN2CCc3cc4c5cc3C2CC19.C9C1NCCc2cc6c7cc21.CC8.O4C.O5C.O6C.O7C
securinine	BRD-A25775766	O=C1C=C2C=CC3CC2(O1)C1CCCCN31	O=C1C=C2C=CC3CC2(O1)C1CCCCN31
verrucarin-a	BRD-A26002865	CC1=CC2OC3CC4OC(=O)C=CC=CC(=O)OCCC(C)C(O)C(=O)OCC2(CC1)C4(C)C31CO1	CC1=CC2OC3CC4OC(=O)C=CC=CC(=O)OCCC(C)C(O)C(=O)OCC2(CC1)C4(C)C31CO1
zaldaride	BRD-A26032986	CC1(CN2CCC(n3c(=O)[nH]c4ccccc43)CC2)OCc2ccccc2-n2cccc21	CC1(C5)OCc2ccccc2-n2cccc21.n16c(=O)[nH]c2ccccc21.N15CCC6CC1
clobetasol	BRD-A26095496	CCC(=O)OC1(C(=O)CCl)C(C)CC2C3CCC4=CC(=O)C=CC4(C)C3(F)C(O)CC21C	C167C(C)CC2C3CCC4=CC(=O)C=CC4(C)C3(F)C(O)CC21C.CCC5=O.C7(=O)CCl.O56
bulleyaconitine-a	BRD-A26097136	CCN1CC2(COC)CCC(OC)C34C5CC6(O)C(OC)CC(OC(C)=O)(C5C6OC(=O)c5ccc(OC)cc5)C(C(OC)C23)C14	N18CC2%10CCC%13C34C5CC6(O)C%14CC%15(C5C6%16)C(C%17C23)C14.c19ccc%18cc1.C7(C)=O.C%119=O.CC8.C%12%10.O%12C.O%13C.O%14C.O7%15.O%11%16.O%18C.O%17C
propafenone	BRD-A26334849	CCCNCC(O)COc1ccccc1C(=O)CCc1ccccc1	c13ccccc16.c17ccccc1.C5C(O)C2.C6(=O)CC7.CCC4.N45.O23
chlorthalidone	BRD-A26384407	NS(=O)(=O)c1cc(C2(O)NC(=O)c3ccccc32)ccc1Cl	NS(=O)(=O)c1cc(C2(O)NC(=O)c3ccccc32)ccc1Cl
nicardipine	BRD-A26711594	COC(=O)C1=C(C)NC(C)=C(C(=O)OCCN(C)Cc2ccccc2)C1c1cccc([N+](=O)[O-])c1	C3(=O)C1=C(C)NC(C)=C(C4=O)C19.c19cccc([N+](=O)[O-])c1.c18ccccc1.C5C6.N67C.CO3.O45.C78
isamoltane	BRD-A26845397	CC(C)NCC(O)COc1ccccc1-n1cccc1	c13ccccc16.C5C(O)C2.n16cccc1.CC4C.N45.O23
diarylpropionitrile	BRD-A27143604	N#CC(Cc1ccc(O)cc1)c1ccc(O)cc1	c13ccc(O)cc1.c12ccc(O)cc1.N#CC2C3
rolitetracycline	BRD-A27489425	CN(C)C1C(=O)C(C(=O)NCN2CCCC2)C(=O)C2(O)C(=O)C3C(=O)c4c(O)cccc4C(C)(O)C3CC12	C16C(=O)C7C(=O)C2(O)C(=O)C3C(=O)c4c(O)cccc4C(C)(O)C3CC12.N5CN1CCCC1.CN6C.C57=O
altrenogest	BRD-A27554692	C=CCC1(O)CCC2C3CCC4=CC(=O)CCC4=C3C=CC21C	C15(O)CCC2C3CCC4=CC(=O)CCC4=C3C=CC21C.C=CC5
prednisolone	BRD-A27887842	CC12C=CC(=O)C=C1CCC1C2C(O)CC2(C)C1CCC2(O)C(=O)CO	CC12C=CC(=O)C=C1CCC1C2C(O)CC2(C)C1CCC23O.C3(=O)CO
cucurbitacin-i	BRD-A28105619	CC(C)(O)C=CC(=O)C(C)(O)C1C(O)CC2(C)C3CC=C4C(CC(=O)C(=O)C4(C)C)C3(C)C(=O)CC12C	C16C(O)CC2(C)C3CC=C4C(CC(=O)C(=O)C4(C)C)C3(C)C(=O)CC12C.C=5C(=O)C6(C)O.CC(C)(O)C=5
aminomethyltransferase	BRD-A28318179	CC1CCN=C(N)S1	CC1CCN=C(N)S1
L-689560	BRD-A28422058	O=C(Nc1ccccc1)NC1CC(C(=O)O)Nc2cc(Cl)cc(Cl)c21	N4C1CC6Nc2cc(Cl)cc(Cl)c21.c15ccccc1.O=C34.C6(=O)O.N35
paclitaxel	BRD-A28746609	CC(=O)OC1C(=O)C2(C)C(O)CC3OCC3(OC(C)=O)C2C(OC(=O)c2ccccc2)C2(O)CC(OC(=O)C(O)C(NC(=O)c3ccccc3)c3ccccc3)C(C)=C1C2(C)C	C1%13C(=O)C2(C)C(O)CC3OCC3%14C2C%15C2(O)CC%16C(C)=C1C2(C)C.C%11(=O)C(O)C58.c16ccccc1.c17ccccc1.c18ccccc1.CC4=O.C9(C)=O.C%106=O.C%127=O.O4%13.O9%14.O%10%15.O%11%16.N%125
tetrahydrozoline	BRD-A28856712	c1ccc2c(c1)CCCC2C1=NCCN1	c1ccc2c(c1)CCCC2C1=NCCN1
puromycin	BRD-A28970875	COc1ccc(CC(N)C(=O)NC2C(CO)OC(n3cnc4c(N(C)C)ncnc43)C2O)cc1	n1%11cnc2c7ncnc21.C18C9OC%11C1O.c16ccc%10cc1.C%10C(N)C5=O.N7(C)C.CO6.N58.C9O
gitoxigenin	BRD-A29082194	CC12CCC(O)CC1CCC1C2CCC2(C)C(C3=CC(=O)OC3)C(O)CC12O	CC12CCC(O)CC1CCC1C2CCC2(C)C(C3=CC(=O)OC3)C(O)CC12O
acebutolol	BRD-A29260609	CCCC(=O)Nc1ccc(OCC(O)CNC(C)C)c(C(C)=O)c1	c17ccc4c8c1.CCCC2=O.C3C(O)C5.C6(C)C.C8(C)=O.N27.O34.N56
PCA-4248	BRD-A29289453	COC(=O)C1=C(C)NC(C)=C(C(=O)OCCSc2ccccc2)C1C	C3(=O)C1=C(C)NC(C)=C(C4=O)C1C.c17ccccc1.C5C6.CO3.O45.S67
carbinoxamine	BRD-A29426959	CN(C)CCOC(c1ccc(Cl)cc1)c1ccccn1	c16ccc(Cl)cc1.c15ccccn1.CN4C.C4C2.C356.O23
RWJ-21757	BRD-A29437505	C=CCn1c(=O)n(C2OC(CO)C(O)C2O)c2nc(N)[nH]c(=O)c21	n13c(=O)n5c2nc(N)[nH]c(=O)c21.C15OC4C(O)C1O.C=CC3.C4O
bicalutamide	BRD-A29485665	CC(O)(CS(=O)(=O)c1ccc(F)cc1)C(=O)Nc1ccc(C#N)c(C(F)(F)F)c1	CC(O)(CS(=O)(=O)c1ccc(F)cc1)C2=O.c13ccc(C#N)c4c1.C4(F)(F)F.N23
nomifensine	BRD-A29644307	CN1Cc2c(N)cccc2C(c2ccccc2)C1	CN1Cc2c(N)cccc2C(c2ccccc2)C1
17-hydroxyprogesterone-caproate	BRD-A29731977	CCCCCC(=O)OC1(C(C)=O)CCC2C3CCC4=CC(=O)CCC4(C)C3CCC21C	C167CCC2C3CCC4=CC(=O)CCC4(C)C3CCC21C.CCCCCC5=O.C7(C)=O.O56
disopyramide	BRD-A29734509	CC(C)N(CCC(C(N)=O)(c1ccccc1)c1ccccn1)C(C)C	C3CC56C(N)=O.c16ccccc1.c15ccccn1.CC2C.N234.C4(C)C
KIN001-127	BRD-A29901043	COc1cc(C)c(Sc2cnc(NC(=O)c3ccc(CNC(C)C(C)C)cc3)s2)cc1C(=O)N1CCN(C(C)=O)CC1	c1%10cc(C)c7cc1%15.c1%14ccc5cc1.N18CCN9CC1.c16cnc%13s1.C%12(C)C(C)C.C4%14=O.C8%15=O.C9(C)=O.CO%10.S67.N4%13.C%115.N%11%12
ethotoin	BRD-A30205217	CCN1C(=O)NC(c2ccccc2)C1=O	N13C(=O)NC4C1=O.c14ccccc1.CC3
metergoline	BRD-A30435184	CN1CC(CNC(=O)OCc2ccccc2)CC2c3cccc4c3c(cn4C)CC21	CN1CC9CC2c3cccc4c3c(cn4C)CC21.c1%10ccccc1.C56=O.C89.N68.O57.C7%10
camptothecin	BRD-A30437061	CCC1(O)C(=O)OCc2c1cc1n(c2=O)Cc2cc3ccccc3nc2-1	CCC1(O)C(=O)OCc2c1cc1n(c2=O)Cc2cc3ccccc3nc2-1
MR-16728	BRD-A30590053	O=C(NCCCN1CCCCCC1)C(c1ccccc1)C1CCCCC1	N14CCCCCC1.c16ccccc1.C15CCCCC1.O=C2C56.C3CC4.N23
LFM-A13	BRD-A30655177	CC(=O)C(C#N)C(=O)Nc1cc(Br)ccc1Br	CC(=O)C(C#N)C2=O.c13cc(Br)ccc1Br.N23
felodipine	BRD-A30815329	CCOC(=O)C1=C(C)NC(C)=C(C(=O)OC)C1c1cccc(Cl)c1Cl	C2(=O)C1=C(C)NC(C)=C(C3=O)C15.c15cccc(Cl)c1Cl.CC4.O24.O3C
SDZ-WAG-994	BRD-A31007383	COC1C(O)C(CO)OC1n1cnc2c(NC3CCCCC3)ncnc21	n18cnc2c5ncnc21.C14C8OC7C1O.C16CCCCC1.CO4.C7O.N56
fluoxetine	BRD-A31159102	CNCCC(Oc1ccc(C(F)(F)F)cc1)c1ccccc1	c13ccc6cc1.c15ccccc1.C4CC25.C6(F)(F)F.CN4.O23
TCB2	BRD-A31195449	COc1cc(Br)c(OC)c2c1C(CN)C2	c13cc(Br)c4c2c1C(CN)C2.CO3.O4C
mitotane	BRD-A31204924	Clc1ccc(C(c2ccccc2Cl)C(Cl)Cl)cc1	Clc1ccc3cc1.c14ccccc1Cl.C34C(Cl)Cl
kynuramine	BRD-A31227688	NCC(N)C(=O)c1ccccc1	NCC(N)C2=O.c12ccccc1
montelukast	BRD-A31312900	CC(C)(O)c1ccccc1CCC(SCC1(CC(=O)O)CC1)c1cccc(C=Cc2ccc3ccc(Cl)cc3n2)c1	C=6c1ccc2ccc(Cl)cc2n1.c1%11cccc(C=6)c1.c19ccccc1%10.C%10CC4%11.CC9(C)O.C178CC1.C8C(=O)O.S45.C57
methocarbamol	BRD-A31521121	COc1ccccc1OCC(O)COC(N)=O	c15ccccc16.C3C(O)C4.C2(N)=O.CO5.O36.O24
CGP-20712	BRD-A31575449	Cn1cc(C(F)(F)F)nc1-c1ccc(OCC(O)CNCCOc2ccc(O)c(C(N)=O)c2)cc1	c16ccc(O)c9c1.Cn1cc%10nc1%11.c1%11ccc5cc1.C3C(O)C7.C%10(F)(F)F.C8C4.C9(N)=O.O35.N78.O46
procyclidine	BRD-A31800922	OC(CCN1CCCC1)(c1ccccc1)C1CCCCC1	OC34CC2.c14ccccc1.C13CCCCC1.N12CCCC1
formestane	BRD-A31801025	CC12CCC3C(CCC4C(=O)C(=O)CCC43C)C1CCC2=O	CC12CCC3C(CCC4C(=O)C(=O)CCC43C)C1CCC2=O
carbetocin	BRD-A32161980	CCC(C)C1NC(=O)C(Cc2ccc(OC)cc2)NC(=O)CCCSCC(C(=O)N2CCCC2C(=O)NC(C(=O)NCC(N)=O)C(C)(C)C)NC(=O)C(CC(N)=O)NC(=O)C(CCC(N)=O)NC1=O	C1%15NC(=O)C4NC(=O)CCCSCC%13NC(=O)C5NC(=O)C6NC1=O.C%11(C9=O)C(C)(C)C.c17ccc%10cc1.N13CCCC1%14.C6CC(N)=O.CCC%15C.C%12C(N)=O.C5C(N)=O.C3%13=O.C8%14=O.C47.O%10C.N8%11.N9%12
methyllycaconitine	BRD-A32164164	CCN1CC2(COC(=O)c3ccccc3N3C(=O)CC(C)C3=O)CCC(OC)C34C5CC6C(OC)CC(O)(C5C6OC)C(O)(C(OC)C23)C14	N1%14CC2%16CCC%10C34C5CC6C%11CC(O)(C5C6%12)C(O)(C%13C23)C14.N18C(=O)CC(C)C1=O.c1%15ccccc18.C7%15=O.CC%14.C9%16.O79.O%10C.O%11C.O%12C.O%13C
methyl-angolensate	BRD-A32349859	C=C1C2CCC3(C)C(c4ccoc4)OC(=O)CC13OC1CC(=O)C(C)(C)C(CC(=O)OC)C12C	C=C1C2CCC3(C)C7OC(=O)CC13OC1CC(=O)C(C)(C)C6C12C.c17ccoc1.C6C5=O.O5C
leu-enkephalin	BRD-A32836748	CC(C)CC(NC(=O)C(Cc1ccccc1)NC(=O)CNC(=O)CNC(=O)C(N)Cc1ccc(O)cc1)C(=O)O	CC(C)CC7C(=O)O.c13ccc(O)cc1.C2(=O)C8C%11.c1%11ccccc1.C6(=O)C(N)C3.C4(=O)C9.C5(=O)C%10.N27.N48.N59.N6%10
MRS-1845	BRD-A32949107	C#CCN1C(C)=C(C(=O)CCO)C(c2cccc(-n3oo3)c2)C(C(=O)OC)=C1C	N15C(C)=C(C4=O)C7C(C(=O)CCO)=C1C.c17cccc6c1.C#CC5.n16oo1.O4C
5'-guanidinonaltrindole	BRD-A33084410	N=C(N)Nc1ccc2[nH]c3c(c2c1)CC1(O)C2Cc4ccc(O)c5c4C1(CCN2CC1CC1)C3O5	c17ccc2[nH]c3c(c2c1)CC1(O)C2Cc4ccc(O)c5c4C1(CCN26)C3O5.N=C(N)N7.C18CC1.C68
sotalol	BRD-A33168282	CC(C)NCC(O)c1ccc(NS(C)(=O)=O)cc1	c16ccc5cc1.C3C6O.S4(C)(=O)=O.CC2C.N23.N45
oxfendazole	BRD-A33447119	COC(=O)Nc1nc2ccc(S(=O)c3ccccc3)cc2[nH]1	c16nc2ccc(S(=O)c3ccccc3)cc2[nH]1.C45=O.CO4.N56
metixene	BRD-A33711280	CN1CCCC(CC2c3ccccc3Sc3ccccc32)C1	C4C1c2ccccc2Sc2ccccc21.CN1CCCC4C1
TER-14687	BRD-A33833419	CN(C)CC1Cc2ccccc2C1=O	C14Cc2ccccc2C1=O.CN3C.C34
suloctidil	BRD-A34205397	CCCCCCCCNC(C)C(O)c1ccc(SC(C)C)cc1	CCCCCCCC2.c15ccc6cc1.C3(C)C5O.C4(C)C.N23.S46
VU-0404997-2	BRD-A34208323	CC1(c2ccccc2)CC(=O)N(c2ccc(NC(=O)c3ccccn3)cc2Cl)C1=O	CC18CC(=O)N7C1=O.c17ccc5cc1Cl.c18ccccc1.c16ccccn1.C46=O.N45
rolipram	BRD-A34255068	COc1ccc(C2CNC(=O)C2)cc1OC1CCCC1	c14ccc6cc15.C16CNC(=O)C1.C13CCCC1.CO4.O35
CGP-12177	BRD-A34706053	CC(C)(C)NCC(O)COc1cccc2[nH]c(=O)[nH]c12	c14cccc2[nH]c(=O)[nH]c12.C6C(O)C3.CC5(C)C.N56.O34
homosalate	BRD-A34751532	CC1CC(OC(=O)c2ccccc2O)CC(C)(C)C1	CC1CC4CC(C)(C)C1.c15ccccc1O.C35=O.O34
proscillaridin	BRD-A34806832	CC1OC(OC2C=C3CCC4C(CCC5(C)C(c6ccc(=O)oc6)CCC45O)C3(C)CC2)C(O)C(O)C1O	C18C=C2CCC3C(CCC4(C)C9CCC34O)C2(C)CC1.CC1OC7C(O)C(O)C1O.c19ccc(=O)oc1.O78
itraconazole	BRD-A34817987	CCC(C)n1ncn(-c2ccc(N3CCN(c4ccc(OCC5COC(Cn6cncn6)(c6ccc(Cl)cc6Cl)O5)cc4)CC3)cc2)c1=O	c18ccc(Cl)cc1Cl.n1%12ncn%16c1=O.c1%16ccc%10cc1.N1%10CCN%11CC1.c1%11ccc9cc1.C1%14COC%158O1.n1%13cncn1.CCC%12C.O79.C7%14.C%13%15
eriodictyol	BRD-A35033682	O=C1CC(c2ccc(O)c(O)c2)Oc2cc(O)cc(O)c21	O=C1CC3Oc2cc(O)cc(O)c21.c13ccc(O)c(O)c1
dexamethasone	BRD-A35108200	CC1CC2C3CCC4=CC(=O)C=CC4(C)C3(F)C(O)CC2(C)C1(O)C(=O)CO	CC1CC2C3CCC4=CC(=O)C=CC4(C)C3(F)C(O)CC2(C)C15O.C5(=O)CO
NECA	BRD-A35338386	CCNC(=O)C1OC(n2cnc3c(N)ncnc32)C(O)C1O	n17cnc2c(N)ncnc21.C16OC7C(O)C1O.C46=O.CC5.N45
L-803087	BRD-A35511923	COC(=O)C(CCCNC(=N)N)NC(=O)CCCc1c(-c2ccccc2)[nH]c2c(F)cc(F)cc12	c17c8[nH]c2c(F)cc(F)cc12.C3(=O)C5CCC6.C4(=O)CCC7.c18ccccc1.N6C(=N)N.CO3.N45
benidipine	BRD-A35519318	COC(=O)C1C(C)=NC(C)=C(C(=O)OC2CCCN(Cc3ccccc3)C2)C1c1cccc([N+](=O)[O-])c1	C18C(C)=NC(C)=C(C5=O)C1%10.c1%10cccc([N+](=O)[O-])c1.C16CCCN7C1.c19ccccc1.C48=O.CO4.O56.C79
teniposide	BRD-A35588707	COc1cc(C2c3cc4c(cc3C(OC3OC5COC(c6cccs6)OC5C(O)C3O)C3COC(=O)C23)OCO4)cc(OC)c1O	c18cc(C2c3cc4c(cc3C(O7)C3COC(=O)C23)OCO4)cc9c1O.C17OC2COC%10OC2C(O)C1O.c1%10cccs1.CO8.O9C
CGP-37157	BRD-A35623999	O=C1CSC(c2ccccc2Cl)c2cc(Cl)ccc2N1	O=C1CSC(c2ccccc2Cl)c2cc(Cl)ccc2N1
pregnenolone-succinate	BRD-A35912562	CC(=O)C1CCC2C3CC=C4CC(OC(=O)CCC(=O)O)CCC4(C)C3CCC12C	C17CCC2C3CC=C4CC6CCC4(C)C3CCC12C.C5(=O)CCC(=O)O.CC7=O.O56
megestrol-acetate	BRD-A35989968	CC(=O)OC1(C(C)=O)CCC2C3C=C(C)C4=CC(=O)CCC4(C)C3CCC21C	C167CCC2C3C=C(C)C4=CC(=O)CCC4(C)C3CCC21C.CC5=O.C7(C)=O.O56
estradiol-benzoate	BRD-A36066264	CC12CCC3c4ccc(OC(=O)c5ccccc5)cc4CCC3C1CCC2O	CC12CCC3c4ccc7cc4CCC3C1CCC2O.c18ccccc1.C68=O.O67
remacemide	BRD-A36074203	CC(Cc1ccccc1)(NC(=O)CN)c1ccccc1	c15ccccc1.c14ccccc1.CC34C5.C2(=O)CN.N23
sulfinpyrazone	BRD-A36217750	O=C1C(CCS(=O)c2ccccc2)C(=O)N(c2ccccc2)N1c1ccccc1	C3CS(=O)c1ccccc1.O=C1C3C(=O)N4N15.c14ccccc1.c15ccccc1
buphenine	BRD-A36267905	CC(CCc1ccccc1)NC(C)C(O)c1ccc(O)cc1	c15ccc(O)cc1.c14ccccc1.CC2CC4.C3(C)C5O.N23
necrostatin-1	BRD-A36318220	CN1C(=O)C(Cc2c[nH]c3ccccc23)NC1=S	c15c[nH]c2ccccc12.CN1C(=O)C4NC1=S.C45
biperiden	BRD-A36471396	OC(CCN1CCCCC1)(c1ccccc1)C1CC2C=CC1C2	C14CC2C=CC1C2.OC45CC3.N13CCCCC1.c15ccccc1
SN-38	BRD-A36630025	CCc1c2c(nc3ccc(O)cc13)-c1cc3c(c(=O)n1C2)COC(=O)C3(O)CC	c14c2c(nc3ccc(O)cc13)-c1cc3c(c(=O)n1C2)COC(=O)C3(O)CC.CC4
hydroxycholesterol	BRD-A36707673	CC(C)C(O)CCC(C)C1CCC2C3CC=C4CC(O)CCC4(C)C3CCC12C	C15CCC2C3CC=C4CC(O)CCC4(C)C3CCC12C.CC(C)C(O)CCC5C
physostigmine	BRD-A37052580	CNC(=O)Oc1ccc2c(c1)C1(C)CCN(C)C1N2C	c15ccc2c(c1)C1(C)CCN(C)C1N2C.C34=O.CN4.O35
BRL-52537	BRD-A37347161	O=C(Cc1ccc(Cl)c(Cl)c1)N1CCCCC1CN1CCCC1	c15ccc(Cl)c(Cl)c1.N12CCCCC14.N13CCCC1.O=C2C5.C34
iocetamic-acid	BRD-A37492983	CC(=O)N(CC(C)C(=O)O)c1c(I)cc(I)c(N)c1I	c14c(I)cc(I)c(N)c1I.C3C(C)C(=O)O.CC2=O.N234
ICI-204448	BRD-A37776212	CN(C(=O)Cc1ccc(Cl)c(Cl)c1)C(CN1CCCC1)c1cccc(OCC(=O)O)c1	c17ccc(Cl)c(Cl)c1.c18cccc4c1.N16CCCC1.C2(=O)C7.C58C6.C3C(=O)O.CN25.O34
picrotoxin	BRD-A37817666	C=C(C)C1C2OC(=O)C1C1(O)CC3OC34C(=O)OC2C14C	C=C(C)C1C2OC(=O)C1C1(O)CC3OC34C(=O)OC2C14C
cyclazosin	BRD-A37837077	COc1cc2nc(N3CCN(C(=O)c4ccco4)C4CCCCC43)nc(N)c2cc1OC	c16cc2nc8nc(N)c2cc17.N18CCN5C2CCCCC21.c19ccco1.C59=O.CO6.O7C
cyclosporin-a	BRD-A38030642	CC=CCC(C)C(O)C1C(=O)NC(CC)C(=O)N(C)CC(=O)N(C)C(CC(C)C)C(=O)NC(C(C)C)C(=O)N(C)C(CC(C)C)C(=O)NC(C)C(=O)NC(C)C(=O)N(C)C(CC(C)C)C(=O)N(C)C(CC(C)C)C(=O)N(C)C(C(C)C)C(=O)N1C	C13C(=O)NC4C(=O)N(C)CC(=O)N(C)C5C(=O)NC6C(=O)N(C)C7C(=O)NC(C)C(=O)NC(C)C(=O)N(C)C8C(=O)N(C)C9C(=O)N(C)C%10C(=O)N1C.C=2CC(C)C3O.C5C(C)C.C7C(C)C.C8C(C)C.C9C(C)C.C6(C)C.C%10(C)C.CC=2.C4C
KU-14R	BRD-A38747044	CCC1(c2ncc[nH]2)Cc2ccccc2O1	C134Cc2ccccc2O1.c14ncc[nH]1.CC3
fludrocortisone-acetate	BRD-A38749782	CC(=O)OCC(=O)C1(O)CCC2C3CCC4=CC(=O)CCC4(C)C3(F)C(O)CC21C	C17(O)CCC2C3CCC4=CC(=O)CCC4(C)C3(F)C(O)CC21C.C6C7=O.CC5=O.O56
GW-311616	BRD-A38898897	CC(C)C1C(=O)N(S(C)(=O)=O)C2CCN(C(=O)C=CCN3CCCCC3)C12	C17C(=O)N(S(C)(=O)=O)C2CCN4C12.N15CCCCC1.C4(=O)C=6.CC7C.C=6C5
BH3I-1	BRD-A38913120	CC(C)C(C(=O)O)N1C(=O)C(=Cc2ccc(Br)cc2)SC1=S	N14C(=O)C=3SC1=S.C=3c1ccc(Br)cc1.CC(C)C4C(=O)O
mosapride	BRD-A39052811	CCOc1cc(N)c(Cl)cc1C(=O)NCC1CN(Cc2ccc(F)cc2)CCO1	c15cc(N)c(Cl)cc18.C19CN7CCO1.c1%10ccc(F)cc1.C38=O.CC4.O45.N36.C69.C7%10
ampiroxicam	BRD-A39172021	CCOC(=O)OC(C)OC1=C(C(=O)Nc2ccccn2)N(C)S(=O)(=O)c2ccccc21	O8C1=C(C5=O)N(C)S(=O)(=O)c2ccccc21.c19ccccn1.C34=O.C78C.CC6.O36.O47.N59
chlorphenesin-carbamate	BRD-A39230911	NC(=O)OCC(O)COc1ccc(Cl)cc1	c15ccc(Cl)cc1.C3C(O)C4.NC2=O.O23.O45
DCPIB	BRD-A39255369	CCCCC1(C2CCCC2)Cc2cc(OCCCC(=O)O)c(Cl)c(Cl)c2C1=O	C15(C2CCCC2)Cc2cc4c(Cl)c(Cl)c2C1=O.C3CCC(=O)O.CCCC5.O34
epibatidine	BRD-A39268308	Clc1ccc(C2CC3CCC2N3)cn1	Clc1ccc4cn1.C14CC2CCC1N2
cyproterone	BRD-A39290993	CC(=O)OC1(C(C)=O)CCC2C3C=C(Cl)C4=CC(=O)C5CC5C4(C)C3CCC21C	C178CCC2C3C=C(Cl)C4=CC(=O)C5CC5C4(C)C3CCC21C.CC6=O.C8(C)=O.O67
rabeprazole	BRD-A39390670	COCCCOc1ccnc(CS(=O)c2nc3ccccc3[nH]2)c1C	C7S(=O)c1nc2ccccc2[nH]1.c16ccnc7c1C.C4CC5.CO4.O56
norethisterone	BRD-A39415247	C#CC1(O)CCC2C3CCC4=CC(=O)CCC4C3CCC21C	C#CC1(O)CCC2C3CCC4=CC(=O)CCC4C3CCC21C
OMDM-2	BRD-A39522003	CCCCCCCCC=CCCCCCCCC(=O)NC(CO)Cc1ccc(O)cc1	C=4CCCCCCCC2=O.CCCCCCCCC=4.c15ccc(O)cc1.C3(C5)CO.N23
HC-toxin	BRD-A39646320	CC1NC(=O)C(C)NC(=O)C2CCCN2C(=O)C(CCCCCC(=O)C2CO2)NC1=O	CC1NC(=O)C(C)NC(=O)C2CCCN2C(=O)C4NC1=O.C4CCCCC3=O.C13CO1
estradiol-valerate	BRD-A39747742	CCCCC(=O)OC1CCC2C3CCc4cc(O)ccc4C3CCC12C	C16CCC2C3CCc4cc(O)ccc4C3CCC12C.CCCCC5=O.O56
eplerenone	BRD-A39969961	COC(=O)C1CC2=CC(=O)CCC2(C)C23OC2CC2(C)C(CCC24CCC(=O)O4)C13	C16CC2=CC(=O)CCC2(C)C23OC2CC2(C)C(CCC24CCC(=O)O4)C13.C56=O.CO5
ketorolac	BRD-A40639672	O=C(c1ccccc1)c1ccc2n1CCC2C(=O)O	c13ccc2n1CCC2C(=O)O.c14ccccc1.O=C34
oleanolic-acid	BRD-A41112154	CC(=O)OC1CCC2(C)C(CCC3(C)C2CC=C2C4CC(C)(C)CCC4(C(=O)O)CCC23C)C1(C)C	C16CCC2(C)C(CCC3(C)C2CC=C2C4CC(C)(C)CCC47CCC23C)C1(C)C.CC5=O.C7(=O)O.O56
methoprene-acid	BRD-A41145729	COC(C)(C)CCCC(C)CC=CC(C)=CC(=O)O	C1(C)(C)CCCC(C)CC=2.C=2C=3C.C=3C(=O)O.CO1
cyclopenthiazide	BRD-A41250306	NS(=O)(=O)c1cc2c(cc1Cl)NC(CC1CCCC1)NS2(=O)=O	NS(=O)(=O)c1cc2c(cc1Cl)NC3NS2(=O)=O.C14CCCC1.C34
bongkrek-acid	BRD-A41301928	COC(CC=CC=CCCC=CCC(C)C=CC(=CC(=O)O)CC(=O)O)C(C)=CC=C(C)C(=O)O	C1(CC=2)C=7C.C=5C=6CC(=O)O.C=4CC(C)C=5.C=3CCC=4.C=8(C)C(=O)O.C=6C(=O)O.C=2C=3.C=7C=8.CO1
practolol	BRD-A41304429	CC(=O)Nc1ccc(OCC(O)CNC(C)C)cc1	c17ccc4cc1.C3C(O)C5.CC2=O.C6(C)C.N27.O34.N56
tosufloxacin	BRD-A41450521	NC1CCN(c2nc3c(cc2F)c(=O)c(C(=O)O)cn3-c2ccc(F)cc2F)C1	c14nc2c(cc1F)c(=O)c5cn26.c16ccc(F)cc1F.NC1CCN4C1.C5(=O)O
PK-11195	BRD-A41451487	CCC(C)N(C)C(=O)c1cc2ccccc2c(-c2ccccc2Cl)n1	c15cc2ccccc2c6n1.c16ccccc1Cl.CCC4C.N34C.C35=O
ezetimibe	BRD-A41519720	O=C1C(CCC(O)c2ccc(F)cc2)C(c2ccc(O)cc2)N1c1ccc(F)cc1	O=C1C3C6N15.c14ccc(F)cc1.c16ccc(O)cc1.c15ccc(F)cc1.C3CC4O
chlortetracycline	BRD-A41555725	CN(C)C1C(=O)C(C(N)=O)C(=O)C2(O)C(=O)C3C(=O)c4c(O)ccc(Cl)c4C(C)(O)C3CC12	C15C(=O)C6C(=O)C2(O)C(=O)C3C(=O)c4c(O)ccc(Cl)c4C(C)(O)C3CC12.CN5C.C6(N)=O
TGX-221	BRD-A41692738	Cc1cc(C(C)Nc2ccccc2)c2nc(N3CCOCC3)cc(=O)n2c1	Cc1cc7c2nc5cc(=O)n2c1.c16ccccc1.N15CCOCC1.C47C.N46
sulmazole	BRD-A41722204	COc1cc(S(C)=O)ccc1-c1nc2ccncc2[nH]1	c13cc(S(C)=O)ccc14.c14nc2ccncc2[nH]1.CO3
naloxone	BRD-A41833852	C=CCN1CCC23c4c5ccc(O)c4OC2C(=NNC(=O)c2ccccc2)CCC3(O)C1C5	N16CCC23c4c5ccc(O)c4OC2C(=NNC7=O)CCC3(O)C1C5.c17ccccc1.C=CC6
vitexin	BRD-A41941932	O=c1cc(-c2ccc(O)cc2)oc2c(C3OC(CO)C(O)C(O)C3O)c(O)cc(O)c12	O=c1cc6oc2c5c(O)cc(O)c12.C15OC4C(O)C(O)C1O.c16ccc(O)cc1.C4O
brucine	BRD-A41995253	COc1cc2c(cc1OC)C13CCN4CC5=CCOC6CC(=O)N2C1C6C5CC43	c17cc2c(cc18)C13CCN4CC5=CCOC6CC(=O)N2C1C6C5CC43.CO7.O8C
carteolol	BRD-A42167015	CC(C)(C)NCC(O)COc1cccc2c1CCC(=O)N2	c14cccc2c1CCC(=O)N2.C6C(O)C3.CC5(C)C.N56.O34
metanephrine	BRD-A42346008	CNCC(O)c1ccc(O)c(OC)c1	c14ccc(O)c2c1.C3C4O.CN3.O2C
benproperine	BRD-A42423104	CC(COc1ccccc1Cc1ccccc1)N1CCCCC1	c13ccccc15.c16ccccc1.N14CCCCC1.CC4C2.O23.C56
L-152804	BRD-A42553870	CC1(C)CC(=O)C(C2C3=C(CC(C)(C)CC3=O)Oc3ccccc32)C(=O)C1	CC1(C)CC(=O)C(C2C3=C(CC(C)(C)CC3=O)Oc3ccccc32)C(=O)C1
cetirizine	BRD-A42571354	O=C(O)COCCN1CCN(C(c2ccccc2)c2ccc(Cl)cc2)CC1	N15CCN6CC1.c18ccc(Cl)cc1.c17ccccc1.O=C(O)C3.C4C5.C678.O34
iopanoic-acid	BRD-A42628519	CCC(Cc1c(I)cc(I)c(N)c1I)C(=O)O	c12c(I)cc(I)c(N)c1I.CCC(C2)C(=O)O
ornidazole	BRD-A42759514	Cc1ncc([N+](=O)[O-])n1CC(O)CCl	Cc1ncc([N+](=O)[O-])n12.C2C(O)CCl
tetrahydrocannabinol-7-oic-acid	BRD-A42831637	CCCCCc1cc(O)c2c(c1)OC(C)(C)C1CCC(C(=O)O)=CC21	c13cc(O)c2c(c1)OC(C)(C)C1CCC(C(=O)O)=CC21.CCCCC3
loxoprofen	BRD-A43082555	CC(C(=O)O)c1ccc(CC2CCCC2=O)cc1	c14ccc5cc1.C13CCCC1=O.CC4C(=O)O.C35
penicillic-acid	BRD-A43150328	C=C(C)C1(O)OC(=O)C=C1OC	C=C(C)C1(O)OC(=O)C=C1OC
niguldipine	BRD-A43331270	CCCN1C(C)=C(C(=O)OC)C(c2cccc([N+](=O)[O-])c2)C(C(=O)ON2CCC(c3ccccc3)(c3ccccc3)CC2)=C1C	N16C(C)=C(C4=O)C7C(C5=O)=C1C.c17cccc([N+](=O)[O-])c1.O5N1CCC89CC1.c18ccccc1.c19ccccc1.CCC6.O4C
oxprenolol	BRD-A43671941	C=CCOc1ccccc1OCC(O)CNC(C)C	c14ccccc15.C3C(O)C6.C=CC2.C7(C)C.O24.O35.N67
karakoline	BRD-A43849199	CCN1CC2(C)CCC(O)C34C5CC6C(OC)CC(O)(C(CC23)C14)C5C6O	N18CC2(C)CCC(O)C34C5CC6C7CC(O)(C(CC23)C14)C5C6O.CC8.O7C
pinacidil	BRD-A43882281	CC(NC(=NC#N)Nc1ccncc1)C(C)(C)C	N2C(=NC#N)N3.CC2C(C)(C)C.c13ccncc1
L-368899	BRD-A43930669	Cc1ccccc1N1CCN(S(=O)(=O)CC23CCC(CC2NC(=O)C(N)CCS(C)(=O)=O)C3(C)C)CC1	C128CCC(CC17)C2(C)C.C4(=O)C(N)CCS(C)(=O)=O.Cc1ccccc16.N16CCN5CC1.S5(=O)(=O)C8.N47
tetrahydropalmatine	BRD-A43940795	COc1cc2c(cc1OC)C1Cc3ccc(OC)c(OC)c3CN1CC2	c14cc2c(cc15)C1Cc3ccc6c7c3CN1CC2.CO4.O5C.O6C.O7C
reboxetine	BRD-A43974499	CCOc1ccccc1OC(c1ccccc1)C1CNCCO1	c14ccccc15.c17ccccc1.C16CNCCO1.C367.CC2.O24.O35
tranylcypromine	BRD-A43974575	NC1CC1c1ccccc1	c12ccccc1.NC1CC12
doxylamine	BRD-A44008656	CN(C)CCOC(C)(c1ccccc1)c1ccccn1	c16ccccc1.c15ccccn1.C356C.CN4C.C4C2.O23
indoprofen	BRD-A44090213	CC(C(=O)O)c1ccc(N2Cc3ccccc3C2=O)cc1	N15Cc2ccccc2C1=O.c14ccc5cc1.CC4C(=O)O
azasetron	BRD-A44133049	CN1C(=O)COc2c(C(=O)NC3CN4CCC3CC4)cc(Cl)cc21	CN1C(=O)COc2c7cc(Cl)cc21.C16CN2CCC1CC2.C57=O.N56
pentobarbital	BRD-A44448661	CCCC(C)C1(CC)C(=O)NC(=O)NC1=O	C123C(=O)NC(=O)NC1=O.CCCC2C.C3C
LFM-A12	BRD-A44551378	CC(=O)C(C#N)C(=O)Nc1ccc(OC(F)(F)F)cc1	CC(=O)C(C#N)C2=O.c14ccc3cc1.O3C(F)(F)F.N24
mifepristone	BRD-A44780397	CC#CC1(O)CCC2C3CCC4=CC(=O)CCC4=C3C(c3ccc(N(C)C)cc3)CC21C	CC#CC1(O)CCC2C3CCC4=CC(=O)CCC4=C3C6CC21C.c16ccc5cc1.N5(C)C
meclocycline	BRD-A45140972	C=C1c2c(Cl)ccc(O)c2C(=O)C2C(=O)C3(O)C(=O)C(C(N)=O)C(=O)C(N(C)C)C3C(O)C12	C=C1c2c(Cl)ccc(O)c2C(=O)C2C(=O)C3(O)C(=O)C5C(=O)C4C3C(O)C12.C5(N)=O.N4(C)C
periplocymarin	BRD-A45333398	COC1CC(OC2CCC3(C)C4CCC5(C)C(C6=CC(=O)OC6)CCC5(O)C4CCC3(O)C2)OC(C)C1O	C19CCC2(C)C3CCC4(C)C(C5=CC(=O)OC5)CCC4(O)C3CCC2(O)C1.C18CC7OC(C)C1O.CO8.O79
WYE-125132	BRD-A45498368	CNC(=O)Nc1ccc(-c2nc(N3CC4CCC(C3)O4)c3cnn(C4CCC5(CC4)OCCO5)c3n2)cc1	c1%11nc8c2cnn%10c2n1.C1%10CCC2(CC1)OCCO2.N18CC2CCC(C1)O2.c19ccc%11cc1.C67=O.CN6.N79
UBP-302	BRD-A45499626	NC(Cn1ccc(=O)n(Cc2ccccc2C(=O)O)c1=O)C(=O)O	n14ccc(=O)n5c1=O.c16ccccc13.NC(C4)C(=O)O.C3(=O)O.C56
metrizamide	BRD-A45543382	CC(=O)Nc1c(I)c(C(=O)NC2C(O)OC(CO)C(O)C2O)c(I)c(N(C)C(C)=O)c1I	c16c(I)c7c(I)c9c1I.C18C(O)OC%10C(O)C1O.CC3=O.C49=O.N57C.C5(C)=O.N36.N48.C%10O
iloprost	BRD-A45664787	CC#CCC(C)C(O)C=CC1C(O)CC2CC(=CCCCC(=O)O)CC21	C=3C1C(O)CC2CC=4CC21.CC#CCC(C)C(O)C=3.C=4CCCC(=O)O
mepacrine	BRD-A45889380	CCN(CC)CCCC(C)Nc1c2ccc(Cl)cc2nc2ccc(OC)cc12	c18c2ccc(Cl)cc2nc2ccc3cc12.C6CCC7C.N456.CC4.C5C.N78.O3C
doxapram	BRD-A46179541	CCN1CC(CCN2CCOCC2)C(c2ccccc2)(c2ccccc2)C1=O	N14CC5C67C1=O.N13CCOCC1.c16ccccc1.c17ccccc1.C5C3.CC4
hydrocortisone-phosphate	BRD-A46186775	CC12CCC(=O)C=C1CCC1C2C(O)CC2(C)C1CCC2(O)C(=O)COP(=O)(O)O	CC12CCC(=O)C=C1CCC1C2C(O)CC2(C)C1CCC24O.O3P(=O)(O)O.C4(=O)C3
tetramisole	BRD-A46393198	c1ccc(C2CN3CCSC3=N2)cc1	C14CN2CCSC2=N1.c1ccc4cc1
dihydro-7-desacetyldeoxygedunin	BRD-A47144777	CC1(C)C(=O)CCC2(C)C1CC(O)C1(C)C3=CC(=O)OC(c4ccoc4)C3(C)CCC21	CC1(C)C(=O)CCC2(C)C1CC(O)C1(C)C3=CC(=O)OC5C3(C)CCC21.c15ccoc1
dipivefrine	BRD-A47494775	CNCC(O)c1ccc(OC(=O)C(C)(C)C)c(OC(=O)C(C)(C)C)c1	c17ccc4c5c1.C2(=O)C(C)(C)C.C3(=O)C(C)(C)C.C6C7O.CN6.O24.O35
calyculin	BRD-A47513740	COCC(C(O)C(O)C(=O)NCCC(C)c1nc(C=CCC2OC3(CC(O)C2C)OC(C(CC(O)C(C)C(O)C(C)C=C(C)C(C)=CC=CC(C)=CC#N)OC)C(OP(=O)(O)O)C3(C)C)co1)N(C)C	C17OC2(CC(O)C1C)OC8C%12C2(C)C.C%118CC(O)C(C)C(O)C(C)C=%16.C%10C%13C(O)C(O)C4=O.c19nc(C=%15)co1.C%14CC9C.C=%16(C)C=%17C.O%12P(=O)(O)O.C=5C=6C.C=%15C7.C=%17C=5.C=6C#N.N%13(C)C.CO%10.N4%14.O%11C
citalopram	BRD-A47598013	CN(C)CCCC1(c2ccc(F)cc2)OCc2cc(C#N)ccc21	C3CCC1(c2ccc(F)cc2)OCc2cc(C#N)ccc21.CN3C
NPC-15199	BRD-A47633927	CC(C)CC(NC(=O)OCC1c2ccccc2-c2ccccc21)C(=O)O	C5C1c2ccccc2-c2ccccc21.CC(C)CC6C(=O)O.C34=O.N46.O35
buthionine-sulfoximine	BRD-A47706533	CCCCS(=N)(=O)CCC(N)C(=O)O	CCCCS(=N)(=O)CCC(N)C(=O)O
artesunate	BRD-A47829399	CC1CCC2C(C)C(OC(=O)CCC(=O)O)OC3OC4(C)CCC1C32OO4	CC1CCC2C(C)C6OC3OC4(C)CCC1C32OO4.C5(=O)CCC(=O)O.O56
mitomycin-c	BRD-A48237631	COC12C(COC(N)=O)C3=C(C(=O)C(C)=C(N)C3=O)N1CC1NC12	C126C7C3=C(C(=O)C(C)=C(N)C3=O)N1CC1NC12.C4(N)=O.CO6.C57.O45
PHCCC	BRD-A48257147	O=C(Nc1ccccc1)C12CC1C(=NO)c1ccccc1O2	C125CC1C(=NO)c1ccccc1O2.c14ccccc1.O=C35.N34
argatroban	BRD-A48261811	CC1CNc2c(cccc2S(=O)(=O)NC(CCCN=C(N)N)C(=O)N2CCC(C)CC2C(=O)O)C1	CC1CNc2c(cccc2S5(=O)=O)C1.C4(CCCN=C(N)N)C3=O.N13CCC(C)CC16.C6(=O)O.N45
pioglitazone	BRD-A48430263	CCc1ccc(CCOc2ccc(CC3SC(=O)NC3=O)cc2)nc1	c18ccc7nc1.c15ccc9cc1.C16SC(=O)NC1=O.C7C4.CC8.O45.C69
ivermectin	BRD-A48570745	CCC(C)C1OC2(CCC1C)CC1CC(CC=C(C)C(OC3CC(OC)C(OC4CC(OC)C(O)C(C)O4)C(C)O3)C(C)C=CC=C3COC4C(O)C(C)=CC(C(=O)O1)C34O)O2	C1%11OC2(CCC1C)CC1CC(CC=C(C)C7C(C)C=CC=C3COC4C(O)C(C)=CC(C(=O)O1)C34O)O2.C15CC8C9C(C)O1.C16CC%10C(O)C(C)O1.CCC%11C.O57.O8C.O69.O%10C
testosterone-propionate	BRD-A48720949	CCC(=O)OC1CCC2C3CCC4=CC(=O)CCC4(C)C3CCC12C	C16CCC2C3CCC4=CC(=O)CCC4(C)C3CCC12C.CCC5=O.O56
IB-MECA	BRD-A48809242	CNC(=O)C1OC(n2cnc3c(NCc4cccc(I)c4)ncnc32)C(O)C1O	n1%10cnc2c7ncnc21.C18OC%10C(O)C1O.c19cccc(I)c1.C58=O.CN5.N67.C69
SKF-89976A	BRD-A49046702	O=C(O)C1CCCN(CCC=C(c2ccccc2)c2ccccc2)C1	C=5(c1ccccc1)c1ccccc1.C14CCCN3C1.C3CC=5.O=C4O
donepezil	BRD-A49160188	COc1cc2c(cc1OC)C(=O)C(CC1CCN(Cc3ccccc3)CC1)C2	c14cc2c(cc15)C(=O)C7C2.C18CCN6CC1.c19ccccc1.CO4.O5C.C78.C69
lansoprazole	BRD-A49172652	Cc1c(OCC(F)(F)F)ccnc1CS(=O)c1nc2ccccc2[nH]1	C5S(=O)c1nc2ccccc2[nH]1.Cc1c4ccnc15.C3C(F)(F)F.O34
alimemazine	BRD-A49225603	CC(CN(C)C)CN1c2ccccc2Sc2ccccc21	N14c2ccccc2Sc2ccccc21.CC(C3)C4.N3(C)C
ciprofibrate	BRD-A49358627	CC(C)(Oc1ccc(C2CC2(Cl)Cl)cc1)C(=O)O	c14ccc5cc1.CC3(C)C(=O)O.C15CC1(Cl)Cl.O34
Ro-60-0175	BRD-A49370193	CC(N)Cn1ccc2cc(F)c(Cl)cc21	n13ccc2cc(F)c(Cl)cc21.CC(N)C3
foliosidine	BRD-A49734948	COc1cc(=O)n(C)c2c(OCC(O)C(C)(C)O)cccc12	c14cc(=O)n(C)c2c5cccc12.C3C(O)C(C)(C)O.CO4.O35
fludroxycortide	BRD-A49765801	CC1(C)OC2CC3C4CC(F)C5=CC(=O)CCC5(C)C4C(O)CC3(C)C2(C(=O)CO)O1	CC1(C)OC2CC3C4CC(F)C5=CC(=O)CCC5(C)C4C(O)CC3(C)C26O1.C6(=O)CO
scopolamine-n-oxide	BRD-A49906757	C[N+]1([O-])C2CC(OC(=O)C(CO)c3ccccc3)CC1C1OC12	C[N+]1([O-])C2CC5CC1C1OC12.C4(=O)C6CO.c16ccccc1.O45
terbutaline	BRD-A50157456	CC(C)(C)NCC(O)c1cc(O)cc(O)c1	c14cc(O)cc(O)c1.CC2(C)C.C3C4O.N23
meclizine	BRD-A50311610	Cc1cccc(CN2CCN(C(c3ccccc3)c3ccc(Cl)cc3)CC2)c1	Cc1cccc6c1.N14CCN5CC1.c18ccc(Cl)cc1.c17ccccc1.C578.C46
fipronil	BRD-A50675702	N#Cc1nn(-c2c(Cl)cc(C(F)(F)F)cc2Cl)c(N)c1S(=O)C(F)(F)F	N#Cc1nn4c(N)c1S(=O)C(F)(F)F.c14c(Cl)cc3cc1Cl.C3(F)(F)F
fenoldopam	BRD-A50684349	Oc1ccc(C2CNCCc3c2cc(O)c(O)c3Cl)cc1	Oc1ccc(C2CNCCc3c2cc(O)c(O)c3Cl)cc1
CGK-733	BRD-A50737080	O=C(NC(NC(=S)Nc1ccc(F)c([N+](=O)[O-])c1)C(Cl)(Cl)Cl)C(c1ccccc1)c1ccccc1	c15ccc(F)c([N+](=O)[O-])c1.C34C(Cl)(Cl)Cl.c16ccccc1.c17ccccc1.O=C2C67.N4C(=S)N5.N23
MDL-73005EF	BRD-A50764878	O=C1CC2(CCCC2)CC(=O)N1CCNCC1COc2ccccc2O1	O=C1CC2(CCCC2)CC(=O)N15.C16COc2ccccc2O1.C5C3.N34.C46
norgestrel	BRD-A50928468	C#CC1(O)CCC2C3CCC4=CC(=O)CCC4C3CCC21CC	C#CC1(O)CCC2C3CCC4=CC(=O)CCC4C3CCC215.C5C
chloramphenicol	BRD-A51182606	O=C(NC(CO)C(O)c1ccc([N+](=O)[O-])cc1)C(Cl)Cl	c14ccc([N+](=O)[O-])cc1.C3(CO)C4O.O=C2C(Cl)Cl.N23
fosinopril	BRD-A51382177	CCC(=O)OC(OP(=O)(CCCCc1ccccc1)CC(=O)N1CC(C2CCCCC2)CC1C(=O)O)C(C)C	O6P(=O)(CCCC8)CC4=O.N14CC(C2CCCCC2)CC17.c18ccccc1.C56C(C)C.CCC3=O.C7(=O)O.O35
noscapine	BRD-A51393488	COc1ccc2c(c1OC)C(=O)OC2C1c2c(cc3c(c2OC)OCO3)CCN1C	c14ccc2c(c15)C(=O)OC2C1c2c(cc3c(c26)OCO3)CCN1C.CO4.O5C.O6C
yohimbine	BRD-A51410489	COC(=O)C1C(O)CCC2CN3CCc4c([nH]c5ccccc45)C3CC21	C17C(O)CCC2CN3CCc4c([nH]c5ccccc45)C3CC21.C67=O.CO6
venlafaxine	BRD-A51714012	COc1ccc(C(CN(C)C)C2(O)CCCCC2)cc1	c13ccc6cc1.C15(O)CCCCC1.C56C4.N4(C)C.CO3
econazole	BRD-A51820102	Clc1ccc(COC(Cn2ccnc2)c2ccc(Cl)cc2Cl)cc1	c17ccc(Cl)cc1Cl.Clc1ccc6cc1.n15ccnc1.C47C5.C36.O34
BRL-15572	BRD-A51829654	OC(CN1CCN(c2cccc(Cl)c2)CC1)C(c1ccccc1)c1ccccc1	N13CCN4CC1.c14cccc(Cl)c1.OC(C3)C56.c15ccccc1.c16ccccc1
VU-0413807-2	BRD-A52172093	CC(C)(C)CCN1CC2C(CNC(=O)c3cc(Cl)cc(Cl)c3)C2C1	c17cc(Cl)cc(Cl)c1.N15CC2C8C2C1.CC(C)(C)CC5.C47=O.C68.N46
withaferin-a	BRD-A52193669	CC1=C(CO)C(=O)OC(C(C)C2CCC3C4CC5OC56C(O)C=CC(=O)C6(C)C4CCC23C)C1	C18CCC2C3CC4OC45C(O)C=CC(=O)C5(C)C3CCC12C.CC1=C(CO)C(=O)OC7C1.C78C
lacidipine	BRD-A52282606	CCOC(=O)C1=C(C)N=C(C)C(C(=O)OCC)C1c1ccccc1C=CC(=O)OC(C)(C)C	C2(=O)C1=C(C)N=C(C)C8C1%10.c1%10ccccc1C=9.C=9C4=O.C7(C)(C)C.C38=O.CC5.O25.O36.C6C.O47
isogedunin	BRD-A52326238	CC(=O)OC1CC2C(C)(C)C=CC(=O)C2(C)C2CCC3(C)C(c4ccoc4)OC(=O)C4OC43C12C	C16CC2C(C)(C)C=CC(=O)C2(C)C2CCC3(C)C7OC(=O)C4OC43C12C.c17ccoc1.CC5=O.O56
SKF-83566	BRD-A52588987	CN1CCc2cc(Br)c(O)cc2C(c2ccccc2)C1	CN1CCc2cc(Br)c(O)cc2C(c2ccccc2)C1
ingenol	BRD-A52650764	CC1=CC23C(=O)C(C=C(COC(=O)c4ccccc4)C(O)C2(O)C1OC(=O)c1ccccc1)C1C(CC3C)C1(C)C	CC1=CC23C(=O)C(C=C(C7)C(O)C2(O)C18)C1C(CC3C)C1(C)C.c19ccccc1.c1%10ccccc1.C59=O.C6%10=O.O57.O68
tetrindole	BRD-A52660433	c1cc2c(cc1C1CCCCC1)c1c3n2CCNC3CCC1	c1cc2c(cc14)c1c3n2CCNC3CCC1.C14CCCCC1
tianeptine	BRD-A53077924	CN1c2ccccc2C(NCCCCCCC(=O)O)c2ccc(Cl)cc2S1(=O)=O	CN1c2ccccc2C(N3)c2ccc(Cl)cc2S1(=O)=O.C3CCCCCC(=O)O
epitestosterone	BRD-A53131506	CC12CCC(=O)C=C1CCC1C2CCC2(C)C(O)CCC12	CC12CCC(=O)C=C1CCC1C2CCC2(C)C(O)CCC12
orphenadrine	BRD-A53576514	Cc1ccccc1C(OCCN(C)C)c1ccccc1	Cc1ccccc15.c16ccccc1.C256.C3C4.N4(C)C.O23
prilocaine	BRD-A53952395	CCCNC(C)C(=O)Nc1ccccc1C	c15ccccc1C.C4(C)C2=O.CCC3.N34.N25
IRL-2500	BRD-A54029483	Cc1cc(C)cc(C(=O)N(C)C(Cc2ccc(-c3ccccc3)cc2)C(=O)NC(Cc2c[nH]c3ccccc23)C(=O)O)c1	c1%10c[nH]c2ccccc12.Cc1cc8cc(C)c1.c19ccc%11cc1.C6(C9)C5=O.c1%11ccccc1.C7(C%10)C(=O)O.C48=O.N46C.N57
ephedrine-(racemic)	BRD-A54236247	CNC(C)C(O)c1ccccc1	c13ccccc1.C2(C)C3O.CN2
cortisone-acetate	BRD-A54487287	CC(=O)OCC(=O)C1(O)CCC2C3CCC4=CC(=O)CCC4(C)C3C(=O)CC21C	C17(O)CCC2C3CCC4=CC(=O)CCC4(C)C3C(=O)CC21C.C6C7=O.CC5=O.O56
pirlindole	BRD-A54490543	Cc1ccc2c(c1)c1c3n2CCNC3CCC1	Cc1ccc2c(c1)c1c3n2CCNC3CCC1
solifenacin	BRD-A54596827	O=C(OC1CN2CCC1CC2)C1NCc2ccccc2C1c1ccccc1	C15NCc2ccccc2C1c1ccccc1.C14CN2CCC1CC2.O=C35.O34
dihydroergotamine	BRD-A54845972	CN1CC(C(=O)NC2(C)OC3(O)C4CCCN4C(=O)C(Cc4ccccc4)N3C2=O)CC2c3cccc4[nH]cc(c34)CC21	CN1CC7CC2c3cccc4[nH]cc(c34)CC21.C16(C)OC2(O)C3CCCN3C(=O)C8N2C1=O.c19ccccc1.C57=O.N56.C89
etomidate	BRD-A54880345	CCOC(=O)c1cncn1C(C)c1ccccc1	c14cncn15.c16ccccc1.C24=O.C56C.CC3.O23
KF-38789	BRD-A54927599	COc1ccc(C2CC(c3c(O)cc(C)oc3=O)=NCCS2)c(OC)c1	C16CC(c2c(O)cc(C)oc2=O)=NCCS1.c14ccc6c5c1.CO4.O5C
CGP-54626	BRD-A55369275	CC(NCC(O)CP(=O)(O)CC1CCCCC1)c1ccc(Cl)c(Cl)c1	C3C(O)CP(=O)(O)C4.c15ccc(Cl)c(Cl)c1.C14CCCCC1.CC25.N23
testosterone	BRD-A55393291	CC12CCC(=O)C=C1CCC1C2CCC2(C)C(O)CCC12	CC12CCC(=O)C=C1CCC1C2CCC2(C)C(O)CCC12
colforsin	BRD-A55416093	C=CC1(C)CC(=O)C2(O)C(C)(O1)C(OC(C)=O)C(O)C1C(C)(C)CCC(O)C12C	C=CC1(C)CC(=O)C2(O)C(C)(O1)C4C(O)C1C(C)(C)CCC(O)C12C.C3(C)=O.O34
BNTX	BRD-A55484088	O=C1C(=Cc2ccccc2)CC2(O)C3Cc4ccc(O)c5c4C2(CCN3CC2CC2)C1O5	O=C1C=7CC2(O)C3Cc4ccc(O)c5c4C2(CCN36)C1O5.C=7c1ccccc1.C18CC1.C68
vinblastine	BRD-A55594068	CCC1(O)CC2CN(CCc3c([nH]c4ccccc34)C(C(=O)OC)(c3cc4c(cc3OC)N(C)C3C(O)(C(=O)OC)C(OC(C)=O)C5(CC)C=CCN6CCC43C65)C2)C1	C1%13(O)CC2CN(CCc3c([nH]c4ccccc34)C(C7=O)(c3cc4c(cc3%11)N(C)C3C%12(O)C%10C5%14C=CCN6CCC43C65)C2)C1.C8%12=O.C9(C)=O.CC%13.O7C.O%11C.O8C.O9%10.C%14C
H-7	BRD-A55756846	CC1CNCCN1S(=O)(=O)c1cccc2cnccc12	S3(=O)(=O)c1cccc2cnccc12.CC1CNCCN13
phylloquinone	BRD-A55815733	CC(=CCC1=C(C)C(=O)c2ccccc2C1=O)CCCC(C)CCCC(C)CCCC(C)C	CC=3CCCC(C)CCCC(C)CCCC(C)C.C=3CC1=C(C)C(=O)c2ccccc2C1=O
primaquine	BRD-A55913614	COc1cc(NC(C)CCCN)c2ncccc2c1	c13cc5c2ncccc2c1.C4(C)CCCN.CO3.N45
BW-B70C	BRD-A55946879	CC(C=Cc1cccc(Oc2ccc(F)cc2)c1)N(O)C(N)=O	CC(C=5)N(O)C(N)=O.C=5c1cccc3c1.c14ccc(F)cc1.O34
thiorphan	BRD-A56012032	O=C(O)CNC(=O)C(CS)Cc1ccccc1	C2(=O)C(C4)CS.c14ccccc1.O=C(O)C3.N23
CA-074-Me	BRD-A56020723	CCCNC(=O)C1OC1C(=O)NC(C(=O)N1CCCC1C(=O)OC)C(C)CC	C7(C5=O)C(C)CC.N15CCCC1%10.C18OC19.CCC6.C38=O.C49=O.C2%10=O.N36.N47.O2C
reichstein	BRD-A56245458	CC12CCC(=O)C=C1CCC1C2CCC2(C)C1CCC2(O)C(=O)CO	CC12CCC(=O)C=C1CCC1C2CCC2(C)C1CCC23O.C3(=O)CO
zileuton	BRD-A56359832	CC(c1cc2ccccc2s1)N(O)C(N)=O	c13cc2ccccc2s1.CC3N(O)C(N)=O
altizide	BRD-A56675431	C=CCSCC1Nc2cc(Cl)c(S(N)(=O)=O)cc2S(=O)(=O)N1	C15Nc2cc(Cl)c(S(N)(=O)=O)cc2S(=O)(=O)N1.C=CC3.S34.C45
esomeprazole	BRD-A56892734	COc1ccc2c(c1)nc(S(=O)Cc1ncc(C)c(OC)c1C)n2[Mg]n1c(S(=O)Cc2ncc(C)c(OC)c2C)nc2cc(OC)ccc21	c13ccc2c(c1)nc(S(=O)C7)n2[Mg]n1c(S(=O)C8)nc2cc6ccc21.c17ncc(C)c4c1C.c18ncc(C)c5c1C.CO3.O4C.O5C.O6C
SQ-22536	BRD-A56987319	Nc1ncnc2c1ncn2C1CCCO1	Nc1ncnc2c1ncn23.C13CCCO1
piroxicam	BRD-A57382968	CN1C(C(=O)Nc2ccccn2)C(=O)c2ccccc2S1(=O)=O	CN1C5C(=O)c2ccccc2S1(=O)=O.c14ccccn1.C35=O.N34
VU-0400071-3	BRD-A57457122	O=C(Nc1ccc(N2C(=O)CC(c3ccccc3)C2=O)c(Cl)c1)c1ccccn1	c15ccc7c(Cl)c1.N17C(=O)CC8C1=O.c18ccccc1.c16ccccn1.O=C46.N45
nimodipine	BRD-A58048407	COCCOC(=O)C1=C(C)NC(C)=C(C(=O)OC(C)C)C1c1cccc([N+](=O)[O-])c1	C2(=O)C1=C(C)NC(C)=C(C3=O)C17.c17cccc([N+](=O)[O-])c1.C4C5.C6(C)C.CO4.O25.O36
butabindide	BRD-A58157837	CCCCNC(=O)C1Cc2ccccc2N1C(=O)C(N)CC	C16Cc2ccccc2N14.C4(=O)C(N)CC.CCCC5.C36=O.N35
selamectin	BRD-A58564983	COC1CC(OC2C(C)=CCC3CC(CC4(CCC(C)C(C5CCCCC5)O4)O3)OC(=O)C3C=C(C)C(=NO)C4OCC(=CC=CC2C)C34O)OC(C)C1O	C18C(C)=CCC2CC(CC3(CCC(C)C9O3)O2)OC(=O)C2C=C(C)C(=NO)C3OCC(=CC=CC1C)C23O.C17CC6OC(C)C1O.C19CCCCC1.CO7.O68
sulforaphane	BRD-A58955223	CS(=O)CCCCN=C=S	CS(=O)CCCCN=C=S
ritodrine	BRD-A59174698	CC(NCCc1ccc(O)cc1)C(O)c1ccc(O)cc1	c14ccc(O)cc1.c15ccc(O)cc1.CC2C5O.C3C4.N23
lobelanidine	BRD-A59215453	CN1C(CC(O)c2ccccc2)CCCC1CC(O)c1ccccc1	CN1C3CCCC14.c15ccccc1.c16ccccc1.C3C5O.C4C6O
quinethazone	BRD-A59303141	CCC1NC(=O)c2cc(S(N)(=O)=O)c(Cl)cc2N1	C13NC(=O)c2cc(S(N)(=O)=O)c(Cl)cc2N1.CC3
guggulsterone	BRD-A59808129	CC=C1C(=O)CC2C3CCC4=CC(=O)CCC4(C)C3CCC12C	C1=5C(=O)CC2C3CCC4=CC(=O)CCC4(C)C3CCC12C.CC=5
topotecan	BRD-A59985574	CCC1(O)C(=O)OCc2c1cc1n(c2=O)Cc2cc3c(CN(C)C)c(O)ccc3nc2-1	CCC1(O)C(=O)OCc2c1cc1n(c2=O)Cc2cc3c5c(O)ccc3nc2-1.N4(C)C.C45
alpha-estradiol	BRD-A60070924	CC12CCC3c4ccc(O)cc4CCC3C1CCC2O	CC12CCC3c4ccc(O)cc4CCC3C1CCC2O
amisulpride	BRD-A60197193	CCN1CCCC1CNC(=O)c1cc(S(=O)(=O)CC)c(N)cc1OC	c16cc(S(=O)(=O)CC)c(N)cc13.N14CCCC17.C26=O.CC4.C57.N25.O3C
AS-601245	BRD-A60245366	N#CC(c1ccnc(NCCc2cccnc2)n1)c1nc2ccccc2s1	c16nc2ccccc2s1.c15ccnc4n1.c17cccnc1.N#CC56.C3C7.N34
tribenoside	BRD-A60294240	CCOC1OC(C(COCc2ccccc2)OCc2ccccc2)C(OCc2ccccc2)C1O	C1%12OC%14C%13C1O.c14ccccc1.c15ccccc1.c16ccccc1.C9%14C7.CC3.O3%12.O78.C84.O9%10.C%105.O%11%13.C%116
eliprodil	BRD-A61392169	OC(CN1CCC(Cc2ccc(F)cc2)CC1)c1ccc(Cl)cc1	N13CCC4CC1.c16ccc(F)cc1.c15ccc(Cl)cc1.OC5C3.C46
N-formylmethionylalanine	BRD-A61470182	CSCCC(NC=O)C(=O)NC(C)C(=O)O	C4CC2C1=O.C3(C)C(=O)O.N2C=O.CS4.N13
metolazone	BRD-A61793559	Cc1ccccc1N1C(=O)c2cc(S(N)(=O)=O)c(Cl)cc2NC1C	N13C(=O)c2cc(S(N)(=O)=O)c(Cl)cc2NC1C.Cc1ccccc13
tremulacin	BRD-A61856038	O=C(OC1C(Oc2ccccc2COC(=O)C2(O)C=CCCC2=O)OC(CO)C(O)C1O)c1ccccc1	C18C7OC%12C(O)C1O.C1%10(O)C=CCCC1=O.c19ccccc14.c1%11ccccc1.O=C3%11.C5%10=O.O38.O79.C64.O56.C%12O
CAY-10415	BRD-A61858259	CCc1ccc(C(=O)COc2ccc(CC3SC(=O)NC3=O)cc2)nc1	c18ccc6nc1.c15ccc9cc1.C17SC(=O)NC1=O.C6(=O)C4.CC8.O45.C79
WAY-161503	BRD-A62021152	O=C1Nc2cc(Cl)c(Cl)cc2N2CCNCC12	O=C1Nc2cc(Cl)c(Cl)cc2N2CCNCC12
temsirolimus	BRD-A62025033	COC1CC2CCC(C)C(O)(O2)C(=O)C(=O)N2CCCCC2C(=O)OC(C(C)CC2CCC(OC(=O)C(C)(CO)CO)C(OC)C2)CC(=O)C(C)C=C(C)C(O)C(OC)C(=O)C(C)CC(C)C=CC=CC=C1C	C14CC2CCC(C)C(O)(O2)C(=O)C(=O)N2CCCCC2C(=O)OC8CC(=O)C(C)C=C(C)C(O)C7C(=O)C(C)CC(C)C=CC=CC=C1C.C19CCC5C6C1.C3(=O)C(C)(CO)CO.C8(C)C9.CO4.O35.O6C.O7C
scopolamine	BRD-A62035778	CN1C2CC(OC(=O)C(CO)c3ccccc3)CC1C1OC12	CN1C2CC5CC1C1OC12.C4(=O)C6CO.c16ccccc1.O45
MDL-11939	BRD-A62057054	OC(c1ccccc1)C1CCN(CCc2ccccc2)CC1	C14CCN3CC1.c15ccccc1.c16ccccc1.OC45.C3C6
siguazodan	BRD-A62071884	CNC(=Nc1ccc(C2=NNC(=O)CC2C)cc1)NC#N	CNC(=Nc1ccc(C2=NNC(=O)CC2C)cc1)NC#N
YK-4279	BRD-A62182663	COc1ccc(C(=O)CC2(O)C(=O)Nc3c(Cl)ccc(Cl)c32)cc1	C5(=O)CC1(O)C(=O)Nc2c(Cl)ccc(Cl)c21.c14ccc5cc1.CO4
cycloheximide	BRD-A62184259	CC1CC(C)C(=O)C(C(O)CC2CC(=O)NC(=O)C2)C1	CC1CC3C(=O)C(C)C1.C14CC(=O)NC(=O)C1.C3(O)C4
goserelin	BRD-A62434282	CC(C)CC(NC(=O)C(COC(C)(C)C)NC(=O)C(Cc1ccc(O)cc1)NC(=O)C(CO)NC(=O)C(Cc1c[nH]c2ccccc12)NC(=O)C(Cc1c[nH]cn1)NC(=O)C1CCC(=O)N1)C(=O)NC(CCCN=C(N)N)C(=O)N1CCCC1C(=O)NNC(N)=O	C%11(CCCN=C(N)N)C%23=O.c1%17c[nH]c2ccccc12.CC(C)CC5C%22=O.c1%16ccc(O)cc1.C%13(=O)NNC(N)=O.C3(=O)C6C%24.C%14(=O)C7C%16.C%18(=O)C8CO.C%19(=O)C9C%17.C%20(=O)C%10C%15.C1%12CCC(=O)N1.N1%23CCCC1%13.c1%15c[nH]cn1.C4(C)(C)C.C%21%12=O.N35.O%244.N%146.N%187.N%198.N%209.N%21%10.N%22%11
prednisone	BRD-A62525898	CC12C=CC(=O)C=C1CCC1C2C(=O)CC2(C)C1CCC2(O)C(=O)CO	CC12C=CC(=O)C=C1CCC1C2C(=O)CC2(C)C1CCC23O.C3(=O)CO
thapsigargin	BRD-A62809825	CC=C(C)C(=O)OC1C(C)=C2C(C1OC(=O)CCCCCCC)C(C)(OC(C)=O)CC(OC(=O)CCC)C1(O)C2OC(=O)C1(C)O	C18C(C)=C2C(C19)C7(C)CC%10C1(O)C2OC(=O)C1(C)O.C4(=O)CCCCCCC.C=%11(C)C3=O.C6(=O)CCC.C5(C)=O.CC=%11.O38.O49.O57.O6%10
3-methyl-GABA	BRD-A62890442	CC(CN)CC(=O)O	CC(CN)CC(=O)O
cabergoline	BRD-A63043573	C=CCN1CC(C(=O)N(CCCN(C)C)C(=O)NCC)CC2c3cccc4[nH]cc(c34)CC21	N18CC%12CC2c3cccc4[nH]cc(c34)CC21.C9CC%10.C=CC8.C5%12=O.N569.N%10(C)C.C67=O.N7%11.C%11C
Ro-04-5595	BRD-A63546914	COc1cc2c(cc1O)C(CCc1ccc(Cl)cc1)N(C)CC2	c13cc2c(cc1O)C(CC4)N(C)CC2.c14ccc(Cl)cc1.CO3
methylergometrine	BRD-A63667919	CCC(CO)NC(=O)C1C=C2c3cccc4[nH]cc(c34)CC2N(C)C1	C17C=C2c3cccc4[nH]cc(c34)CC2N(C)C1.CCC6CO.C57=O.N56
PD-123319	BRD-A63836183	Cc1cc(Cn2cnc3c2CC(C(=O)O)N(C(=O)C(c2ccccc2)c2ccccc2)C3)ccc1N(C)C	n17cnc2c1CC6N4C2.Cc1cc8ccc15.c19ccccc1.c1%10ccccc1.C4(=O)C9%10.C6(=O)O.N5(C)C.C78
helveticoside	BRD-A63998256	CC1OC(OC2CCC3(C=O)C4CCC5(C)C(C6=CC(=O)OC6)CCC5(O)C4CCC3(O)C2)CC(O)C1O	C18CCC2(C=O)C3CCC4(C)C(C5=CC(=O)OC5)CCC4(O)C3CCC2(O)C1.CC1OC7CC(O)C1O.O78
mexiletine	BRD-A64092382	Cc1cccc(C)c1OCC(C)N	Cc1cccc(C)c13.C2C(C)N.O23
dehydrocholate	BRD-A64125466	CC(CCC(=O)O)C1CCC2C3C(=O)CC4CC(=O)CCC4(C)C3CC(=O)C12C	C15CCC2C3C(=O)CC4CC(=O)CCC4(C)C3CC(=O)C12C.CC5CCC(=O)O
SKF-77434	BRD-A64227845	C=CCN1CCc2cc(O)c(O)cc2C(c2ccccc2)C1	N13CCc2cc(O)c(O)cc2C(c2ccccc2)C1.C=CC3
terreic-acid-(-)	BRD-A64228451	CC1C(=O)C(=O)C2OC2C1=O	CC1C(=O)C(=O)C2OC2C1=O
amlodipine	BRD-A64297288	CCOC(=O)C1=C(COCCN)NC(C)=C(C(=O)OC)C1c1ccccc1Cl	C2(=O)C1=C(C5)NC(C)=C(C3=O)C17.c17ccccc1Cl.C6CN.CC4.O24.O56.O3C
quinidine	BRD-A64479082	C=CC1CN2CCC1CC2C(O)c1ccnc2ccc(OC)cc12	c15ccnc2ccc3cc12.C=CC1CN2CCC1CC24.C45O.O3C
CV-1808	BRD-A64933752	Nc1nc(Nc2ccccc2)nc2c1ncn2C1OC(CO)C(O)C1O	Nc1nc3nc2c1ncn26.C16OC5C(O)C1O.c14ccccc1.N34.C5O
mirtazapine	BRD-A64977602	CN1CCN2c3ncccc3Cc3ccccc3C2C1	CN1CCN2c3ncccc3Cc3ccccc3C2C1
oxybutynin	BRD-A65013509	CCN(CC)CC#CCOC(=O)C(O)(c1ccccc1)C1CCCCC1	C2(=O)C78O.c18ccccc1.C17CCCCC1.C6C#CC3.N456.CC4.C5C.O23
dihydroergocristine	BRD-A65076780	CC(C)C1(NC(=O)C2CC3c4cccc5[nH]cc(c45)CC3N(C)C2)OC2(O)C3CCCN3C(=O)C(Cc3ccccc3)N2C1=O	C179OC2(O)C3CCCN3C(=O)C%10N2C1=O.C18CC2c3cccc4[nH]cc(c34)CC2N(C)C1.c1%11ccccc1.CC9C.C68=O.N67.C%10%11
ATPA	BRD-A65145453	CC(C)(C)c1onc(O)c1CC(N)C(=O)O	c12onc(O)c13.C3C(N)C(=O)O.CC2(C)C
molindone	BRD-A65280694	CCc1c(C)[nH]c2c1C(=O)C(CN1CCOCC1)CC2	c15c(C)[nH]c2c1C(=O)C4CC2.N13CCOCC1.CC5.C34
cefazolin	BRD-A65282128	Cc1nnc(SCC2=C(C(=O)O)N3C(=O)C(NC(=O)Cn4cnnn4)C3SC2)s1	C6C1=C(C(=O)O)N2C(=O)C7C2SC1.Cc1nnc9s1.n18cnnn1.C5(=O)C8.S69.N57
cimaterol	BRD-A65440446	CC(C)NCC(O)c1ccc(N)c(C#N)c1	c14ccc(N)c(C#N)c1.C3C4O.CC2C.N23
flunisolide	BRD-A65449987	CC1(C)OC2CC3C4CC(F)C5=CC(=O)C=CC5(C)C4C(O)CC3(C)C2(C(=O)CO)O1	CC1(C)OC2CC3C4CC(F)C5=CC(=O)C=CC5(C)C4C(O)CC3(C)C26O1.C6(=O)CO
ginsenoside	BRD-A65550283	CC(C)=CCCC(C)(OC1OC(COC2OC(CO)C(O)C2O)C(O)C(O)C1O)C1CCC2(C)C1C(O)CC1C3(C)CCC(OC4OC(CO)C(O)C(O)C4OC4OC(CO)C(O)C(O)C4O)C(C)(C)C3CCC12C	C1%10CCC2(C)C1C(O)CC1C3(C)CCC%16C(C)(C)C3CCC12C.C1%12OC6C(O)C(O)C1O.C1%14OC8C(O)C(O)C1%17.C1%15OC9C(O)C(O)C1O.C1%13OC7C(O)C1O.C=%18CCC5%10C.CC=%18C.O5%12.C%116.O%11%13.C7O.O%14%16.C8O.O%15%17.C9O
RX-821002	BRD-A65597028	COC1(C2=NCCN2)COc2ccccc2O1	C13(C2=NCCN2)COc2ccccc2O1.CO3
zacopride	BRD-A65615053	COc1cc(N)c(Cl)cc1C(=O)NC1CN2CCC1CC2	c14cc(N)c(Cl)cc16.C15CN2CCC1CC2.C36=O.CO4.N35
candesartan-cilextil	BRD-A65671304	CCOc1nc2cccc(C(=O)OC(C)OC(=O)OC3CCCCC3)c2n1Cc1ccc(-c2ccccc2-c2nnn[nH]2)cc1	c1%14nc2cccc%16c2n15.c16ccc8cc1.c18ccccc17.C1%15CCCCC1.c17nnn[nH]1.C4%16=O.C%12%13C.C9%10=O.CC%11.O%11%14.O4%12.O9%13.O%10%15.C56
hydrocortisone-acetate	BRD-A65767837	CC(=O)OCC(=O)C1(O)CCC2C3CCC4=CC(=O)CCC4(C)C3C(O)CC21C	C17(O)CCC2C3CCC4=CC(=O)CCC4(C)C3C(O)CC21C.C6C7=O.CC5=O.O56
asiaticoside	BRD-A66199457	CC1CCC2(C(=O)OC3OC(COC4OC(CO)C(OC5OC(C)C(O)C(O)C5O)C(O)C4O)C(O)C(O)C3O)CCC3(C)C(=CCC4C5(C)CC(O)C(O)C(C)(CO)C5CCC43C)C2C1C	CC1CCC2%13CCC3(C)C(=CCC4C5(C)CC(O)C(O)C7(C)C5CCC43C)C2C1C.C19OC%14C(O)C(O)C1O.C1%10OC%15C%12C(O)C1O.C1%11OC(C)C(O)C(O)C1O.C6%13=O.O69.C8%14.O8%10.C%15O.O%11%12.C7O
HTMT	BRD-A66435872	CC(CCCCC(=O)Nc1ccc(C(F)(F)F)cc1)NCCc1c[nH]cn1	CC3CCCCC2=O.c15ccc7cc1.c16c[nH]cn1.C7(F)(F)F.C4C6.N25.N34
medetomidine	BRD-A66563878	Cc1cccc(C(C)c2cnc[nH]2)c1C	Cc1cccc4c1C.c13cnc[nH]1.C34C
nemonapride	BRD-A66927094	CNc1cc(OC)c(C(=O)NC2CCN(Cc3ccccc3)C2C)cc1Cl	c17cc5c9cc1Cl.C18CCN6C1C.c1%10ccccc1.C49=O.CN7.O5C.N48.C6%10
AICA-ribonucleotide	BRD-A67373739	NC(=O)c1ncn(C2OC(COP(=O)(O)O)C(O)C2O)c1N	C16OC5C(O)C1O.c14ncn6c1N.O3P(=O)(O)O.NC4=O.C35
treprostinil	BRD-A67438293	CCCCCC(O)CCC1C(O)CC2Cc3c(C)cccc3CC21	C14C(O)CC2Cc3c(C)cccc3CC21.CCCCCC(O)CC4
tetrahydrobiopterin	BRD-A67605442	CC(O)C(O)C1CNc2nc(N)[nH]c(=O)c2N1	C13CNc2nc(N)[nH]c(=O)c2N1.CC(O)C3O
K-858	BRD-A67748489	CC(=O)NC1=NN(C(C)=O)C(C)(c2ccccc2)S1	N3C1=NN(C(C)=O)C4(C)S1.c14ccccc1.CC3=O
phenoxybenzamine	BRD-A67799922	CC(COc1ccccc1)N(CCCl)Cc1ccccc1	c13ccccc1.c17ccccc1.CC4C2.N456.C5CCl.O23.C67
naftidrofuryl	BRD-A67862938	CCN(CC)CCOC(=O)C(Cc1cccc2ccccc12)CC1CCCO1	c19cccc2ccccc12.C3(=O)C(C8)C9.C18CCCO1.N567.C7C4.CC5.C6C.O34
cefotaxime	BRD-A67981824	CON=C(C(=O)NC1C(=O)N2C(C(=O)O)=C(COC(C)=O)CSC12)c1csc(N)n1	C16C(=O)N2C(C(=O)O)=C(C5)CSC12.CON=C(C4=O)c1csc(N)n1.C3(C)=O.N46.O35
liquiritigenin	BRD-A68039575	COc1ccc(C2CC(=O)c3ccc(OC)cc3O2)cc1	C16CC(=O)c2ccc5cc2O1.c14ccc6cc1.CO4.O5C
REV-5901	BRD-A68281735	CCCCCC(O)c1cccc(OCc2ccc3ccccc3n2)c1	c16ccc2ccccc2n1.CCCCCC7O.c17cccc5c1.O45.C46
troxipide	BRD-A68589262	COc1cc(C(=O)NC2CCCNC2)cc(OC)c1OC	c14cc8cc5c16.C17CCCNC1.C38=O.CO4.N37.O5C.O6C
evodiamine	BRD-A68631409	CN1c2ccccc2C(=O)N2CCc3c([nH]c4ccccc34)C21	CN1c2ccccc2C(=O)N2CCc3c([nH]c4ccccc34)C21
brompheniramine	BRD-A68723818	CN(C)CCC(c1ccc(Br)cc1)c1ccccn1	c14ccc(Br)cc1.c13ccccn1.C2CC34.CN2C
azelastine	BRD-A68888262	CN1CCCC(n2nc(Cc3ccc(Cl)cc3)c3ccccc3c2=O)CC1	n16nc4c2ccccc2c1=O.CN1CCCC6CC1.c15ccc(Cl)cc1.C45
DAPT-GSI-IX	BRD-A68929948	CC(NC(=O)Cc1cc(F)cc(F)c1)C(=O)NC(C(=O)OC(C)(C)C)c1ccccc1	c18cc(F)cc(F)c1.c19ccccc1.CC6C4=O.C79C2=O.C3(=O)C8.C5(C)(C)C.N36.N47.O25
ouabain	BRD-A68930007	CC1OC(OC2CC(O)C3(CO)C4C(O)CC5(C)C(C6=CC(=O)OC6)CCC5(O)C4CCC3(O)C2)C(O)C(O)C1O	C18CC(O)C29C3C(O)CC4(C)C(C5=CC(=O)OC5)CCC4(O)C3CCC2(O)C1.CC1OC7C(O)C(O)C1O.O78.C9O
carbidopa	BRD-A69512159	CC(Cc1ccc(O)c(O)c1)(NN)C(=O)O	CC(C2)(NN)C(=O)O.c12ccc(O)c(O)c1
diltiazem	BRD-A69636825	COc1ccc(C2Sc3ccccc3N(CCN(C)C)C(=O)C2OC(C)=O)cc1	C18Sc2ccccc2N(CC7)C(=O)C15.c16ccc8cc1.N7(C)C.C4(C)=O.CO6.O45
aminopentamide	BRD-A69917777	CC(CC(C(N)=O)(c1ccccc1)c1ccccc1)N(C)C	CC2CC34C(N)=O.c13ccccc1.c14ccccc1.N2(C)C
bromocriptine	BRD-A69960130	CC(C)CC1C(=O)N2CCCC2C2(O)OC(NC(=O)C3C=C4c5cccc6[nH]c(Br)c(c56)CC4N(C)C3)(C(C)C)C(=O)N12	C19C=C2c3cccc4[nH]c(Br)c(c34)CC2N(C)C1.C1%10C(=O)N2CCCC2C2(O)OC8%11C(=O)N12.CC(C)C%10.C79=O.C%11(C)C.N78
secnidazole	BRD-A70083328	Cc1ncc([N+](=O)[O-])n1CC(C)O	Cc1ncc([N+](=O)[O-])n12.C2C(C)O
PG-9	BRD-A70268693	CC(C(=O)OC1CC2CCC(C1)N2C)c1ccc(Br)cc1	C14CC2CCC(C1)N2C.c15ccc(Br)cc1.CC5C3=O.O34
PSB-36	BRD-A70407468	CCCCn1c(=O)c2[nH]c(C34CC5CC(CC3C5)C4)nc2n(CCCO)c1=O	n16c(=O)c2[nH]c8nc2n7c1=O.C128CC3CC(CC1C3)C2.CCCC6.C7CCO
forskolin	BRD-A70449690	C=CC1(C)CC(=O)C2(O)C(C)(O1)C(OC(C)=O)C(O)C1C(C)(C)CCC(O)C12C	C=CC1(C)CC(=O)C2(O)C(C)(O1)C4C(O)C1C(C)(C)CCC(O)C12C.C3(C)=O.O34
articaine	BRD-A70514680	CCCNC(C)C(=O)Nc1c(C)csc1C(=O)OC	c16c(C)csc17.C5(C)C3=O.CCC4.C27=O.N45.N36.O2C
sulconazole	BRD-A70649075	Clc1ccc(CSC(Cn2ccnc2)c2ccc(Cl)cc2Cl)cc1	c17ccc(Cl)cc1Cl.Clc1ccc6cc1.n15ccnc1.C47C5.C36.S34
avrainvillamide-analog-5	BRD-A70731303	CC1(C)C=Cc2cc3c(cc2O1)[N+]([O-])=C1C3=CC23NC(=O)C4(CCCN4C2=O)CC3C1(C)C	CC1(C)C=Cc2cc3c(cc2O1)[N+]([O-])=C1C3=CC23NC(=O)C4(CCCN4C2=O)CC3C1(C)C
KU-C103420N	BRD-A71009679	COc1ccc(C2CC(c3cccc(OC)c3)=NN2c2ccc(S(N)(=O)=O)cc2)cc1	C16CC(c2cccc5c2)=NN1c1ccc(S(N)(=O)=O)cc1.c14ccc6cc1.CO4.O5C
fursultiamine	BRD-A71157293	CC(=C(CCO)SSCC1CCCO1)N(C=O)Cc1cnc(C)nc1N	c16cnc(C)nc1N.C=4(CCO)SS3.CC=4N2C=O.C15CCCO1.C35.C26
L-stepholidine	BRD-A71203467	COc1cc2c(cc1O)C1Cc3ccc(O)c(OC)c3CN1CC2	c14cc2c(cc1O)C1Cc3ccc(O)c5c3CN1CC2.CO4.O5C
nafadotride	BRD-A71262238	CCCCN1CCCC1CNC(=O)c1cc(C#N)c2ccccc2c1OC	c17cc(C#N)c2ccccc2c14.N15CCCC18.CCCC5.C37=O.C68.N36.O4C
cymarin	BRD-A71459254	COC1CC(OC2CCC3(C=O)C4CCC5(C)C(C6=CC(=O)OC6)CCC5(O)C4CCC3(O)C2)OC(C)C1O	C19CCC2(C=O)C3CCC4(C)C(C5=CC(=O)OC5)CCC4(O)C3CCC2(O)C1.C18CC7OC(C)C1O.CO8.O79
2-(biphenyl-4-ylsulfonamido)pentanedioic-acid	BRD-A71657825	O=C(O)CCC(NS(=O)(=O)c1ccc(-c2ccccc2)cc1)C(=O)O	S4(=O)(=O)c1ccc5cc1.O=C(O)CCC3C(=O)O.c15ccccc1.N34
mepireserpate	BRD-A71765365	COC(=O)C1C2CC3c4[nH]c5cc(OC)ccc5c4CCN3CC2CC(OC(=O)c2cc(OC)c(OC)c(OC)c2)C1OC	C1%15C%10C9CC2CN3CCc4c([nH]c5cc%11ccc45)C3CC21.c17cc%12c%13c%14c1.C6%15=O.C87=O.CO6.O%11C.O89.O%12C.O%13C.O%14C.O%10C
mifobate	BRD-A72066420	COP(=O)(OC)OC(c1ccc(Cl)cc1)P(=O)(OC)OC	C23P(=O)(OC)OC.COP(=O)(O2)OC.c13ccc(Cl)cc1
stiripentol	BRD-A72441487	CC(C)(C)C(O)C=Cc1ccc2c(c1)OCO2	C=3c1ccc2c(c1)OCO2.CC(C)(C)C(O)C=3
spiroxatrine	BRD-A72483914	O=C1NCN(c2ccccc2)C12CCN(CC1COc3ccccc3O1)CC2	O=C1NCN5C12CCN4CC2.C16COc2ccccc2O1.c15ccccc1.C46
GW-6471	BRD-A72596465	CCOC(=O)NCC(Cc1ccc(OCCc2nc(-c3ccccc3)oc2C)cc1)NC(C)=CC(=O)c1ccc(C(F)(F)F)cc1	c16ccc%12cc1.c15nc8oc1C.c1%15ccc7cc1.c18ccccc1.C%13C%14C6.N%14C=%16C.C=%16C%15=O.C7(F)(F)F.C49=O.C%11C5.CC%10.O4%10.N9%13.O%11%12
SKF-96365	BRD-A72703248	COc1ccc(CCCOC(Cn2ccnc2)c2ccc(OC)cc2)cc1	c15ccc8cc1.c19ccc6cc1.n17ccnc1.C8CC3.C49C7.CO5.O34.O6C
lasalocid	BRD-A72711497	CCC(C(=O)C(C)C(O)C(C)CCc1ccc(C)c(O)c1C(=O)O)C1OC(CC)(C2CCC(O)(CC)C(C)O2)CC1C	C14OC5(C2CCC6(O)C(C)O2)CC1C.CCC4C(=O)C(C)C(O)C(C)CC7.c17ccc(C)c(O)c13.C3(=O)O.C5C.C6C
asiatic-acid	BRD-A72758037	CC1CCC2(C(=O)O)CCC3(C)C(=CCC4C5(C)CC(O)C(O)C(C)(CO)C5CCC43C)C2C1C	CC1CCC26CCC3(C)C(=CCC4C5(C)CC(O)C(O)C7(C)C5CCC43C)C2C1C.C6(=O)O.C7O
tiaprofenic-acid	BRD-A72988804	CC(C(=O)O)c1ccc(C(=O)c2ccccc2)s1	c15ccc3s1.c14ccccc1.CC5C(=O)O.C34=O
fexofenadine	BRD-A73368467	CC(C)(C(=O)O)c1ccc(C(O)CCCN2CCC(C(O)(c3ccccc3)c3ccccc3)CC2)cc1	c16ccc7cc1.N14CCC5CC1.CC6(C)C(=O)O.C7(O)CCC4.c18ccccc1.c19ccccc1.C589O
ergometrine	BRD-A73581086	CC(CO)NC(=O)C1C=C2c3cccc4[nH]cc(c34)CC2N(C)C1	C17C=C2c3cccc4[nH]cc(c34)CC2N(C)C1.CC6CO.C57=O.N56
mocimycin	BRD-A73605923	CC=CC=CC1OC(O)(C(CC)C(=O)NCC=CC=C(C)C(OC)C(C)C2OC(C=CC=CC=C(C)C(=O)c3c(O)cc[nH]c3=O)C(O)C2O)C(O)C(O)C1(C)C	C=%13C1OC7(O)C(O)C(O)C1(C)C.C18OC(C=%16)C(O)C1O.c1%11c(O)cc[nH]c1=O.C=%15(C)C9C8C.C7(CC)C4=O.C=6(C)C%11=O.C=%12C=%13.C%10C=%14.C=%14C=%15.C=%16C=5.C=5C=6.CC=%12.N4%10.O9C
PT-630	BRD-A73680854	NC(CCC(=O)O)C(=O)N1CCCC1B(O)O	NC(CCC(=O)O)C2=O.N12CCCC1B(O)O
exemestane	BRD-A73741725	C=C1CC2C(CCC3(C)C(=O)CCC23)C2(C)C=CC(=O)C=C12	C=C1CC2C(CCC3(C)C(=O)CCC23)C2(C)C=CC(=O)C=C12
glycodeoxycholic-acid	BRD-A73859745	CC(CCC(=O)NCC(=O)O)C1CCC2C3CCC4CC(O)CCC4(C)C3CC(O)C12C	C17CCC2C3CCC4CC(O)CCC4(C)C3CC(O)C12C.CC7CCC5=O.C6C(=O)O.N56
dactinomycin	BRD-A73909368	Cc1c2oc3c(C)ccc(C(=O)OC(C)C4NC(=O)C(C(C)C)N(C)C(=O)CN(C)C(=O)C5CCCN5C(=O)C(C(C)C)NC4=O)c3nc-2c(C(=O)OC(C)C2NC(=O)C(C(C)C)N(C)C(=O)CN(C)C(=O)C3CCCN3C(=O)C(C(C)C)NC2=O)c(N)c1=O	C1%15NC(=O)C%16N(C)C(=O)CN(C)C(=O)C2CCCN2C(=O)C%17NC1=O.C17NC(=O)C8N(C)C(=O)CN(C)C(=O)C2CCCN2C(=O)C9NC1=O.Cc1c2oc3c(C)ccc%13c3nc-2c%14c(N)c1=O.C6%13=O.C%11%15C.C%16(C)C.C%17(C)C.C%10%14=O.C%127C.C8(C)C.C9(C)C.O6%11.O%10%12
ethambutol	BRD-A74500471	CCC(CO)NCCNC(CC)CO	CCC1CO.C4(CC)CO.C2C3.N12.N34
etodolac	BRD-A74667430	CCc1cccc2c3c([nH]c12)C(CC)(CC(=O)O)OCC3	c14cccc2c3c([nH]c12)C(CC)(CC(=O)O)OCC3.CC4
nikkomycin	BRD-A74771556	CC(c1ccc(O)cn1)C(C)C(N)C(=O)NC(C(=O)O)C1OC(N2C=CC(=O)CC2=O)C(O)C1O	CC6C(C)C(N)C3=O.C15OC7C(O)C1O.N17C=CC(=O)CC1=O.c16ccc(O)cn1.C45C(=O)O.N34
EI-231	BRD-A74904029	OCC1OC(n2cnc3cc(Cl)c(Cl)cc32)C(O)C1O	n15cnc2cc(Cl)c(Cl)cc21.C14OC5C(O)C1O.OC4
equol	BRD-A74907996	Oc1ccc(C2COc3cc(O)ccc3C2)cc1	C14COc2cc(O)ccc2C1.Oc1ccc4cc1
gatifloxacin	BRD-A74980173	COc1c(N2CCNC(C)C2)c(F)cc2c(=O)c(C(=O)O)cn(C3CC3)c12	c14c5c(F)cc2c(=O)c6cn7c12.N15CCNC(C)C1.C6(=O)O.C17CC1.CO4
demeclocycline	BRD-A75368507	CN(C)C1C(=O)C(C(N)=O)C(=O)C2(O)C(=O)C3C(=O)c4c(O)ccc(Cl)c4C(O)C3CC12	C15C(=O)C6C(=O)C2(O)C(=O)C3C(=O)c4c(O)ccc(Cl)c4C(O)C3CC12.CN5C.C6(N)=O
deoxycorticosterone-acetate	BRD-A75402480	CC(=O)OCC(=O)C1CCC2C3CCC4=CC(=O)CCC4(C)C3CCC12C	C17CCC2C3CCC4=CC(=O)CCC4(C)C3CCC12C.C6C7=O.CC5=O.O56
kavain	BRD-A75455249	COC1=CC(=O)OC(C=Cc2ccccc2)C1	COC1=CC(=O)OC(C=3)C1.C=3c1ccccc1
PD-166793	BRD-A75478957	CC(C)C(NS(=O)(=O)c1ccc(-c2ccc(Br)cc2)cc1)C(=O)O	S4(=O)(=O)c1ccc5cc1.CC(C)C3C(=O)O.c15ccc(Br)cc1.N34
rimantadine	BRD-A75479906	CC(N)C12CC3CC(CC(C3)C1)C2	C124CC3CC(CC(C3)C1)C2.CC4N
thiazolopyrimidine	BRD-A75517195	CCOC(=O)C1=C(C)N=c2sc(=Cc3cc(Br)c(O)c(Br)c3)c(=O)n2C1c1ccc2c(c1)OCO2	C4(=O)C1=C(C)N=c2sc(=Cc3cc(Br)c(O)c(Br)c3)c(=O)n2C1c1ccc2c(c1)OCO2.CC5.O45
isoxicam	BRD-A75552914	Cc1cc(NC(=O)C2C(=O)c3ccccc3S(=O)(=O)N2C)no1	C16C(=O)c2ccccc2S(=O)(=O)N1C.Cc1cc5no1.C46=O.N45
SDM-25N	BRD-A75769826	C=C(C)CN1CCC23c4c5ccc(O)c4OC2c2[nH]c4ccccc4c2CC3(O)C1C5	N16CCC23c4c5ccc(O)c4OC2c2[nH]c4ccccc4c2CC3(O)C1C5.C=C(C)C6
atracurium	BRD-A75935363	COc1ccc(CC2c3cc(OC)c(OC)cc3CC[N+]2(C)CCC(=O)OCCCCCOC(=O)CC[N+]2(C)CCc3cc(OC)c(OC)cc3C2Cc2ccc(OC)c(OC)c2)cc1OC	C%10C1c2cc%16c%17cc2CC[N+]18C.[N+]19(C)CCc2cc%18c%19cc2C1C%11.c1%15ccc%10cc17.c1%11ccc5c6c1.C%13CCCC%14.C8CC4=O.C%12(=O)CC9.CO%15.O%16C.O%17C.O4%13.O%12%14.O%18C.O%19C.O5C.O6C.O7C
cromakalim	BRD-A76093993	CC1(C)Oc2ccc(C#N)cc2C(N2CCCC2=O)C1O	CC1(C)Oc2ccc(C#N)cc2C(N2CCCC2=O)C1O
myriocin	BRD-A76279427	CCCCCCC(=O)CCCCCCC=CCC(O)C(O)C(N)(CO)C(=O)O	CCCCCCC(=O)CCCCCCC=1.C=1CC(O)C(O)C(N)(CO)C(=O)O
heraclenol	BRD-A77050075	CC(C)(O)C(O)COc1c2occc2cc2ccc(=O)oc12	c14c2occc2cc2ccc(=O)oc12.CC(C)(O)C(O)C3.O34
D-609	BRD-A77118605	S=C(S)OC1CC2CC1C1CCCC21	C13CC2CC1C1CCCC21.S=C(S)O3
cyclopentolate	BRD-A77291778	CN(C)CCOC(=O)C(c1ccccc1)C1(O)CCCC1	c16ccccc1.C15(O)CCCC1.C2(=O)C56.CN4C.C4C3.O23
salubrinal	BRD-A77299732	O=C(C=Cc1ccccc1)NC(NC(=S)Nc1cccc2cccnc12)C(Cl)(Cl)Cl	c16cccc2cccnc12.C=7c1ccccc1.C45C(Cl)(Cl)Cl.N5C(=S)N6.O=C3C=7.N34
RK-682	BRD-A77349281	CCCCCCCCCCCCCCCC(=O)C1C(=O)OC(CO)C1=O	CCCCCCCCCCCCCCCC2=O.C12C(=O)OC3C1=O.C3O
hydralazine	BRD-A77722753	NN=C1N=NC=C2C=CC=CC21	NN=C1N=NC=C2C=CC=CC21
hydroquinine	BRD-A78295502	CCC1CN2CCC1CC2C(O)c1ccnc2ccc(OC)cc12	c16ccnc2ccc3cc12.C15CN2CCC1CC24.C46O.CC5.O3C
dobutamine	BRD-A78322124	CC(CCc1ccc(O)cc1)NCCc1ccc(O)c(O)c1	c15ccc(O)c(O)c1.c14ccc(O)cc1.CC2CC4.C3C5.N23
cercosporin	BRD-A78360835	COc1c(O)c2c(=O)cc3c4c5c(cc(O)c6c(=O)c(OC)c(CC(C)O)c(c(c1CC(C)O)c24)c65)OCO3	c17c(O)c2c(=O)cc3c4c5c(cc(O)c6c(=O)c8c9c(c(c1%10)c24)c65)OCO3.C9C(C)O.C%10C(C)O.CO7.O8C
monastrol	BRD-A78377521	CCOC(=O)C1=C(C)NC(=S)NC1c1cccc(O)c1	C2(=O)C1=C(C)NC(=S)NC14.c14cccc(O)c1.CC3.O23
prednisolone-hemisuccinate	BRD-A78391468	CC12C=CC(=O)C=C1CCC1C2C(O)CC2(C)C1CCC2(O)C(=O)COC(=O)CCC(=O)O	CC12C=CC(=O)C=C1CCC1C2C(O)CC2(C)C1CCC25O.C3(=O)CCC(=O)O.C5(=O)C4.O34
nefopam	BRD-A78877355	CN1CCOC(c2ccccc2)c2ccccc2C1	CN1CCOC(c2ccccc2)c2ccccc2C1
ICI-118551	BRD-A78942461	Cc1ccc(OCC(O)C(C)NC(C)C)c2c1CCC2	Cc1ccc4c2c1CCC2.C3C(O)C5C.C6(C)C.O34.N56
ascorbic-acid	BRD-A79237180	CCCCCCCCCCCCCCCC(=O)OCC(O)C1OC(=O)C(=O)C1O	CCCCCCCCCCCCCCCC2=O.C14OC(=O)C(=O)C1O.C3C4O.O23
cephalosporanic-acid	BRD-A79314293	CC(=O)OCC1=C(C(=O)O)N2C(=O)C(N)C2SC1	C4C1=C(C(=O)O)N2C(=O)C(N)C2SC1.CC3=O.O34
auranofin	BRD-A79465854	CCP(CC)(CC)=[Au]SC1CC(OC(C)=O)C(OC(C)=O)C(OC(C)=O)C1OC(C)=O	C1%10CC6C7C8C19.CCP(CC)(CC)=[Au]S%10.C2(C)=O.C3(C)=O.C4(C)=O.C5(C)=O.O26.O37.O48.O59
tropicamide	BRD-A79672927	CCN(Cc1ccncc1)C(=O)C(CO)c1ccccc1	c15ccncc1.C2(=O)C6CO.c16ccccc1.N234.CC3.C45
memantine	BRD-A79803969	CC12CC3CC(C)(C1)CC(N)(C3)C2	CC12CC3CC(C)(C1)CC(N)(C3)C2
tegafur	BRD-A79903587	O=c1[nH]c(=O)n(C2CCCO2)cc1F	O=c1[nH]c(=O)n3cc1F.C13CCCO1
midodrine	BRD-A79981887	COc1ccc(OC)c(C(O)CNC(=O)CN)c1	c13ccc4c6c1.C6(O)C5.C2(=O)CN.CO3.O4C.N25
bendroflumethiazide	BRD-A80017228	NS(=O)(=O)c1cc2c(cc1C(F)(F)F)NC(Cc1ccccc1)NS2(=O)=O	NS(=O)(=O)c1cc2c(cc14)NC3NS2(=O)=O.c15ccccc1.C4(F)(F)F.C35
NSC-23766	BRD-A80213327	CCN(CC)CCCC(C)Nc1nc(C)cc(Nc2ccc3nc(C)cc(N)c3c2)n1	c1%10ccc2nc(C)cc(N)c2c1.c18nc9cc(C)n1.C6CCC7C.N456.CC4.C5C.N78.N9%10
4-carboxy-3-hydroxyphenylglycine-(RS)	BRD-A80383043	NC(C(=O)O)c1ccc(C(=O)O)c(O)c1	c13ccc2c(O)c1.NC3C(=O)O.C2(=O)O
cinobufagin	BRD-A80502530	CC(=O)OC1C(c2ccc(=O)oc2)C2C(C)CC3C(CCC4CC(O)CCC43C)C23OC13	C16C7C2C(C)CC3C(CCC4CC(O)CCC43C)C23OC13.c17ccc(=O)oc1.CC5=O.O56
oxalomalic-acid	BRD-A80574334	O=C(O)C(=O)C(C(=O)O)C(O)C(=O)O	O=C(O)C(=O)C(C(=O)O)C(O)C(=O)O
floxuridine	BRD-A80638690	O=c1[nH]c(=O)n(C2CC(O)C(CO)O2)cc1F	O=c1[nH]c(=O)n4cc1F.C14CC(O)C3O1.C3O
FR-139317	BRD-A80641450	CC(C)CC(NC(=O)N1CCCCCC1)C(=O)NC(Cc1cn(C)c2ccccc12)C(=O)NC(Cc1ccccn1)C(=O)O	c1%11cn(C)c2ccccc12.CC(C)CC7C5=O.N14CCCCCC1.C8(C%11)C6=O.C9(C%10)C(=O)O.c1%10ccccn1.C34=O.N37.N58.N69
hyperforin	BRD-A80775386	CC(C)=CCCC1(C)C(CC=C(C)C)CC2(CC=C(C)C)C(=O)C(CC=C(C)C)C(=O)C1(C(=O)C(C)C)C2=O	C18(C)C9CC2%10C(=O)C%11C(=O)C13C2=O.C3(=O)C(C)C.C=4CC8.CC=4C.C9C=5.C=5(C)C.C%10C=6.C=6(C)C.C%11C=7.C=7(C)C
pemoline	BRD-A80793822	NC1=NC(=O)C(c2ccccc2)O1	NC1=NC(=O)C3O1.c13ccccc1
1-monopalmitin	BRD-A80928489	CCCCCCCCCCCCCCCC(=O)OCC(O)CO	CCCCCCCCCCCCCCCC1=O.C2C(O)CO.O12
celastrol	BRD-A80960055	CC1C(=O)C(=O)C=C2C1=CC=C1C2(C)CCC2(C)C3CC(C)(C(=O)O)CCC3(C)CCC12C	CC1C(=O)C(=O)C=C2C1=CC=C1C2(C)CCC2(C)C3CC4(C)CCC3(C)CCC12C.C4(=O)O
KN-62	BRD-A81177136	CN(C(Cc1ccc(OS(=O)(=O)c2cccc3cnccc23)cc1)C(=O)N1CCN(c2ccccc2)CC1)S(=O)(=O)c1cccc2cnccc12	O5S(=O)(=O)c1cccc2cnccc12.S7(=O)(=O)c1cccc2cnccc12.c19ccc5cc1.N14CCN8CC1.C6(C9)C4=O.c18ccccc1.CN67
glycopyrrolate	BRD-A81233518	C[N+]1(C)CCC(OC(=O)C(O)(c2ccccc2)C2CCCC2)C1	C[N+]1(C)CCC4C1.C3(=O)C56O.c16ccccc1.C15CCCC1.O34
KU-C103443N	BRD-A81402010	NS(=O)(=O)c1ccc(N2N=C(c3ccccc3)CC2c2ccc(Br)cc2)cc1	NS(=O)(=O)c1ccc(N2N=C(c3ccccc3)CC24)cc1.c14ccc(Br)cc1
simvastatin	BRD-A81772229	CCC(C)(C)C(=O)OC1CC(C)C=C2C=CC(C)C(CCC3CC(O)CC(=O)O3)C21	C15CC(C)C=C2C=CC(C)C7C21.C16CC(O)CC(=O)O1.CCC(C)(C)C4=O.C7C6.O45
U-18666A	BRD-A81795050	CCN(CC)CCOC1CCC2(C)C(=CCC3C4CCC(=O)C4(C)CCC32)C1	C16CCC2(C)C(=CCC3C4CCC(=O)C4(C)CCC32)C1.N789.C9C5.CC7.C8C.O56
CGS-21680	BRD-A81866333	CCNC(=O)C1OC(n2cnc3c(N)nc(NCCc4ccc(CCC(=O)O)cc4)nc32)C(O)C1O	n1%12cnc2c(N)nc8nc21.C19OC%12C(O)C1O.c1%10ccc%11cc1.C%11CC(=O)O.C59=O.C7C%10.CC6.N56.N78
KU-C103428N	BRD-A82096673	NS(=O)(=O)c1ccc(N2N=C(c3ccccc3)CC2c2cccc(Br)c2)cc1	NS(=O)(=O)c1ccc(N2N=C(c3ccccc3)CC24)cc1.c14cccc(Br)c1
budesonide	BRD-A82238138	CCCC1OC2CC3C4CCC5=CC(=O)C=CC5(C)C4C(O)CC3(C)C2(C(=O)CO)O1	C17OC2CC3C4CCC5=CC(=O)C=CC5(C)C4C(O)CC3(C)C26O1.C6(=O)CO.CCC7
clofarabine	BRD-A82371568	Nc1nc(Cl)nc2c1ncn2C1OC(CO)C(O)C1F	Nc1nc(Cl)nc2c1ncn24.C14OC3C(O)C1F.C3O
SDZ-NKT-343	BRD-A82590476	CN(Cc1ccccc1)C(=O)C(Cc1ccc2ccccc2c1)NC(=O)C1CCCN1C(=O)Nc1ccccc1[N+](=O)[O-]	c14ccc2ccccc2c1.c1%10ccccc1[N+](=O)[O-].c1%12ccccc1.C3(=O)C9C4.C1%11CCCN16.CN38.C5%11=O.C67=O.C8%12.N59.N7%10
naltrindole	BRD-A82656074	Oc1ccc2c3c1OC1c4[nH]c5ccccc5c4CC4(O)C(C2)N(CC2CC2)CCC314	Oc1ccc2c3c1OC1c4[nH]c5ccccc5c4CC4(O)C(C2)N6CCC314.C17CC1.C67
fulvestrant	BRD-A83237092	CC12CCC3c4ccc(O)cc4CC(CCCCCCCCCS(=O)CCCC(F)(F)C(F)(F)F)C3C1CCC2O	C5CCCCCCCCS(=O)CCCC(F)(F)C(F)(F)F.CC12CCC3c4ccc(O)cc4CC5C3C1CCC2O
brazilin	BRD-A83326220	Oc1ccc2c(c1)OCC1(O)Cc3cc(O)c(O)cc3C21	Oc1ccc2c(c1)OCC1(O)Cc3cc(O)c(O)cc3C21
resmethrin	BRD-A83431637	CC(C)=CC1C(C(=O)OCc2coc(Cc3ccccc3)c2)C1(C)C	C=7C1C6C1(C)C.c19coc8c1.c1%10ccccc1.CC=7C.C46=O.O45.C59.C8%10
chromanol	BRD-A83695761	CCS(=O)(=O)N(C)C1c2cc(C#N)ccc2OC(C)(C)C1O	N3(C)C1c2cc(C#N)ccc2OC(C)(C)C1O.CCS3(=O)=O
naltrexone	BRD-A83855350	O=C1CCC2(O)C3Cc4ccc(O)c5c4C2(CCN3CC2CC2)C1O5	O=C1CCC2(O)C3Cc4ccc(O)c5c4C2(CCN36)C1O5.C17CC1.C67
rifampicin	BRD-A83892713	COC1C=COC2(C)Oc3c(C)c(O)c4c(O)c(c(C=NN5CCN(C)CC5)c(O)c4c3C2=O)NC(=O)C(C)=CC=CC(C)C(O)C(C)C(O)C(C)C(OC(C)=O)C1C	C17C=COC2(C)Oc3c(C)c(O)c4c(O)c(c(C=NN5CCN(C)CC5)c(O)c4c3C2=O)NC(=O)C(C)=CC=CC(C)C(O)C(C)C(O)C(C)C8C1C.C6(C)=O.CO7.O68
mephenytoin	BRD-A83937277	CCC1(c2ccccc2)NC(=O)N(C)C1=O	C134NC(=O)N(C)C1=O.c14ccccc1.CC3
pancuronium	BRD-A84134924	CC(=O)OC1CC2CCC3C(CCC4(C)C3CC([N+]3(C)CCCCC3)C4OC(C)=O)C2(C)CC1[N+]1(C)CCCCC1	C17CC2CCC3C(CCC4(C)C8C9CC34)C2(C)CC1%10.[N+]19(C)CCCCC1.[N+]1%10(C)CCCCC1.CC5=O.C6(C)=O.O57.O68
meloxicam	BRD-A84174393	Cc1cnc(NC(=O)C2C(=O)c3ccccc3S(=O)(=O)N2C)s1	C16C(=O)c2ccccc2S(=O)(=O)N1C.Cc1cnc5s1.C46=O.N45
baccatin-III	BRD-A84189516	CC(=O)OC1C(=O)C2(C)C(O)CC3OCC3(OC(C)=O)C2C(OC(=O)c2ccccc2)C2(O)CC(O)C(C)=C1C2(C)C	C17C(=O)C2(C)C(O)CC3OCC38C2C9C2(O)CC(O)C(C)=C1C2(C)C.c1%10ccccc1.CC4=O.C5(C)=O.C6%10=O.O47.O58.O69
calcitriol	BRD-A84327315	C=C1C(=CC=C2CCCC3(C)C2CCC3C(C)CCCC(C)(C)O)CC(O)CC1O	C1=5CCCC2(C)C6CCC12.C=C1C=4CC(O)CC1O.C6(C)CCCC(C)(C)O.C=4C=5
L-655708	BRD-A84389091	CCOC(=O)c1ncn2c1C1CCCN1C(=O)c1cc(OC)ccc1-2	c16ncn2c1C1CCCN1C(=O)c1cc5ccc1-2.C36=O.CC4.O34.O5C
tropanyl-3,5-dimethylbenzoate	BRD-A84389633	Cc1cc(C)cc(C(=O)OC2CC3CCC(C2)N3C)c1	C15CC2CCC(C1)N2C.Cc1cc6cc(C)c1.C46=O.O45
thioridazine	BRD-A84481105	CSc1ccc2c(c1)N(CCC1CCCCN1C)c1ccccc1S2	c15ccc2c(c1)N3c1ccccc1S2.C14CCCCN1C.C3C4.CS5
atovaquone	BRD-A84493640	O=C1C(=O)C(C2CCC(c3ccc(Cl)cc3)CC2)C(=O)c2ccccc21	O=C1C(=O)C(C2CCC4CC2)C(=O)c2ccccc21.c14ccc(Cl)cc1
penicillin	BRD-A84702196	CC1(C)SC2C(NC(=O)COc3ccccc3)C(=O)N2C1C(=O)O	CC1(C)SC2C7C(=O)N2C18.c16ccccc1.C4(=O)C5.C8(=O)O.N47.O56
NCS-382	BRD-A85025557	O=C(O)C=C1CCCc2ccccc2C1O	C1=3CCCc2ccccc2C1O.O=C(O)C=3
N6-cyclopentyladenosine	BRD-A85234536	OCC1OC(n2cnc3c(NC4CCCC4)ncnc32)C(O)C1O	n18cnc2c5ncnc21.C17OC8C(O)C1O.C16CCCC1.OC7.N56
quinpirole	BRD-A85280935	CCCN1CCCC2Cc3n[nH]cc3CC21	N14CCCC2Cc3n[nH]cc3CC21.CCC4
L-670596	BRD-A85472596	CS(=O)(=O)c1ccc(Cn2c3c(c4cc(F)cc(F)c42)CCCC3CC(=O)O)cc1	n15c2c(c3cc(F)cc(F)c31)CCCC2CC(=O)O.CS(=O)(=O)c1ccc6cc1.C56
bemesetron	BRD-A85587465	CN1C2CCC1CC(OC(=O)c1cc(Cl)cc(Cl)c1)C2	CN1C2CCC1CC4C2.c15cc(Cl)cc(Cl)c1.C35=O.O34
chaetocin	BRD-A85860691	CN1C(=O)C23CC4(C56CC78SSC(CO)(C(=O)N7C5Nc5ccccc56)N(C)C8=O)c5ccccc5NC4N2C(=O)C1(CO)SS3	CN1C(=O)C23CC4(C56CC78SSC9(C(=O)N7C5Nc5ccccc56)N(C)C8=O)c5ccccc5NC4N2C(=O)C1%10SS3.C9O.C%10O
flurbiprofen-(+/-)	BRD-A86044036	CC(C(=O)O)c1ccc(-c2ccccc2)c(F)c1	c13ccc4c(F)c1.c14ccccc1.CC3C(=O)O
3-matida	BRD-A87125127	Cc1cc(C(=O)O)sc1C(N)C(=O)O	Cc1cc2sc13.C3(N)C(=O)O.C2(=O)O
cefpodoxime	BRD-A87387433	COCC1=C(C(=O)OC(C)OC(=O)OC(C)C)N2C(=O)C(NC(=O)C(=NOC)c3csc(N)n3)C2SC1	C8C1=C(C4=O)N2C(=O)C%12C2SC1.C7(=O)C(=NOC)c1csc(N)n1.C9%10C.C56=O.C%11(C)C.CO8.O49.O5%10.O6%11.N7%12
tenidap	BRD-A87479750	NC(=O)N1C(=O)C(C(=O)c2cccs2)c2cc(Cl)ccc21	NC(=O)N1C(=O)C(C3=O)c2cc(Cl)ccc21.c13cccs1
nadolol	BRD-A87606379	CC(C)(C)NCC(O)COc1cccc2c1CC(O)C(O)C2	c14cccc2c1CC(O)C(O)C2.C6C(O)C3.CC5(C)C.N56.O34
naproxen	BRD-A87719232	COc1ccc2cc(C(C)C(=O)O)ccc2c1	c13ccc2cc4ccc2c1.C4(C)C(=O)O.CO3
bimatoprost	BRD-A87848830	CCNC(=O)CCCC=CCC1C(O)CC(O)C1C=CC(O)CCc1ccccc1	C16C(O)CC(O)C1C=5.C2(=O)CCCC=4.C=5C(O)CC7.c17ccccc1.C=4C6.CC3.N23
salbutamol	BRD-A88254928	CC(C)(C)NCC(O)c1ccc(O)c(CO)c1	c14ccc(O)c5c1.CC2(C)C.C3C4O.N23.C5O
delcorine	BRD-A88282067	CCN1CC2(COC)CCC(OC)C34C5CC6C(OC)CC7(OCOC7(C(O)C23)C14)C5C6OC	N1%12CC2%13CCC9C34C5CC6C%10CC7(OCOC7(C(O)C23)C14)C5C6%11.CC%12.C8%13.O8C.O9C.O%10C.O%11C
doxycycline	BRD-A88774919	CC1c2cccc(O)c2C(=O)C2C(=O)C3(O)C(=O)C(C(N)=O)C(=O)C(N(C)C)C3C(O)C21	CC1c2cccc(O)c2C(=O)C2C(=O)C3(O)C(=O)C5C(=O)C4C3C(O)C21.C5(N)=O.N4(C)C
bisoprolol	BRD-A89175223	CC(C)NCC(O)COc1ccc(COCCOC(C)C)cc1	c17ccc%10cc1.C9C(O)C2.CC8C.C4C5.C6(C)C.N89.O27.C3%10.O34.O56
PD-102807	BRD-A89337244	CCOC(=O)c1c(C)[nH]c2ccc3c(c12)CN1CCc2cc(OC)ccc2C1O3	c17c(C)[nH]c2ccc3c(c12)CN1CCc2cc6ccc2C1O3.C47=O.CC5.O45.O6C
sarmentogenin	BRD-A89434049	CC12CCC(O)CC1CCC1C2C(O)CC2(C)C(C3=CC(=O)OC3)CCC12O	CC12CCC(O)CC1CCC1C2C(O)CC2(C)C(C3=CC(=O)OC3)CCC12O
CGP-55845	BRD-A89672324	CC(NCC(O)CP(=O)(O)Cc1ccccc1)c1ccc(Cl)c(Cl)c1	C3C(O)CP(=O)(O)C5.c14ccc(Cl)c(Cl)c1.c15ccccc1.CC24.N23
alclometasone	BRD-A90131694	CCC(=O)OCC(=O)C1(OC(=O)CC)C(C)CC2C3C(Cl)CC4=CC(=O)C=CC4(C)C3C(O)CC21C	C189C(C)CC2C3C(Cl)CC4=CC(=O)C=CC4(C)C3C(O)CC21C.CCC5=O.C7C9=O.C6(=O)CC.O57.O68
cilastatin	BRD-A90311807	CC1(C)CC1C(=O)NC(=CCCCCSCC(N)C(=O)O)C(=O)O	N2C=6C(=O)O.C=6CCCC3.C4C(N)C(=O)O.CC1(C)CC15.C25=O.S34
guaifenesin	BRD-A90515964	COc1ccccc1OCC(O)CO	c13ccccc14.C2C(O)CO.CO3.O24
isradipine	BRD-A90799790	COC(=O)C1=C(C)NC(C)=C(C(=O)OC(C)C)C1c1cccc2nonc12	C3(=O)C1=C(C)NC(C)=C(C4=O)C16.c16cccc2nonc12.C5(C)C.CO3.O45
bepridil	BRD-A91008255	CC(C)COCC(CN(Cc1ccccc1)c1ccccc1)N1CCCC1	c18ccccc1.c17ccccc1.C3C4C5.N14CCCC1.CC(C)C2.N567.O23.C68
estradiol-cypionate	BRD-A91452556	CC12CCC3c4ccc(O)cc4CCC3C1CCC2OC(=O)CCC1CCCC1	CC12CCC3c4ccc(O)cc4CCC3C1CCC26.C5(=O)CC7.C17CCCC1.O56
norepinephrine	BRD-A91555231	NCC(O)c1ccc(O)c(O)c1	c12ccc(O)c(O)c1.NCC2O
chloroquine	BRD-A91699651	CCN(CC)CCCC(C)Nc1ccnc2cc(Cl)ccc12	c17ccnc2cc(Cl)ccc12.C5CCC6C.N345.CC3.C4C.N67
SQ-29548	BRD-A91866971	O=C(O)CCCC=CCC1C2CCC(O2)C1CNNC(=O)Nc1ccccc1	C16C2CCC(O2)C17.O=C(O)CCCC=5.C7NNC3=O.c14ccccc1.C=5C6.N34
scopoline	BRD-A92161634	CN1C2CC3CC1C(O3)C2O	CN1C2CC3CC1C(O3)C2O
betamethasone-acetate	BRD-A92177080	CC(=O)OCC(=O)C1(O)C(C)CC2C3CCC4=CC(=O)C=CC4(C)C3(F)C(O)CC21C	C17(O)C(C)CC2C3CCC4=CC(=O)C=CC4(C)C3(F)C(O)CC21C.C6C7=O.CC5=O.O56
triamcinolone-acetonide	BRD-A92439610	CC1(C)OC2CC3C4CCC5=CC(=O)C=CC5(C)C4(F)C(O)CC3(C)C2(C(=O)CO)O1	CC1(C)OC2CC3C4CCC5=CC(=O)C=CC5(C)C4(F)C(O)CC3(C)C26O1.C6(=O)CO
danazol	BRD-A92537424	C#CC1(O)CCC2C3CCC4=Cc5oncc5CC4(C)C3CCC21C	C#CC1(O)CCC2C3CCC4=Cc5oncc5CC4(C)C3CCC21C
RU-28318	BRD-A92585442	CCCC1CC2=CC(=O)CCC2(C)C2CCC3(C)C(CCC3(O)CCC(=O)O)C12	C14CC2=CC(=O)CCC2(C)C2CCC3(C)C(CCC35O)C12.C5CC(=O)O.CCC4
trimebutine	BRD-A92630576	CCC(COC(=O)c1cc(OC)c(OC)c(OC)c1)(c1ccccc1)N(C)C	c18cc4c5c6c1.CCC79C3.c19ccccc1.C28=O.N7(C)C.O23.O4C.O5C.O6C
tocainide	BRD-A92670106	Cc1cccc(C)c1NC(=O)C(C)N	Cc1cccc(C)c13.C2(=O)C(C)N.N23
lupanine	BRD-A92826379	O=C1CCCC2C3CC(CN12)C1CCCCN1C3	O=C1CCCC2C3CC(CN12)C1CCCCN1C3
ciglitazone	BRD-A93000692	CC1(COc2ccc(CC3SC(=O)NC3=O)cc2)CCCCC1	CC17CCCCC1.c15ccc8cc1.C16SC(=O)NC1=O.C47.O45.C68
L-755507	BRD-A93206962	CCCCCCNC(=O)Nc1ccc(S(=O)(=O)Nc2ccc(CCNCC(O)COc3ccc(O)cc3)cc2)cc1	c1%14ccc(S%13(=O)=O)cc1.c15ccc6cc1.c19ccc(O)cc1.CCCCCC%10.C%12C(O)C8.C47=O.C6C%11.N4%10.N7%14.N%135.N%11%12.O89
digitoxin	BRD-A93236127	CC1OC(OC2C(O)CC(OC3C(O)CC(OC4CCC5(C)C(CCC6C5CCC5(C)C(C7=CC(=O)OC7)CCC65O)C4)OC3C)OC2C)CC(O)C1O	C1%13CCC2(C)C(CCC3C2CCC2(C)C(C4=CC(=O)OC4)CCC32O)C1.CC1OC8CC(O)C1O.C1%11C(O)CC9OC1C.C1%12C(O)CC%10OC1C.O8%11.O9%12.O%10%13
thalidomide	BRD-A93255169	O=C1CCC(N2C(=O)c3ccccc3C2=O)C(=O)N1	N14C(=O)c2ccccc2C1=O.O=C1CCC4C(=O)N1
dexamethasone-acetate	BRD-A93424738	CC(=O)OCC(=O)C1(O)C(C)CC2C3CCC4=CC(=O)C=CC4(C)C3(F)C(O)CC21C	C17(O)C(C)CC2C3CCC4=CC(=O)C=CC4(C)C3(F)C(O)CC21C.C6C7=O.CC5=O.O56
PETCM	BRD-A93477898	OC(Cc1ccncc1)C(Cl)(Cl)Cl	OC(C2)C(Cl)(Cl)Cl.c12ccncc1
GR-89696	BRD-A93659613	COC(=O)N1CCN(C(=O)Cc2ccc(Cl)c(Cl)c2)C(CN2CCCC2)C1	N14CCN5C7C1.c18ccc(Cl)c(Cl)c1.N16CCCC1.C5(=O)C8.C34=O.CO3.C67
NTNCB	BRD-A94413429	O=[N+]([O-])c1ccccc1S(=O)(=O)NCC1CCC(CNCC2CCc3ccccc3C2)CC1	O=[N+]([O-])c1ccccc1S7(=O)=O.C1%10CCc2ccccc2C1.C18CCC9CC1.N47.C48.C59.N56.C6%10
bifonazole	BRD-A94543220	c1ccc(-c2ccc(C(c3ccccc3)n3ccnc3)cc2)cc1	c17ccc5cc1.c1ccc7cc1.c16ccccc1.n14ccnc1.C456
naringenin	BRD-A94669766	O=C1CC(c2ccc(O)cc2)Oc2cc(O)cc(O)c21	O=C1CC3Oc2cc(O)cc(O)c21.c13ccc(O)cc1
metaxalone	BRD-A94709349	Cc1cc(C)cc(OCC2CNC(=O)O2)c1	Cc1cc4cc(C)c1.C15CNC(=O)O1.O34.C35
digoxin	BRD-A94756469	CC1OC(OC2C(O)CC(OC3C(O)CC(OC4CCC5(C)C(CCC6C5CC(O)C5(C)C(C7=CC(=O)OC7)CCC65O)C4)OC3C)OC2C)CC(O)C1O	C1%13CCC2(C)C(CCC3C2CC(O)C2(C)C(C4=CC(=O)OC4)CCC32O)C1.CC1OC8CC(O)C1O.C1%11C(O)CC9OC1C.C1%12C(O)CC%10OC1C.O8%11.O9%12.O%10%13
gestrinone	BRD-A94793051	CCC1(O)CCC2C3CCC4=CC(=O)CCC4=C3C=CC21CC	C15(O)CCC2C3CCC4=CC(=O)CCC4=C3C=CC216.CC5.C6C
PNU-96415E	BRD-A95096829	Fc1ccc(N2CCN(CCC3OCCc4ccccc43)CC2)cc1	C5CC1OCCc2ccccc21.Fc1ccc6cc1.N16CCN5CC1
maackiain	BRD-A95445494	Oc1ccc2c(c1)OCC1c3cc4c(cc3OC21)OCO4	Oc1ccc2c(c1)OCC1c3cc4c(cc3OC21)OCO4
androsta-1,4-dien-3,17-dione	BRD-A95513702	CC12C=CC(=O)C=C1CCC1C2CCC2(C)C(=O)CCC12	CC12C=CC(=O)C=C1CCC1C2CCC2(C)C(=O)CCC12
nisoxetine	BRD-A95696066	CNCCC(Oc1ccccc1OC)c1ccccc1	c13ccccc14.c16ccccc1.C5CC26.CN5.O23.O4C
acadesine	BRD-A95696820	NC(=O)c1ncn(C2OC(CO)C(O)C2O)c1N	C15OC4C(O)C1O.c13ncn5c1N.NC3=O.C4O
indapamide	BRD-A95869247	CC1Cc2ccccc2N1NC(=O)c1ccc(Cl)c(S(N)(=O)=O)c1	CC1Cc2ccccc2N1NC3=O.c13ccc(Cl)c(S(N)(=O)=O)c1
sertaconazole	BRD-A95939040	Clc1ccc(C(Cn2ccnc2)OCc2csc3c(Cl)cccc23)c(Cl)c1	c18csc2c(Cl)cccc12.Clc1ccc7c(Cl)c1.n16ccnc1.C47C6.O45.C58
nisoldipine	BRD-A96107863	COC(=O)C1C(C)=NC(C)=C(C(=O)OCC(C)C)C1c1ccccc1[N+](=O)[O-]	C15C(C)=NC(C)=C(C3=O)C16.c16ccccc1[N+](=O)[O-].C4C(C)C.C25=O.CO2.O34
ribavirin	BRD-A96255180	NC(=O)c1ncn(C2OC(CO)C(O)C2O)n1	C15OC4C(O)C1O.c13ncn5n1.NC3=O.C4O
FPL-55712	BRD-A96456596	CCCc1c(OCC(O)COc2ccc3c(=O)cc(C(=O)O)oc3c2CCC)ccc(C(C)=O)c1O	c17ccc2c(=O)cc8oc2c1%11.c1%10c6ccc9c1O.C4C(O)C5.CCC%10.C8(=O)O.C%11CC.C9(C)=O.O46.O57
EBPC	BRD-A96485169	CCOC(=O)C1CN(Cc2ccccc2)C(=O)C1=O	C15CN6C(=O)C1=O.c17ccccc1.C35=O.CC4.O34.C67
4-hydroxyretinoic-acid	BRD-A96799240	CC(C=CC1=C(C)C(O)CCC1(C)C)=CC=CC(C)=CC(=O)O	C=3C1=C(C)C(O)CCC1(C)C.CC=2C=3.C=4C=5C.C=5C(=O)O.C=2C=4
L-732138	BRD-A96882008	CC(=O)NC(Cc1c[nH]c2ccccc12)C(=O)OCc1cc(C(F)(F)F)cc(C(F)(F)F)c1	c17c[nH]c2ccccc12.c18cc9cc%10c1.C6(C7)C3=O.C9(F)(F)F.C%10(F)(F)F.CC4=O.N46.O35.C58
U-74389F	BRD-A96897502	CC12C=CC(=O)C=C1CCC1C2=CCC2(C)C(C(=O)CN3CCN(c4cc(N5CCCC5)nc(N5CCCC5)n4)CC3)CCC12	CC12C=CC(=O)C=C1CCC1C2=CCC2(C)C%10CCC12.c17cc8nc9n1.N16CCN7CC1.N18CCCC1.N19CCCC1.C%10(=O)C6
fenoterol	BRD-A97104540	CC(Cc1ccc(O)cc1)NCC(O)c1cc(O)cc(O)c1	c15cc(O)cc(O)c1.c14ccc(O)cc1.CC2C4.C3C5O.N23
rosiglitazone	BRD-A97437073	CN(CCOc1ccc(CC2SC(=O)NC2=O)cc1)c1ccccn1	c14ccc8cc1.C17SC(=O)NC1=O.c16ccccn1.CN56.C5C3.O34.C78
piperidolate	BRD-A97479839	CCN1CCCC(OC(=O)C(c2ccccc2)c2ccccc2)C1	N15CCCC4C1.c16ccccc1.c17ccccc1.C3(=O)C67.CC5.O34
ranolazine	BRD-A97674275	COc1ccccc1OCC(O)CN1CCN(CC(=O)Nc2c(C)cccc2C)CC1	c19c(C)cccc1C.c15ccccc16.N17CCN8CC1.C4C(O)C7.C8C3=O.CO5.O46.N39
pindolol	BRD-A97701745	CC(C)NCC(O)COc1cccc2[nH]ccc12	c14cccc2[nH]ccc12.C6C(O)C3.CC5C.N56.O34
hexylcaine	BRD-A97730597	CC(CNC1CCCCC1)OC(=O)c1ccccc1	C15CCCCC1.c16ccccc1.CC3C4.C26=O.N45.O23
ketoprofen	BRD-A97739905	CC(C(=O)O)c1cccc(C(=O)c2ccccc2)c1	c15cccc3c1.c14ccccc1.CC5C(=O)O.C34=O
calmidazolium	BRD-A98283014	Clc1ccc(C(c2ccc(Cl)cc2)[n+]2ccn(CC(OCc3ccc(Cl)cc3Cl)c3ccc(Cl)cc3Cl)c2)cc1	C78[n+]1ccn6c1.c1%10ccc(Cl)cc1Cl.c19ccc(Cl)cc1Cl.Clc1ccc7cc1.c18ccc(Cl)cc1.C6C49.O45.C5%10
hydroxytacrine-maleate-(r,s)	BRD-A98299281	Nc1c2c(nc3ccccc13)CCCC2O	Nc1c2c(nc3ccccc13)CCCC2O
talniflumate	BRD-A98378129	O=C1OC(OC(=O)c2cccnc2Nc2cccc(C(F)(F)F)c2)c2ccccc21	O=C1OC(O3)c2ccccc21.c16cccnc14.c15cccc7c1.C7(F)(F)F.C36=O.N45
ephedrine	BRD-A98431941	CNC(C)C(O)c1ccccc1	c13ccccc1.C2(C)C3O.CN2
carbenoxolone	BRD-A98702003	CC1(C(=O)O)CCC2(C)CCC3(C)C(=CC(=O)C4C5(C)CCC(OC(=O)CCC(=O)O)C(C)(C)C5CCC43C)C2C1	CC18CCC2(C)CCC3(C)C(=CC(=O)C4C5(C)CCC7C(C)(C)C5CCC43C)C2C1.C6(=O)CCC(=O)O.C8(=O)O.O67
deltaline	BRD-A99177642	CCN1CC2(C)CCC(OC)C34C2C(OC(C)=O)C2(OCOC25CC(OC)C2CC3(O)C5C2OC)C14	N1%11CC2(C)CCC7C34C2C8C2(OCOC25CC9C2CC3(O)C5C2%10)C14.C6(C)=O.CC%11.O7C.O68.O9C.O%10C
esculin	BRD-A99411506	O=c1ccc2cc(OC3OC(CO)C(O)C(O)C3O)c(O)cc2o1	O=c1ccc2cc5c(O)cc2o1.C14OC6C(O)C(O)C1O.O45.C6O
MT-21	BRD-A99449986	CCCCCCCCN1C(=O)C(C(C)=O)=C(C)C1(C)O	N12C(=O)C(C(C)=O)=C(C)C1(C)O.CCCCCCCC2
dubinidine	BRD-A99571536	COc1c2c(nc3ccccc13)OC(C(C)(O)CO)C2	c14c2c(nc3ccccc13)OC5C2.C5(C)(O)CO.CO4
bethanechol	BRD-A99833829	CC(C[N+](C)(C)C)OC(N)=O	CC2C3.[N+]3(C)(C)C.C1(N)=O.O12
GR-206	BRD-K00184207	O=Cc1c2[nH]c3ccccc3c2cc2[nH]c3ccccc3c12	O=Cc1c2[nH]c3ccccc3c2cc2[nH]c3ccccc3c12
P-1075	BRD-K00206590	CCC(C)(C)N=C(NC#N)Nc1cccnc1	CCC(C)(C)N=C(N2)NC#N.c12cccnc1
RU-24969	BRD-K00234327	COc1ccc2[nH]cc(C3=CCNCC3)c2c1	c14ccc2[nH]cc(C3=CCNCC3)c2c1.CO4
PPT	BRD-K00312224	CCCc1c(-c2ccc(O)cc2)nn(-c2ccc(O)cc2)c1-c1ccc(O)cc1	c13c5nn4c16.c15ccc(O)cc1.c14ccc(O)cc1.c16ccc(O)cc1.CCC3
RITA	BRD-K00317371	OCc1ccc(-c2ccc(-c3ccc(CO)s3)o2)s1	c14ccc6s1.c16ccc7o1.c17ccc5s1.OC4.C5O
NU-7441	BRD-K00337317	O=c1cc(N2CCOCC2)oc2c(-c3cccc4c3sc3ccccc34)cccc12	c16cccc2c1sc1ccccc12.O=c1cc5oc2c6cccc12.N15CCOCC1
Ro-08-2750	BRD-K00486786	Cc1cc2nc3c(=O)[nH]c(=O)nc-3n(C)c2cc1C=O	Cc1cc2nc3c(=O)[nH]c(=O)nc-3n(C)c2cc1C=O
midazolam	BRD-K00532621	Cc1ncc2n1-c1ccc(Cl)cc1C(c1ccccc1F)=NC2	Cc1ncc2n1-c1ccc(Cl)cc1C(c1ccccc1F)=NC2
ticlopidine	BRD-K00603606	Clc1ccccc1CN1CCc2sccc2C1	N13CCc2sccc2C1.Clc1ccccc14.C34
altanserin	BRD-K00610438	O=C(c1ccc(F)cc1)C1CCN(CCn2c(=S)[nH]c3ccccc3c2=O)CC1	n17c(=S)[nH]c2ccccc2c1=O.c16ccc(F)cc1.C15CCN4CC1.O=C56.C4C7
AG-14361	BRD-K00615600	CN(C)Cc1ccc(-c2nc3cccc4c3n2CCNC4=O)cc1	c17nc2cccc3c2n1CCNC3=O.c16ccc7cc1.CN5C.C56
tubastatin-a	BRD-K00627859	CN1CCc2c(c3ccccc3n2Cc2ccc(C(=O)NO)cc2)C1	CN1CCc2c(c3ccccc3n25)C1.c16ccc4cc1.C4(=O)NO.C56
6-aminochrysene	BRD-K00656370	Nc1cc2c3ccccc3ccc2c2ccccc12	Nc1cc2c3ccccc3ccc2c2ccccc12
CL-218872	BRD-K00662280	Cc1nnc2ccc(-c3cccc(C(F)(F)F)c3)nn12	Cc1nnc2ccc5nn12.c15cccc4c1.C4(F)(F)F
famotidine	BRD-K00673382	NC(N)=Nc1nc(CSCCC(N)=NS(N)(=O)=O)cs1	NC(N)=Nc1nc4cs1.C3CC(N)=NS(N)(=O)=O.C24.S23
CL-82198	BRD-K00675675	O=C(NCCCCN1CCOCC1)c1cc2ccccc2o1	c16cc2ccccc2o1.N15CCOCC1.C4CCC5.O=C36.N34
thenoyltrifluoroacetone	BRD-K00959089	O=C(CC(=O)C(F)(F)F)c1cccs1	O=C2CC(=O)C(F)(F)F.c12cccs1
finasteride	BRD-K01095011	CC(C)(C)NC(=O)C1CCC2C3CCC4NC(=O)C=CC4(C)C3CCC12C	C17CCC2C3CCC4NC(=O)C=CC4(C)C3CCC12C.CC6(C)C.C57=O.N56
tyrphostin-AG-112	BRD-K01192156	N#CC(=Cc1ccc(O)cc1)C(N)=C(C#N)C#N	C=2c1ccc(O)cc1.N#CC=2C=3N.C=3(C#N)C#N
SB-590885	BRD-K01253243	CN(C)CCOc1ccc(-c2nc(-c3ccncc3)c(-c3ccc4c(c3)CCC4=NO)[nH]2)cc1	c1%10ccc2c(c1)CCC2=NO.c16ccc8cc1.c18nc9c%10[nH]1.c19ccncc1.CN7C.C7C5.O56
pimozide	BRD-K01292756	O=c1[nH]c2ccccc2n1C1CCN(CCCC(c2ccc(F)cc2)c2ccc(F)cc2)CC1	O=c1[nH]c2ccccc2n16.C16CCN3CC1.c14ccc(F)cc1.c15ccc(F)cc1.C3CCC45
XMD-1150	BRD-K01436366	COc1cc(C(=O)N2CCC(N3CCN(C)CC3)CC2)ccc1Nc1ncc2c(n1)N(C)c1ccccc1C(=O)N2C	c16ncc2c(n1)N(C)c1ccccc1C(=O)N2C.c15cc9ccc17.N14CCC8CC1.N18CCN(C)CC1.C49=O.CO5.N67
apigenin	BRD-K01493881	O=c1cc(-c2ccc(O)cc2)oc2cc(O)cc(O)c12	O=c1cc3oc2cc(O)cc(O)c12.c13ccc(O)cc1
dibenzoylmethane	BRD-K01555864	O=C(CC(=O)c1ccccc1)c1ccccc1	O=C2CC3=O.c13ccccc1.c12ccccc1
pyrazolanthrone	BRD-K01567962	O=C1c2ccccc2-c2n[nH]c3cccc1c23	O=C1c2ccccc2-c2n[nH]c3cccc1c23
meropenem	BRD-K01612348	CC(O)C1C(=O)N2C(C(=O)O)=C(SC3CNC(C(=O)N(C)C)C3)C(C)C12	C16C(=O)N2C(C(=O)O)=C(S7)C(C)C12.C17CNC5C1.CC6O.C45=O.N4(C)C
docosatrienoic-acid	BRD-K01624546	CCC=CCC=CCC=CCCCCCCCCCCCC(=O)O	C=3CCCCCCCCCCCC(=O)O.C=1CC=2.C=2CC=3.CCC=1
rilmenidine	BRD-K01638814	C1COC(NC(C2CC2)C2CC2)=N1	C1COC(N3)=N1.C345.C14CC1.C15CC1
LE-300	BRD-K01648091	CN1CCc2ccccc2Cc2[nH]c3ccccc3c2CC1	CN1CCc2ccccc2Cc2[nH]c3ccccc3c2CC1
indatraline	BRD-K01649396	CNC1CC(c2ccc(Cl)c(Cl)c2)c2ccccc21	CNC1CC(c2ccc(Cl)c(Cl)c2)c2ccccc21
diphenidol	BRD-K01663662	OC(CCCN1CCCCC1)(c1ccccc1)c1ccccc1	OC34CCC2.N12CCCCC1.c13ccccc1.c14ccccc1
fluoropyruvate	BRD-K01779529	O=C(O)C(=O)CF	O=C(O)C(=O)CF
indole-3-carbinol	BRD-K01815685	OCc1c[nH]c2ccccc12	c13c[nH]c2ccccc12.OC3
pirinixic-acid	BRD-K01902415	Cc1cccc(Nc2cc(Cl)nc(SCC(=O)O)n2)c1C	Cc1cccc5c1C.c14cc(Cl)nc6n1.C3C(=O)O.N45.S36
olaparib	BRD-K02113016	O=C(c1cc(Cc2n[nH]c(=O)c3ccccc23)ccc1F)N1CCN(C(=O)C2CC2)CC1	c18n[nH]c(=O)c2ccccc12.c17cc9ccc1F.N14CCN5CC1.O=C47.C56=O.C16CC1.C89
JNJ-38877605	BRD-K02123250	Cn1cc(-c2ccc3nnc(C(F)(F)c4ccc5ncccc5c4)n3n2)cn1	c18ccc2nnc6n2n1.c17ccc2ncccc2c1.Cn1cc8cn1.C67(F)F
panobinostat	BRD-K02130563	Cc1[nH]c2ccccc2c1CCNCc1ccc(C=CC(=O)NO)cc1	Cc1[nH]c2ccccc2c16.c17ccc(C=5)cc1.C=5C(=O)NO.C6C3.N34.C47
milnacipran	BRD-K02227374	CCN(CC)C(=O)C1(c2ccccc2)CC1CN	c18ccccc1.C168CC17.N345.C36=O.CC4.C5C.C7N
amoxapine	BRD-K02265150	Clc1ccc2c(c1)C(N1CCNCC1)=Nc1ccccc1O2	Clc1ccc2c(c1)C(N1CCNCC1)=Nc1ccccc1O2
cefotiam	BRD-K02275692	CN(C)CCn1nnnc1SCC1=C(C(=O)O)N2C(=O)C(NC(=O)Cc3csc(N)n3)C2SC1	C6C1=C(C(=O)O)N2C(=O)C7C2SC1.n18nnnc1%10.c19csc(N)n1.C4(=O)C9.CN5C.C5C8.S6%10.N47
GR-32191	BRD-K02283807	O=C(O)CCC=CCCC1C(OCc2ccc(-c3ccccc3)cc2)CC(O)C1N1CCCCC1	C18C5CC(O)C16.c19ccc%10cc1.O=C(O)CCC=7.c1%10ccccc1.N16CCCCC1.C=7CC8.O45.C49
caffeine	BRD-K02404261	Cn1c(=O)c2c(ncn2C)n(C)c1=O	Cn1c(=O)c2c(ncn2C)n(C)c1=O
parbendazole	BRD-K02407574	CCCCc1ccc2[nH]c(NC(=O)OC)nc2c1	c16ccc2[nH]c5nc2c1.CCCC6.C34=O.N45.O3C
QS-11	BRD-K02526760	OCC(Cc1ccccc1)Nc1nc(Oc2ccc3c(c2)CCC3)nc2c1ncn2Cc1ccc(-c2ccccc2)cc1	c17nc4nc2c1ncn28.c15ccc2c(c1)CCC2.c1%10ccc%11cc1.c19ccccc1.c1%11ccccc1.OCC6C9.N67.O45.C8%10
protein-tyrosine-phosphatase-inhibitor-IV	BRD-K02581333	CC(C)(c1ccc(NS(=O)(=O)C(F)(F)F)cc1)c1ccc(C(C)(C)c2cccc(NS(=O)(=O)C(F)(F)F)c2)cc1	c17ccc5cc1.S3(=O)(=O)C(F)(F)F.c18ccc9cc1.c1%10cccc6c1.S4(=O)(=O)C(F)(F)F.CC78C.C9%10(C)C.N35.N46
O-2050	BRD-K02590140	CC1=CCC2C(C1)c1c(O)cc(CC#CCCCNS(C)(=O)=O)cc1OC2(C)C	CC1=CCC2C(C1)c1c(O)cc5cc1OC2(C)C.C5C#CCCC3.S4(C)(=O)=O.N34
tubocurarine	BRD-K02607075	COc1cc2c3cc1Oc1cc(ccc1O)CC1c4c(cc(OC)c(O)c4Oc4cccc(c4)CC3N(C)CC2)CC[N+]1(C)C	c15cc2c3cc1Oc1cc(ccc1O)CC1c4c(cc6c(O)c4Oc4cccc(c4)CC3N(C)CC2)CC[N+]1(C)C.CO5.O6C
celecoxib	BRD-K02637541	Cc1ccc(-c2cc(C(F)(F)F)nn2-c2ccc(S(N)(=O)=O)cc2)cc1	c14ccc(S(N)(=O)=O)cc1.Cc1ccc5cc1.c15cc3nn14.C3(F)(F)F
hydrastine-(1r,-9s)	BRD-K02715688	COc1ccc2c(c1OC)C(=O)OC2C1c2cc3c(cc2CCN1C)OCO3	c14ccc2c(c15)C(=O)OC2C1c2cc3c(cc2CCN1C)OCO3.CO4.O5C
minaprine	BRD-K02867583	Cc1cc(-c2ccccc2)nnc1NCCN1CCOCC1	Cc1cc6nnc15.c16ccccc1.N14CCOCC1.C3C4.N35
BMS-299897	BRD-K02950022	CC(c1ccc(F)cc1CCCC(=O)O)N(c1cc(F)ccc1F)S(=O)(=O)c1ccc(Cl)cc1	S3(=O)(=O)c1ccc(Cl)cc1.c15ccc(F)cc16.c14cc(F)ccc1F.C6CCC(=O)O.CC25.N234
naringin	BRD-K02953697	CC1OC(OC2C(Oc3cc(O)c4c(c3)OC(c3ccc(O)cc3)CC4=O)OC(CO)C(O)C2O)C(O)C(O)C1O	c18cc(O)c2c(c1)OC%10CC2=O.CC1OC5C(O)C(O)C1O.C17C6OC9C(O)C1O.c1%10ccc(O)cc1.O57.O68.C9O
SU-11274	BRD-K02965346	Cc1[nH]c(C=C2C(=O)Nc3ccc(S(=O)(=O)N(C)c4cccc(Cl)c4)cc32)c(C)c1C(=O)N1CCN(C)CC1	C1=9C(=O)Nc2ccc(S6(=O)=O)cc21.Cc1[nH]c(C=9)c(C)c18.c17cccc(Cl)c1.N15CCN(C)CC1.N67C.C58=O
lamivudine	BRD-K02992638	Nc1ccn(C2CSC(CO)O2)c(=O)n1	Nc1ccn4c(=O)n1.C14CSC3O1.C3O
NSC-663284	BRD-K03109492	O=C1C(Cl)=C(NCCN2CCOCC2)C(=O)c2ncccc21	O=C1C(Cl)=C(N3)C(=O)c2ncccc21.N14CCOCC1.C3C4
maprotiline	BRD-K03319035	CNCCCC12CCC(c3ccccc31)c1ccccc12	C4CCC12CCC(c3ccccc31)c1ccccc12.CN4
roquinimex	BRD-K03384561	CN(C(=O)c1c(O)c2ccccc2n(C)c1=O)c1ccccc1	c15c(O)c2ccccc2n(C)c1=O.c14ccccc1.CN34.C35=O
azacitidine	BRD-K03406345	Nc1ncn(C2OC(CO)C(O)C2O)c(=O)n1	Nc1ncn4c(=O)n1.C14OC3C(O)C1O.C3O
boldine	BRD-K03440695	COc1cc2c(cc1O)CC1c3c(cc(O)c(OC)c3-2)CCN1C	c14cc2c(cc1O)CC1c3c(cc(O)c5c3-2)CCN1C.CO4.O5C
sappanone-a	BRD-K03557653	COc1ccc2c(c1)OCC(=Cc1ccc(OC)c(OC)c1)C2=O	c13ccc2c(c1)OCC=6C2=O.C=6c1ccc4c5c1.CO3.O4C.O5C
catechin	BRD-K03600606	O=C(Oc1cc(OC(=O)c2ccccc2)c2c(c1)OC(c1ccc(OC(=O)c3ccccc3)c(OC(=O)c3ccccc3)c1)C(OC(=O)c1ccccc1)C2)c1ccccc1	c1%17cc%18c2c(c1)OC%11C%16C2.c1%11ccc%19c5c1.c17ccccc1.c18ccccc1.c19ccccc1.c1%10ccccc1.c16ccccc1.O=C46.C%127=O.C%138=O.C%149=O.C%15%10=O.O4%17.O%12%18.O%13%19.O%145.O%15%16
AY-9944	BRD-K03642198	Clc1ccccc1CNCC1CCC(CNCc2ccccc2Cl)CC1	Clc1ccccc19.C17CCC8CC1.c1%10ccccc1Cl.C39.N34.C47.C58.N56.C6%10
tyrphostin-AG-82	BRD-K03670461	N#CC(C#N)=Cc1cc(O)c(O)c(O)c1	C=2c1cc(O)c(O)c(O)c1.N#CC=2C#N
rottlerin	BRD-K03816923	CC(=O)c1c(O)c(C)c(O)c(Cc2c(O)c3c(c(C(=O)C=Cc4ccccc4)c2O)OC(C)(C)C=C3)c1O	c19c(O)c6c2c(c1O)C=CC(C)(C)O2.c15c(O)c8c(O)c(C)c1O.C=7c1ccccc1.C6(=O)C=7.CC5=O.C89
penitrem-a	BRD-K03842655	C=C(C)C1OC2CCC3(C)C4(C)c5[nH]c6cc(Cl)c7c8c6c5C(OC(C)(C)C5CC(C(=C)C7)C85O)C4CCC3(O)C23OC3C1O	C=C(C)C1OC2CCC3(C)C4(C)c5[nH]c6cc(Cl)c7c8c6c5C(OC(C)(C)C5CC(C(=C)C7)C85O)C4CCC3(O)C23OC3C1O
ethisterone	BRD-K03981224	C#CC1(O)CCC2C3CCC4=CC(=O)CCC4(C)C3CCC21C	C#CC1(O)CCC2C3CCC4=CC(=O)CCC4(C)C3CCC21C
prostaglandin-a1	BRD-K04010869	CCCCCC(O)C=CC1C=CC(=O)C1CCCCCCC(=O)O	C3CCCCCC(=O)O.CCCCCC(O)C=2.C=2C1C=CC(=O)C13
equilin	BRD-K04046242	CC12CCC3C(=CCc4cc(O)ccc43)C1CCC2=O	CC12CCC3C(=CCc4cc(O)ccc43)C1CCC2=O
raclopride	BRD-K04111260	CCN1CCCC1CNC(=O)c1c(O)c(Cl)cc(Cl)c1OC	c16c3c(Cl)cc(Cl)c1O.N14CCCC17.C26=O.CC4.C57.N25.O3C
GW-441756	BRD-K04146668	Cn1cc(C=C2C(=O)Nc3cccnc32)c2ccccc21	Cn1cc(C=4)c2ccccc21.C1=4C(=O)Nc2cccnc21
psoromic-acid	BRD-K04170657	COc1cc(C(=O)O)c2c(c1C)OC(=O)c1c(C)cc(O)c(C=O)c1O2	c13cc4c2c(c1C)OC(=O)c1c(C)cc(O)c(C=O)c1O2.C4(=O)O.CO3
oxybuprocaine	BRD-K04185004	CCCCOc1cc(C(=O)OCCN(CC)CC)ccc1N	c15cc9ccc1N.CCCC3.C29=O.C4C6.N678.O35.O24.C7C.C8C
oxcarbazepine	BRD-K04196797	NC(=O)N1c2ccccc2CC(=O)c2ccccc21	N13c2ccccc2CC(=O)c2ccccc21.NC3=O
tamoxifen	BRD-K04210847	CCC(=C(c1ccc(O)cc1)c1ccc(OCCN(C)C)cc1)c1ccccc1	C=5(c1ccc3cc1)c1ccc(O)cc1.CCC=5c1ccccc1.C2C4.N4(C)C.O23
tramadol	BRD-K04412738	COc1cccc(C2(O)CCCCC2CN(C)C)c1	C16(O)CCCCC15.c13cccc6c1.N4(C)C.CO3.C45
SB-222200	BRD-K04414442	CCC(NC(=O)c1c(C)c(-c2ccccc2)nc2ccccc12)c1ccccc1	c15c(C)c7nc2ccccc12.c17ccccc1.c16ccccc1.CCC46.C35=O.N34
7-nitroindazole	BRD-K04430056	O=[N+]([O-])c1cccc2cn[nH]c12	O=[N+]([O-])c1cccc2cn[nH]c12
Merck60	BRD-K04466929	CC(=O)Nc1ccc(C(=O)Nc2cc(-c3cccs3)ccc2N)cc1	c17cc9ccc1N.c16ccc8cc1.c19cccs1.CC4=O.C58=O.N46.N57
JAK3-inhibitor-VI	BRD-K04546108	O=C1Nc2ccc(-c3cccnc3)cc2C1=Cc1ccc[nH]1	O=C1Nc2ccc5cc2C1=4.c15cccnc1.C=4c1ccc[nH]1
epirubicin	BRD-K04548931	COc1cccc2c1C(=O)c1c(O)c3c(c(O)c1C2=O)CC(O)(C(=O)CO)CC3OC1CC(N)C(O)C(C)O1	c15cccc2c1C(=O)c1c(O)c3c(c(O)c1C2=O)CC6(O)CC3O4.C14CC(N)C(O)C(C)O1.C6(=O)CO.CO5
hexamethylenebisacetamide	BRD-K04710043	CC(=O)NCCCCCCNC(C)=O	C3CCCCC4.CC1=O.C2(C)=O.N13.N24
GSK-1904529A	BRD-K04833372	CCc1cc(Nc2nccc(-c3c(-c4ccc(OC)c(C(=O)Nc5c(F)cccc5F)c4)nc4ccccn34)n2)c(OC)cc1N1CCC(N2CCN(S(C)(=O)=O)CC2)CC1	c19c%10nc2ccccn12.c18cc%15c%12cc1%17.c1%10ccc%11c7c1.c1%16c(F)cccc1F.c1%14nccc9n1.N1%17CCC%18CC1.N1%18CCN%13CC1.S%13(C)(=O)=O.C67=O.CC8.N%14%15.O%11C.N6%16.O%12C
LDN-193189	BRD-K04853698	c1ccc2c(-c3cnn4cc(-c5ccc(N6CCNCC6)cc5)cnc34)ccnc2c1	c1ccc2c8ccnc2c1.c18cnn2cc9cnc12.c19ccc7cc1.N17CCNCC1
FTase-inhibitor-B581	BRD-K04877770	CSCCC(NC(=O)C(Cc1ccccc1)NCC(NCC(N)CS)C(C)C)C(=O)O	C8CC3C(=O)O.C2(=O)C4C9.c19ccccc1.C5C6C(C)C.C7C(N)CS.CS8.N23.N45.N67
AKT-inhibitor-1-2	BRD-K04887706	O=c1[nH]c2ccccc2n1C1CCN(Cc2ccc(-c3nc4cc5[nH]cnc5cc4nc3-c3ccccc3)cc2)CC1	c19nc2cc3[nH]cnc3cc2nc1%10.O=c1[nH]c2ccccc2n18.C18CCN6CC1.c17ccc9cc1.c1%10ccccc1.C67
GSK-3-inhibitor-IX	BRD-K04923131	O=C1Nc2cc(Br)ccc2C1=C1Nc2ccccc2C1=NO	O=C1Nc2cc(Br)ccc2C1=3.C1=3Nc2ccccc2C1=NO
aminogenistein	BRD-K04976539	Nc1ccc(-c2cc(=O)c3cc(O)ccc3o2)cc1	c14cc(=O)c2cc(O)ccc2o1.Nc1ccc4cc1
cefixime	BRD-K04993501	C=CC1=C(C(=O)O)N2C(=O)C(NC(=O)C(=NOCC(=O)O)c3csc(N)n3)C2SC1	C=CC1=C(C(=O)O)N2C(=O)C6C2SC1.C4(=O)C(=NO5)c1csc(N)n1.C5C(=O)O.N46
PD-184352	BRD-K05104363	O=C(NOCC1CC1)c1ccc(F)c(F)c1Nc1ccc(I)cc1Cl	c15ccc(F)c(F)c13.c14ccc(I)cc1Cl.O=C5NO2.C16CC1.C26.N34
ZK-164015	BRD-K05151076	CCCCCS(=O)(=O)CCCCCCCCCCn1c(-c2ccc(O)cc2)c(C)c2cc(O)ccc21	CCCCCS(=O)(=O)CCCCCCCCCC3.n13c4c(C)c2cc(O)ccc21.c14ccc(O)cc1
NGB-2904	BRD-K05181084	O=C(NCCCCN1CCN(c2cccc(Cl)c2Cl)CC1)c1ccc2c(c1)Cc1ccccc1-2	c17ccc2c(c1)Cc1ccccc1-2.c16cccc(Cl)c1Cl.N15CCN6CC1.C4CCC5.O=C37.N34
L-741626	BRD-K05181463	OC1(c2ccc(Cl)cc2)CCN(Cc2c[nH]c3ccccc23)CC1	c15c[nH]c2ccccc12.OC16CCN4CC1.c16ccc(Cl)cc1.C45
oligomycin-c	BRD-K05350981	CCC1C=CC=CCC(C)C(O)C(C)C(=O)C(C)C(O)C(C)C(=O)C(C)C(O)C(C)C=CC(=O)OC2C(C)C(CC1)OC1(CCC(C)C(CC(C)O)O1)C2C	C14C=CC=CCC(C)C(O)C(C)C(=O)C(C)C(O)C(C)C(=O)C(C)C(O)C(C)C=CC(=O)OC2C(C)C(CC1)OC1(CCC(C)C3O1)C2C.C3C(C)O.CC4
nicotine	BRD-K05395900	CN1CCCC1c1cccnc1	CN1CCCC12.c12cccnc1
15-delta-prostaglandin-j2	BRD-K05396879	CCCCCC=CC=C1C(=O)C=CC1CC=CCCCC(=O)O	C1=3C(=O)C=CC15.C=4CCCC(=O)O.CCCCCC=2.C=2C=3.C5C=4
HA-1004	BRD-K05434375	N=C(N)NCCNS(=O)(=O)c1cccc2cnccc12	S5(=O)(=O)c1cccc2cnccc12.N=C(N)N3.C3C4.N45
JX-401	BRD-K05464208	COc1cc(SC)ccc1C(=O)N1CCC(Cc2ccccc2)CC1	c14cc8ccc15.N13CCC6CC1.c17ccccc1.C35=O.CO4.S8C.C67
L-745870	BRD-K05528470	Clc1ccc(N2CCN(Cc3c[nH]c4ncccc34)CC2)cc1	c17c[nH]c2ncccc12.Clc1ccc6cc1.N16CCN5CC1.C57
DL-PDMP	BRD-K05653692	CCCCCCCCCC(=O)NC(CN1CCOCC1)C(O)c1ccccc1	CCCCCCCCCC2=O.C3(C4)C5O.N14CCOCC1.c15ccccc1.N23
raltegravir	BRD-K05658747	Cc1nnc(C(=O)NC(C)(C)c2nc(C(=O)NCc3ccc(F)cc3)c(O)c(=O)n2C)o1	c1%10nc9c(O)c(=O)n1C.c1%11ccc(F)cc1.Cc1nnc8o1.C6%10(C)C.C48=O.C59=O.N46.N57.C7%11
dicloxacillin	BRD-K05673000	Cc1onc(-c2c(Cl)cccc2Cl)c1C(=O)NC1C(=O)N2C1SC(C)(C)C2C(=O)O	C14C(=O)N2C1SC(C)(C)C25.c17c(Cl)cccc1Cl.Cc1onc7c16.C36=O.C5(=O)O.N34
isoeugenol	BRD-K05737787	Cc1cc(=O)c2c(O)cc(O)c(C)c2o1	Cc1cc(=O)c2c(O)cc(O)c(C)c2o1
AZ-628	BRD-K05804044	Cc1ccc(NC(=O)c2cccc(C(C)(C)C#N)c2)cc1Nc1ccc2ncn(C)c(=O)c2c1	c16ccc2ncn(C)c(=O)c2c1.Cc1ccc4cc15.c17cccc8c1.C8(C)(C)C#N.C37=O.N34.N56
terguride	BRD-K05901394	CCN(CC)C(=O)NC1CC2c3cccc4[nH]cc(c34)CC2N(C)C1	C19CC2c3cccc4[nH]cc(c34)CC2N(C)C1.N578.C56=O.CC7.C8C.N69
limonin	BRD-K05906022	CC1(C)OC2CC(=O)OCC23C1CC(=O)C1(C)C3CCC2(C)C(c3ccoc3)OC(=O)C3OC321	CC1(C)OC2CC(=O)OCC23C1CC(=O)C1(C)C3CCC2(C)C4OC(=O)C3OC321.c14ccoc1
lenalidomide	BRD-K05926469	Nc1cccc2c1CN(C1CCC(=O)NC1=O)C2=O	Nc1cccc2c1CN3C2=O.C13CCC(=O)NC1=O
fluconazole	BRD-K05977355	OC(Cn1cncn1)(Cn1cncn1)c1ccc(F)cc1F	c14ccc(F)cc1F.OC4(C2)C3.n12cncn1.n13cncn1
tenovin-1	BRD-K05977823	CC(=O)Nc1ccc(NC(=S)NC(=O)c2ccc(C(C)(C)C)cc2)cc1	c15ccc6cc1.c17ccc8cc1.N6C(=S)N4.C8(C)(C)C.CC3=O.C47=O.N35
DH-97	BRD-K06014311	CCCCC(=O)NCCc1c(Cc2ccccc2)[nH]c2ccccc12	c16c5[nH]c2ccccc12.CCCCC3=O.c17ccccc1.C4C6.N34.C57
N-arachidonyl-GABA	BRD-K06024458	CCCCCC=CCC=CCC=CCC=CCCCC(=O)NCCCC(=O)O	C=6CCCC1=O.CCCCCC=3.C2CCC(=O)O.C=3CC=4.C=4CC=5.C=5CC=6.N12
eicosatetraynoic-acid	BRD-K06080977	CCCCCC#CCC#CCC#CCC#CCCCC(=O)O	CCCCCC#CCC#CCC#CCC#CCCCC(=O)O
telenzepine	BRD-K06147391	Cc1scc2c1N(C(=O)CN1CCN(C)CC1)c1ccccc1NC2=O	Cc1scc2c1N3c1ccccc1NC2=O.N14CCN(C)CC1.C3(=O)C4
CCMQ	BRD-K06159959	O=C(O)Cc1cc2ccccc2nc1C(=O)O	c14cc2ccccc2nc13.O=C(O)C4.C3(=O)O
isorotenone	BRD-K06198550	COc1cc2c(cc1OC)C1C(=O)c3ccc4oc(C(C)C)cc4c3OC1CO2	c15cc2c(cc16)C1C(=O)c3ccc4oc7cc4c3OC1CO2.C7(C)C.CO5.O6C
YS-035	BRD-K06208435	COc1ccc(CCN(C)CCc2ccc(OC)c(OC)c2)cc1OC	c13ccc9cc16.c1%10ccc4c5c1.C9C7.N78C.C8C%10.CO3.O4C.O5C.O6C
DUP-697	BRD-K06221026	CS(=O)(=O)c1ccc(-c2cc(Br)sc2-c2ccc(F)cc2)cc1	CS(=O)(=O)c1ccc4cc1.c14cc(Br)sc13.c13ccc(F)cc1
LY-364947	BRD-K06234293	c1ccc(-c2n[nH]cc2-c2ccnc3ccccc23)nc1	c15ccnc2ccccc12.c1ccc4nc1.c14n[nH]cc15
tizanidine	BRD-K06335600	Clc1ccc2nsnc2c1NC1=NCCN1	Clc1ccc2nsnc2c13.N3C1=NCCN1
pramipexole	BRD-K06388322	CCCNC1CCc2nc(N)sc2C1	C14CCc2nc(N)sc2C1.CCC3.N34
ryuvidine	BRD-K06426971	Cc1ccc(NC2=CC(=O)c3sc(C)nc3C2=O)cc1	N4C1=CC(=O)c2sc(C)nc2C1=O.Cc1ccc4cc1
corynanthine	BRD-K06467078	COC(=O)C1C(O)CCC2CN3CCc4c([nH]c5ccccc45)C3CC21	C17C(O)CCC2CN3CCc4c([nH]c5ccccc45)C3CC21.C67=O.CO6
bisindolylmaleimide-ix	BRD-K06543683	Cn1cc(C2=C(c3cn(CCCSC(=N)N)c4ccccc34)C(=O)NC2=O)c2ccccc21	Cn1cc(C2=C(c3cn6c4ccccc34)C(=O)NC2=O)c2ccccc21.C6CC5.S5C(=N)N
LE-135	BRD-K06593056	CN1c2cc3c(cc2N=C(c2ccc(C(=O)O)cc2)c2ccccc21)C(C)(C)CCC3(C)C	CN1c2cc3c(cc2N=C(c2ccc4cc2)c2ccccc21)C(C)(C)CCC3(C)C.C4(=O)O
YM-90709	BRD-K06712146	COc1cc2c(cc1OC)-c1cc3nc4ccccc4nc3n1C(C)(C)C2	c15cc2c(cc16)-c1cc3nc4ccccc4nc3n1C(C)(C)C2.CO5.O6C
GSK-1059615	BRD-K06750613	O=C1NC(=O)C(=Cc2ccc3nccc(-c4ccncc4)c3c2)S1	C=5c1ccc2nccc6c2c1.O=C1NC(=O)C=5S1.c16ccncc1
nobiletin	BRD-K06753942	COc1ccc(-c2cc(=O)c3c(OC)c(OC)c(OC)c(OC)c3o2)cc1OC	c1%10cc(=O)c2c5c6c7c8c2o1.c14ccc%10cc19.CO4.O5C.O6C.O7C.O8C.O9C
narciclasine	BRD-K06792661	O=C1NC2C(=CC(O)C(O)C2O)c2cc3c(c(O)c21)OCO3	O=C1NC2C(=CC(O)C(O)C2O)c2cc3c(c(O)c21)OCO3
1,2,3,4,5,6-hexabromocyclohexane	BRD-K06817181	BrC1C(Br)C(Br)C(Br)C(Br)C1Br	BrC1C(Br)C(Br)C(Br)C(Br)C1Br
AM-580	BRD-K06854232	CC1(C)CCC(C)(C)c2cc(C(=O)Nc3ccc(C(=O)O)cc3)ccc21	CC1(C)CCC(C)(C)c2cc6ccc21.c15ccc7cc1.C46=O.C7(=O)O.N45
deferiprone	BRD-K06878038	Cc1c(O)c(=O)ccn1C	Cc1c(O)c(=O)ccn1C
cisapride	BRD-K06895174	COc1cc(N)c(Cl)cc1C(=O)NC1CCN(CCCOc2ccc(F)cc2)CC1OC	c16cc(N)c(Cl)cc1%10.C19CCN8CC15.c17ccc(F)cc1.C8CC4.C3%10=O.CO6.N39.O47.O5C
tretinoin	BRD-K06926592	CC(C=CC1=C(C)CCCC1(C)C)=CC=CC(C)=CC(=O)O	C=3C1=C(C)CCCC1(C)C.CC=2C=3.C=4C=5C.C=5C(=O)O.C=2C=4
promazine	BRD-K06980535	CN(C)CCCN1c2ccccc2Sc2ccccc21	N14c2ccccc2Sc2ccccc21.C3CC4.CN3C
imperatorin	BRD-K07117950	CC(C)=CCOc1c2occc2cc2ccc(=O)oc12	c14c2occc2cc2ccc(=O)oc12.CC=5C.C=5C3.O34
selinidin	BRD-K07212038	CC=C(C)C(=O)OC1Cc2c(ccc3ccc(=O)oc23)OC1(C)C	C15Cc2c(ccc3ccc(=O)oc23)OC1(C)C.C=6(C)C4=O.CC=6.O45
cinnarizine	BRD-K07220430	C(=Cc1ccccc1)CN1CCN(C(c2ccccc2)c2ccccc2)CC1	C=5c1ccccc1.N13CCN4CC1.c16ccccc1.c17ccccc1.C=5C3.C467
moclobemide	BRD-K07237224	O=C(NCCN1CCOCC1)c1ccc(Cl)cc1	c15ccc(Cl)cc1.N14CCOCC1.O=C25.C3C4.N23
dexrazoxane	BRD-K07265709	CC(CN1CC(=O)NC(=O)C1)N1CC(=O)NC(=O)C1	N13CC(=O)NC(=O)C1.N12CC(=O)NC(=O)C1.CC2C3
arachidonyl-trifluoro-methane	BRD-K07303502	CCCCCC=CCC=CCC=CCC=CCCCC(=O)C(F)(F)F	C=4CCCC(=O)C(F)(F)F.CCCCCC=1.C=1CC=2.C=2CC=3.C=3CC=4
hispidin	BRD-K07325606	O=c1cc(O)cc(C=Cc2ccc(O)c(O)c2)o1	O=c1cc(O)cc(C=3)o1.C=3c1ccc(O)c(O)c1
CAY-10470	BRD-K07403598	Nc1ccc2c(c1)C(NCCc1ccc(Oc3ccccc3)cc1)=NCN2	Nc1ccc2c(c1)C(N6)=NCN2.c17ccc4cc1.c15ccccc1.C6C7.O45
BRL-37344	BRD-K07507905	CC(Cc1ccc(OCC(=O)O)cc1)NCC(O)c1cccc(Cl)c1	c16ccc3cc1.c17cccc(Cl)c1.CC4C6.C2C(=O)O.C5C7O.O23.N45
roscovitine	BRD-K07691486	CCC(CO)Nc1nc(NCc2ccccc2)c2ncn(C(C)C)c2n1	c15nc6c2ncn7c2n1.c18ccccc1.CCC3CO.C7(C)C.N35.N46.C48
VX-702	BRD-K07736136	NC(=O)c1ccc(N(C(N)=O)c2c(F)cccc2F)nc1-c1ccc(F)cc1F	c16ccc4nc17.c15c(F)cccc1F.c17ccc(F)cc1F.NC6=O.N345.C3(N)=O
aminopurvalanol-a	BRD-K07762753	CC(C)C(CO)Nc1nc(Nc2cc(N)cc(Cl)c2)c2ncn(C(C)C)c2n1	c14nc5c2ncn7c2n1.c16cc(N)cc(Cl)c1.CC(C)C3CO.C7(C)C.N34.N56
danusertib	BRD-K07881437	COC(C(=O)N1Cc2[nH]nc(NC(=O)c3ccc(N4CCN(C)CC4)cc3)c2C1)c1ccccc1	N15Cc2[nH]nc8c2C1.c1%10ccc9cc1.N19CCN(C)CC1.c1%11ccccc1.C7%11C5=O.C6%10=O.CO7.N68
depudecin	BRD-K07888107	C=CC(O)C1OC1C=CC1OC1C(C)O	C13OC1C=2.C=2C1OC14.C=CC3O.C4(C)O
tyrphostin-AG-538	BRD-K07888196	N#CC(=Cc1ccc(O)c(O)c1)C(=O)c1ccc(O)c(O)c1	C=3c1ccc(O)c(O)c1.c12ccc(O)c(O)c1.N#CC=3C2=O
harpagoside	BRD-K07996107	CC1(OC(=O)C=Cc2ccccc2)CC(O)C2(O)C=COC(OC3OC(CO)C(O)C(O)C3O)C12	CC15CC(O)C2(O)C=COC6C12.C17OC9C(O)C(O)C1O.C=8c1ccccc1.C4(=O)C=8.O45.O67.C9O
L-701324	BRD-K08109516	O=c1[nH]c2cc(Cl)ccc2c(O)c1-c1cccc(Oc2ccccc2)c1	O=c1[nH]c2cc(Cl)ccc2c(O)c15.c15cccc3c1.c14ccccc1.O34
tyrphostin-AG-1288	BRD-K08115555	N#CC(C#N)=Cc1cc(O)c(O)c([N+](=O)[O-])c1	C=2c1cc(O)c(O)c([N+](=O)[O-])c1.N#CC=2C#N
tyrphostin	BRD-K08132273	COc1cc(C=C(C#N)C(N)=O)cc(CSc2nc3ccccc3s2)c1O	c14cc(C=6)cc7c1O.c18nc2ccccc2s1.C=6(C#N)C(N)=O.CO4.C57.S58
entecavir	BRD-K08206212	C=C1C(CO)C(O)CC1n1cnc2c(=O)nc(N)[nH]c21	n14cnc2c(=O)nc(N)[nH]c21.C=C1C4CC(O)C13.C3O
5-nonyloxytryptamine	BRD-K08219523	CCCCCCCCCOc1ccc2[nH]cc(CCN)c2c1	c14ccc2[nH]cc5c2c1.CCCCCCCCC3.C5CN.O34
diclofenac	BRD-K08252256	O=C(O)Cc1ccccc1Nc1c(Cl)cccc1Cl	c13c(Cl)cccc1Cl.c14ccccc12.O=C(O)C4.N23
griseofulvin	BRD-K08273968	COC1=CC(=O)CC(C)C12Oc1c(Cl)c(OC)cc(OC)c1C2=O	COC1=CC(=O)CC(C)C12Oc1c(Cl)c3cc4c1C2=O.O3C.O4C
butyl-paraben	BRD-K08287586	CCCCOC(=O)c1ccc(O)cc1	c14ccc(O)cc1.CCCC3.C24=O.O23
SID-26681509	BRD-K08417745	CCc1ccccc1NC(=O)CSC(=O)NNC(=O)C(Cc1c[nH]c2ccccc12)NC(=O)OC(C)(C)C	S8C(=O)NNC(=O)C7C%11.c1%11c[nH]c2ccccc12.c1%10ccccc19.C4(=O)C8.C6(C)(C)C.C35=O.CC%10.N49.N57.O36
angiogenesis-inhibitor	BRD-K08502430	O=C1Nc2ccccc2C1=Cc1c[nH]cn1	O=C1Nc2ccccc2C1=3.C=3c1c[nH]cn1
irinotecan	BRD-K08547377	CCc1c2c(nc3ccc(OC(=O)N4CCC(N5CCCCC5)CC4)cc13)-c1cc3c(c(=O)n1C2)COC(=O)C3(O)CC	c1%10c2c(nc3ccc8cc13)-c1cc3c(c(=O)n1C2)COC(=O)C3(O)CC.N17CCC9CC1.N19CCCCC1.C67=O.CC%10.O68
bisbenzimide	BRD-K08554278	CCOc1ccc(-c2nc3cc(-c4nc5cc(N6CCN(C)CC6)ccc5[nH]4)ccc3[nH]2)cc1	c1%10nc2cc%11ccc2[nH]1.c1%11nc2cc9ccc2[nH]1.c18ccc%10cc1.N19CCN(C)CC1.CC7.O78
ethoprop	BRD-K08556791	CCCSP(=O)(OCC)SCCC	S2P(=O)(O1)S3.CCC2.C3CC.C1C
linsitinib	BRD-K08589866	CC1(C)CC(c2nc(-c3ccc4ccc(-c5ccccc5)nc4c3)c3c(N)nccn23)C1	c16nc7c2c(N)nccn12.c17ccc2ccc8nc2c1.CC1(C)CC6C1.c18ccccc1
thioproperazine	BRD-K08619574	CN1CCN(CCCN2c3ccccc3Sc3ccc(S(=O)(=O)N(C)C)cc32)CC1	N15c2ccccc2Sc2ccc(S6(=O)=O)cc21.CN1CCN4CC1.C4CC5.N6(C)C
tremorine	BRD-K08619838	C(#CCN1CCCC1)CN1CCCC1	C(#CC2)C3.N12CCCC1.N13CCCC1
RS-100329	BRD-K08640512	Cc1c[nH]c(=O)n(CCCN2CCN(c3ccccc3OCC(F)(F)F)CC2)c1=O	Cc1c[nH]c(=O)n8c1=O.N16CCN7CC1.c17ccccc15.C4C(F)(F)F.C8CC6.O45
3-amino-benzamide	BRD-K08703257	NC(=O)c1cccc(N)c1	c12cccc(N)c1.NC2=O
timolol	BRD-K08806317	CC(C)(C)NCC(O)COc1nsnc1N1CCOCC1	c13nsnc16.N16CCOCC1.C5C(O)C2.CC4(C)C.N45.O23
CO-102862	BRD-K08890269	NC(=O)NN=Cc1ccc(Oc2ccc(F)cc2)cc1	NC(=O)NN=Cc1ccc3cc1.c14ccc(F)cc1.O34
palonosetron	BRD-K08924299	O=C1c2cccc3c2C(CCC3)CN1C1CN2CCC1CC2	O=C1c2cccc3c2C(CCC3)CN14.C14CN2CCC1CC2
linoleic-acid	BRD-K08973992	CCCCCC=CCC=CCCCCCCCC(=O)O	C=2CCCCCCCC(=O)O.CCCCCC=1.C=1CC=2
zolantidine	BRD-K08996725	c1cc(CN2CCCCC2)cc(OCCCNc2nc3ccccc3s2)c1	c18nc2ccccc2s1.c1cc5cc9c1.N16CCCCC1.C4CC7.C69.O45.N78
fananserin	BRD-K08998509	O=S1(=O)c2cccc3cccc(c23)N1CCCN1CCN(c2ccc(F)cc2)CC1	O=S1(=O)c2cccc3cccc(c23)N14.N15CCN6CC1.c16ccc(F)cc1.C4CC5
D-4476	BRD-K09132007	NC(=O)c1ccc(-c2nc(-c3ccc4c(c3)OCCO4)c(-c3ccccn3)[nH]2)cc1	c18ccc2c(c1)OCCO2.c15ccc7cc1.c17nc8c6[nH]1.c16ccccn1.NC5=O
KIN001-244	BRD-K09186807	O=C(NC(COc1ccc2[nH]c(=O)[nH]c2c1)c1ccccc1)c1cccn(Cc2ccc(F)c(F)c2)c1=O	c15ccc2[nH]c(=O)[nH]c2c1.c17cccn8c1=O.c1%10ccc(F)c(F)c1.c19ccccc1.C69C4.O=C37.N36.O45.C8%10
clioquinol	BRD-K09255212	Oc1c(I)cc(Cl)c2cccnc12	Oc1c(I)cc(Cl)c2cccnc12
SR-57227A	BRD-K09397065	NC1CCN(c2cccc(Cl)n2)CC1	NC1CCN3CC1.c13cccc(Cl)n1
lovastatin	BRD-K09416995	CCC(C)C(=O)OC1CC(C)C=C2C=CC(C)C(CCC3CC(O)CC(=O)O3)C21	C15CC(C)C=C2C=CC(C)C7C21.C16CC(O)CC(=O)O1.CCC(C)C4=O.C7C6.O45
prostaglandin	BRD-K09436313	CCCCCC(O)C=CC1C(=O)CC(O)C1CC=CCCCC(=O)O	C=2C1C(=O)CC(O)C14.CCCCCC(O)C=2.C=3CCCC(=O)O.C4C=3
levofloxacin	BRD-K09471561	CC1COc2c(N3CCN(C)CC3)c(F)cc3c(=O)c(C(=O)O)cn1c23	CC1COc2c4c(F)cc3c(=O)c5cn1c23.N14CCN(C)CC1.C5(=O)O
GANT-61	BRD-K09485525	CN(C)c1ccccc1CN1CCCN(Cc2ccccc2N(C)C)C1c1ccncc1	N13CCCN4C19.c15ccccc17.c18ccccc16.c19ccncc1.CN5C.N6(C)C.C37.C48
kawain	BRD-K09497549	COC1=CC(=O)OC(C=Cc2ccccc2)C1	COC1=CC(=O)OC(C=3)C1.C=3c1ccccc1
KU-0060648	BRD-K09499853	CCN1CCN(CC(=O)Nc2ccc(-c3cccc4c(=O)cc(N5CCOCC5)oc34)c3sc4ccccc4c23)CC1	c1%10ccc%11c2sc3ccccc3c12.c1%11cccc2c(=O)cc9oc12.N17CCN8CC1.N19CCOCC1.C8C6=O.CC7.N6%10
NU-7026	BRD-K09537769	O=c1cc(N2CCOCC2)oc2c1ccc1ccccc12	O=c1cc3oc2c1ccc1ccccc12.N13CCOCC1
mibefradil	BRD-K09549677	COCC(=O)OC1(CCN(C)CCCc2nc3ccccc3[nH]2)CCc2cc(F)ccc2C1C(C)C	C16%10CCc2cc(F)ccc2C1C(C)C.c19nc2ccccc2[nH]1.C5C4=O.C8CC9.C%10C7.N78C.CO5.O46
thiotepa	BRD-K09631521	S=P(N1CC1)(N1CC1)N1CC1	S=P(N1CC1)(N1CC1)N1CC1
L-erythro-MAPP	BRD-K09635134	CCCCCCCCCCCCCC(=O)NC(C)C(O)c1ccccc1	CCCCCCCCCCCCCC2=O.c14ccccc1.C3(C)C4O.N23
m-3M3FBS	BRD-K09635314	Cc1cc(C)c(S(=O)(=O)Nc2cccc(C(F)(F)F)c2)c(C)c1	Cc1cc(C)c(S3(=O)=O)c(C)c1.c14cccc5c1.C5(F)(F)F.N34
IC-261	BRD-K09638361	COc1cc(OC)c(C=C2C(=O)Nc3ccccc32)c(OC)c1	c14cc5c(C=7)c6c1.C1=7C(=O)Nc2ccccc21.CO4.O5C.O6C
benzo(a)pyrene	BRD-K09668667	c1ccc2c(c1)cc1ccc3cccc4ccc2c1c34	c1ccc2c(c1)cc1ccc3cccc4ccc2c1c34
mead-ethanolamide	BRD-K09764130	CCCCCCCCC=CCC=CCC=CCCCC(=O)NCCO	CCCCCCCCC=3.C=5CCCC1=O.C=3CC=4.C=4CC=5.C2CO.N12
FGIN-1-27	BRD-K09778810	CCCCCCN(CCCCCC)C(=O)Cc1c(-c2ccc(F)cc2)[nH]c2ccccc12	c16c7[nH]c2ccccc12.c17ccc(F)cc1.CCCCCC4.C5CCCCC.C3(=O)C6.N345
methantheline	BRD-K09859624	CC[N+](C)(CC)CCOC(=O)C1c2ccccc2Oc2ccccc21	C3(=O)C1c2ccccc2Oc2ccccc21.[N+]567C.C7C4.CC5.C6C.O34
PRL-3-inhibitor-I	BRD-K09907482	O=C1NC(=S)SC1=Cc1cc(Br)ccc1OCc1ccccc1Br	C=4c1cc(Br)ccc13.O=C1NC(=S)SC1=4.c15ccccc1Br.O23.C25
saquinavir	BRD-K09963420	CC(C)(C)NC(=O)C1CC2CCCCC2CN1CC(O)C(Cc1ccccc1)NC(=O)C(CC(N)=O)NC(=O)c1ccc2ccccc2n1	C1%11CC2CCCCC2CN18.c1%12ccc2ccccc2n1.C5(=O)C%10CC(N)=O.C8C(O)C9C4.c14ccccc1.CC7(C)C.C3%11=O.C6%12=O.N37.N59.N6%10
GSK-3-inhibitor-II	BRD-K09991945	Ic1cccc(CSc2nnc(-c3ccncc3)o2)c1	Ic1cccc5c1.c16nnc7o1.c17ccncc1.C45.S46
pyridine-2-aldoxime	BRD-K10016611	CN1C=CC=CC1=CN=O	CN1C=CC=CC1=CN=O
desmethylclozapine	BRD-K10042277	Clc1ccc2c(c1)N=C(N1CCNCC1)c1ccccc1N2	Clc1ccc2c(c1)N=C(N1CCNCC1)c1ccccc1N2
dantron	BRD-K10065684	O=C1c2cccc(O)c2C(=O)c2c(O)cccc21	O=C1c2cccc(O)c2C(=O)c2c(O)cccc21
rhapontin	BRD-K10098805	COc1ccc(C=Cc2cc(O)cc(OC3OC(CO)C(O)C(O)C3O)c2)cc1O	C14OC8C(O)C(O)C1O.c15ccc(C=7)cc1O.C=7c1cc6cc(O)c1.CO5.O46.C8O
tosyllysyl-chloromethyl-ketone	BRD-K10136726	Cc1ccc(S(=O)(=O)NC(CCCCN)C(=O)CCl)cc1	Cc1ccc(S3(=O)=O)cc1.C2(CCCCN)C(=O)CCl.N23
L-701252	BRD-K10176267	O=C(c1c(O)c2ccc(Cl)cc2[nH]c1=O)C1CC1	c14c(O)c2ccc(Cl)cc2[nH]c1=O.O=C34.C13CC1
PSB-11	BRD-K10177585	CCC1CN2C(=O)N(C)c3nc(-c4ccccc4)[nH]c3C2=N1	C15CN2C(=O)N(C)c3nc6[nH]c3C2=N1.c16ccccc1.CC5
AVA	BRD-K10466330	CC1(C)C=Cc2c(ccc3c2[N+]([O-])=C2C3=CC34NC(=O)C5(CCCN5C3=O)CC4C2(C)C)O1	CC1(C)C=Cc2c(ccc3c2[N+]([O-])=C2C3=CC34NC(=O)C5(CCCN5C3=O)CC4C2(C)C)O1
tibolone	BRD-K10467831	C#CC1(O)CCC2C3C(C)CC4=C(CCC(=O)C4)C3CCC21C	C#CC1(O)CCC2C3C(C)CC4=C(CCC(=O)C4)C3CCC21C
tunicamycin	BRD-K10573841	CC(=O)NC1C(OC2OC(CC(O)C3OC(n4ccc(=O)[nH]c4=O)C(O)C3O)C(O)C(O)C2NC(=O)C=CCCCCCCCCC(C)C)OC(CO)C(O)C1O	C=%13CCCCCCCCC(C)C.C1%11C9OC6C(O)C1O.C1%10OC%14C(O)C(O)C1%12.C1%15OC7C(O)C1O.n17ccc(=O)[nH]c1=O.C%14C%15O.C8(=O)C=%13.CC5=O.N5%11.O9%10.N8%12.C6O
sulfasalazine	BRD-K10670311	O=C(O)c1cc(N=Nc2ccc(S(=O)(=O)Nc3ccccn3)cc2)ccc1O	c16cc(N=Nc2ccc(S4(=O)=O)cc2)ccc1O.c15ccccn1.O=C6O.N45
GW-405833	BRD-K10705233	COc1ccc2c(c1)c(CCN1CCOCC1)c(C)n2C(=O)c1cccc(Cl)c1Cl	c13ccc2c(c1)c6c(C)n2C5=O.c15cccc(Cl)c1Cl.N14CCOCC1.C6C4.CO3
phenylbutazone	BRD-K10843433	CCCCC1C(=O)N(c2ccccc2)N(c2ccccc2)C1=O	C13C(=O)N4N5C1=O.c14ccccc1.c15ccccc1.CCCC3
tolcapone	BRD-K10852020	Cc1ccc(C(=O)c2cc(O)c(O)c([N+](=O)[O-])c2)cc1	c14cc(O)c(O)c([N+](=O)[O-])c1.Cc1ccc3cc1.C34=O
granisetron	BRD-K10860596	CN1C2CCCC1CC(NC(=O)c1nn(C)c3ccccc13)C2	CN1C2CCCC1CC5C2.c16nn(C)c2ccccc12.C46=O.N45
CDC	BRD-K10870738	N#CC(=Cc1ccc(O)c(O)c1)C(=O)OCC=Cc1ccccc1	C=4c1ccc(O)c(O)c1.C=5c1ccccc1.N#CC=4C2=O.C3C=5.O23
latanoprost	BRD-K10961822	CC(C)OC(=O)CCCC=CCC1C(O)CC(O)C1CCC(O)CCc1ccccc1	C15C(O)CC(O)C16.C2(=O)CCCC=4.C6CC(O)CC7.c17ccccc1.CC3C.C=4C5.O23
diloxanide	BRD-K10974103	CN(C(=O)C(Cl)Cl)c1ccc(OC(=O)c2ccco2)cc1	c16ccc5cc1.C4(=O)C(Cl)Cl.c17ccco1.CN46.C37=O.O35
perphenazine	BRD-K10995081	OCCN1CCN(CCCN2c3ccccc3Sc3ccc(Cl)cc32)CC1	N16c2ccccc2Sc2ccc(Cl)cc21.N14CCN5CC1.C5CC6.OCC4
tiotidine	BRD-K11107424	CNC(=NC#N)NCCSCc1csc(N=C(N)N)n1	c15csc(N=C(N)N)n1.CNC(=NC#N)N2.C2C3.S34.C45
gemfibrozil	BRD-K11129031	Cc1ccc(C)c(OCCCC(C)(C)C(=O)O)c1	C2CCC(C)(C)C(=O)O.Cc1ccc(C)c3c1.O23
tyrphostin-B44	BRD-K11158509	CC(NC(=O)C(C#N)=Cc1ccc(O)c(O)c1)c1ccccc1	C=4c1ccc(O)c(O)c1.C2(=O)C=4C#N.c15ccccc1.CC35.N23
phenanthridone	BRD-K11163873	O=c1[nH]c2ccccc2c2ccccc12	O=c1[nH]c2ccccc2c2ccccc12
ZD-7155	BRD-K11373525	CCc1cc2c(c(CC)n1)CCC(=O)N2Cc1ccc(-c2ccccc2-c2nnn[nH]2)cc1	c13cc2c(c4n1)CCC(=O)N2C5.c15ccc7cc1.c17ccccc16.c16nnn[nH]1.CC3.C4C
phenformin	BRD-K11399644	N=C(N)NC(=N)NCCc1ccccc1	N=C(N)NC(=N)N2.c13ccccc1.C2C3
aspirin	BRD-K11433652	CC(=O)Oc1ccccc1C(=O)O	c13ccccc14.CC2=O.C4(=O)O.O23
EMF-BCA1-64	BRD-K11540476	CC1CN(C(C)CO)C(=O)c2cccc(NC(=O)Nc3cccc4ccccc34)c2OC1CN(C)S(=O)(=O)c1ccc2c(c1)OCCO2	CC1CN%11C(=O)c2cccc9c2OC1%12.S8(=O)(=O)c1ccc2c(c1)OCCO2.c1%10cccc2ccccc12.C%11(C)CO.C56=O.N78C.N59.N6%10.C7%12
droxinostat	BRD-K11558771	Cc1cc(Cl)ccc1OCCCC(=O)NO	Cc1cc(Cl)ccc13.C2CCC(=O)NO.O23
carmofur	BRD-K11630072	CCCCCCNC(=O)n1cc(F)c(=O)[nH]c1=O	C2(=O)n1cc(F)c(=O)[nH]c1=O.CCCCCC3.N23
GBR-13069	BRD-K11634954	Fc1ccc(C(OCCN2CCN(CC=Cc3ccccc3)CC2)c2ccc(F)cc2)cc1	Fc1ccc9cc1.N16CCN7CC1.C=8c1ccccc1.c1%10ccc(F)cc1.C49%10.C5C6.C7C=8.O45
JNJ-7706621	BRD-K11636097	Nc1nc(Nc2ccc(S(N)(=O)=O)cc2)nn1C(=O)c1c(F)cccc1F	c14ccc(S(N)(=O)=O)cc1.Nc1nc3nn1C5=O.c15c(F)cccc1F.N34
pyroxamide	BRD-K11663430	O=C(CCCCCCC(=O)Nc1cccnc1)NO	O=C(CCCCCCC2=O)NO.c13cccnc1.N23
BU-239	BRD-K11696279	c1ccc2nc(C3=NCCN3)cnc2c1	c1ccc2nc(C3=NCCN3)cnc2c1
benzbromarone	BRD-K11717138	CCc1oc2ccccc2c1C(=O)c1cc(Br)c(O)c(Br)c1	c15oc2ccccc2c13.c14cc(Br)c(O)c(Br)c1.C34=O.CC5
triprolidine	BRD-K11742128	Cc1ccc(C(=CCN2CCCC2)c2ccccn2)cc1	Cc1ccc(C=4c2ccccn2)cc1.N13CCCC1.C=4C3
trimidox	BRD-K11801786	N=C(NO)c1cc(O)c(O)c(O)c1	N=C(NO)c1cc(O)c(O)c(O)c1
PJ-34	BRD-K11853856	CN(C)CC(=O)Nc1ccc2[nH]c(=O)c3ccccc3c2c1	c16ccc2[nH]c(=O)c3ccccc3c2c1.C5C4=O.CN5C.N46
spectinomycin	BRD-K11905747	CNC1C(O)C(NC)C2OC3(O)C(=O)CC(C)OC3OC2C1O	C14C(O)C5C2OC3(O)C(=O)CC(C)OC3OC2C1O.CN4.N5C
GR-127935	BRD-K11911061	COc1ccc(NC(=O)c2ccc(-c3ccc(-c4noc(C)n4)cc3C)cc2)cc1N1CCN(C)CC1	c16ccc7cc18.c1%11ccc%10cc1C.c19ccc%11cc1.N18CCN(C)CC1.c1%10noc(C)n1.C59=O.CO6.N57
ER-27319	BRD-K11927976	Cc1ccc2c(=O)c3ccccc3n(CCCN)c2c1C	Cc1ccc2c(=O)c3ccccc3n4c2c1C.C4CCN
megestrol	BRD-K12002134	CC(=O)OC1(C(C)=O)CCC2C3C=C(C)C4=CC(=O)CCC4(C)C3CCC21C	C167CCC2C3C=C(C)C4=CC(=O)CCC4(C)C3CCC21C.CC5=O.C7(C)=O.O56
PD-160170	BRD-K12079898	CC(C)c1ccccc1S(=O)(=O)c1cc(N)c2ncccc2c1[N+](=O)[O-]	c13ccccc1S(=O)(=O)c1cc(N)c2ncccc2c1[N+](=O)[O-].CC3C
nialamide	BRD-K12102668	O=C(CCNNC(=O)c1ccncc1)NCc1ccccc1	O=C2CCNNC4=O.c14ccncc1.c15ccccc1.N23.C35
GR-144053	BRD-K12120659	N=C(N)c1ccc(N2CCN(C3CCN(CC(=O)O)CC3)CC2)cc1	N=C(N)c1ccc5cc1.N15CCN6CC1.C16CCN4CC1.C4C(=O)O
NVP-BEZ235	BRD-K12184916	Cn1c(=O)n(-c2ccc(C(C)(C)C#N)cc2)c2c3cc(-c4cnc5ccccc5c4)ccc3ncc21	Cn1c(=O)n7c2c3cc8ccc3ncc21.c18cnc2ccccc2c1.c17ccc6cc1.C6(C)(C)C#N
glipizide	BRD-K12219985	Cc1cnc(C(=O)NCCc2ccc(S(=O)(=O)NC(=O)NC3CCCCC3)cc2)cn1	c1%11ccc(S8(=O)=O)cc1.Cc1cnc%10cn1.C19CCCCC1.C4%10=O.C7C%11.C56=O.N47.N58.N69
MEK1-2-inhibitor	BRD-K12244279	N#CC(=C(N)Sc1ccc(N)cc1)c1ccccc1C(F)(F)F	N#CC(=C(N)S3)c1ccccc12.c13ccc(N)cc1.C2(F)(F)F
xanthoxyline	BRD-K12260308	COc1cc(O)c(C(C)=O)c(OC)c1	c12cc3c4c(O)c1.C4(C)=O.CO2.O3C
AG-490	BRD-K12357156	N#CC(=Cc1ccc(O)c(O)c1)C(=O)NCc1ccccc1	C=4c1ccc(O)c(O)c1.N#CC=4C2=O.c15ccccc1.N23.C35
TG-101348	BRD-K12502280	Cc1cnc(Nc2ccc(OCCN3CCCC3)cc2)nc1Nc1cccc(S(=O)(=O)NC(C)(C)C)c1	c1%12cccc(S8(=O)=O)c1.Cc1cnc9nc1%10.c1%11ccc5cc1.N16CCCC1.C7(C)(C)C.C4C6.N9%11.O45.N%10%12.N78
fenbufen	BRD-K12513978	O=C(O)CCC(=O)c1ccc(-c2ccccc2)cc1	O=C(O)CCC3=O.c13ccc4cc1.c14ccccc1
zaprinast	BRD-K12516989	CCCOc1ccccc1-c1nc2nn[nH]c2c(=O)[nH]1	c15nc2nn[nH]c2c(=O)[nH]1.c14ccccc15.CCC3.O34
nocodazole	BRD-K12539581	COC(=O)Nc1nc2cc(C(=O)c3cccs3)ccc2[nH]1	c16nc2cc8ccc2[nH]1.c17cccs1.C45=O.C78=O.CO4.N56
XAV-939	BRD-K12762134	Oc1nc(-c2ccc(C(F)(F)F)cc2)nc2c1CSCC2	Oc1nc4nc2c1CSCC2.c14ccc3cc1.C3(F)(F)F
PCI-24781	BRD-K12867552	CN(C)Cc1c(C(=O)NCCOc2ccc(C(=O)NO)cc2)oc2ccccc12	c1%10c8oc2ccccc12.c15ccc9cc1.C9(=O)NO.CN6C.C38=O.C7C4.C6%10.N37.O45
dichlorobenzamil	BRD-K12906962	NC(=NC(=O)c1nc(Cl)c(N)nc1N)NCc1ccc(Cl)cc1Cl	c13nc(Cl)c(N)nc1N.c14ccc(Cl)cc1Cl.NC(=NC3=O)N2.C24
YM-976	BRD-K12932420	CCc1ccc2c(-c3cccc(Cl)c3)nc(=O)n(CC)c2n1	c15ccc2c6nc(=O)n4c2n1.c16cccc(Cl)c1.CC5.C4C
valdecoxib	BRD-K12994359	Cc1onc(-c2ccccc2)c1-c1ccc(S(N)(=O)=O)cc1	c14ccc(S(N)(=O)=O)cc1.Cc1onc3c14.c13ccccc1
procarbazine	BRD-K13032584	CNNCc1ccc(C(=O)NC(C)C)cc1	c15ccc4cc1.CNNC5.C24=O.C3(C)C.N23
BMS-754807	BRD-K13049116	CC1(C(=O)Nc2ccc(F)nc2)CCCN1c1nc(Nc2cc(C3CC3)n[nH]2)c2cccn2n1	c15nc6c2cccn2n1.CC19CCCN15.c18ccc(F)nc1.c17cc%10n[nH]1.C49=O.C1%10CC1.N48.N67
CGP-52411	BRD-K13087974	O=C1NC(=O)c2cc(Nc3ccccc3)c(Nc3ccccc3)cc21	O=C1NC(=O)c2cc4c6cc21.c15ccccc1.c17ccccc1.N45.N67
NSC-3852	BRD-K13169950	[O-][N+]c1ccc(O)c2ncccc12	[O-][N+]c1ccc(O)c2ncccc12
L-741742	BRD-K13211965	Cc1c(C2CCN(CCc3ccccc3)CC2)noc1-c1ccc(Cl)cc1	Cc1c6noc17.C16CCN4CC1.c17ccc(Cl)cc1.c15ccccc1.C4C5
quinelorane	BRD-K13261168	CCCN1CCCC2Cc3nc(N)ncc3CC21	N14CCCC2Cc3nc(N)ncc3CC21.CCC4
methazolamide	BRD-K13356952	CC(=O)N=c1sc(S(N)(=O)=O)nn1C	CC(=O)N=c1sc(S(N)(=O)=O)nn1C
AT-7519	BRD-K13390322	O=C(NC1CCNCC1)c1n[nH]cc1NC(=O)c1c(Cl)cccc1Cl	c17c(Cl)cccc1Cl.C15CCNCC1.c16n[nH]cc14.O=C26.C37=O.N25.N34
everolimus	BRD-K13514097	COC1CC2CCC(C)C(O)(O2)C(=O)C(=O)N2CCCCC2C(=O)OC(C(C)CC2CCC(OCCO)C(OC)C2)CC(=O)C(C)C=C(C)C(O)C(OC)C(=O)C(C)CC(C)C=CC=CC=C1C	C14CC2CCC(C)C(O)(O2)C(=O)C(=O)N2CCCCC2C(=O)OC8CC(=O)C(C)C=C(C)C(O)C7C(=O)C(C)CC(C)C=CC=CC=C1C.C19CCC5C6C1.C8(C)C9.C3CO.CO4.O35.O6C.O7C
r(-)-propylnorapomorphine	BRD-K13544237	CCCN1CCc2cccc3c2C1Cc1ccc(O)c(O)c1-3	N14CCc2cccc3c2C1Cc1ccc(O)c(O)c1-3.CCC4
BMS-345541	BRD-K13566078	Cc1ccc2nc(NCCN)c3ncc(C)n3c2c1	Cc1ccc2nc5c3ncc(C)n3c2c1.C4CN.N45
pepstatin	BRD-K13571841	CC(C)CC(=O)NC(C(=O)NC(C(=O)NC(CC(C)C)C(O)CC(=O)NC(C)C(=O)NC(CC(C)C)C(O)CC(=O)O)C(C)C)C(C)C	C9(CC(C)C)C(O)CC5=O.C2(CC(C)C)C(O)CC(=O)O.C7(C3=O)C(C)C.C8(C4=O)C(C)C.CC(C)CC1=O.C%10(C)C6=O.N17.N38.N49.N5%10.N62
cosmosiin	BRD-K13642330	O=c1cc(-c2ccc(O)cc2)oc2cc(OC3OC(CO)C(O)C(O)C3O)cc(O)c12	O=c1cc7oc2cc5cc(O)c12.C14OC6C(O)C(O)C1O.c17ccc(O)cc1.O45.C6O
midostaurin	BRD-K13646352	COC1C(N(C)C(=O)c2ccccc2)CC2OC1(C)n1c3ccccc3c3c4c(c5c6ccccc6n2c5c31)C(=O)NC4	C18C9CC2OC1(C)n1c3ccccc3c3c4c(c5c6ccccc6n2c5c31)C(=O)NC4.c1%10ccccc1.N79C.C7%10=O.CO8
dichloroacetic-acid	BRD-K13664374	O=C(O)C(Cl)Cl	O=C(O)C(Cl)Cl
rhodomyrtoxin	BRD-K13725475	Cc1c(O)c(C(=O)CC(C)C)c2oc3c(C(=O)CC(C)C)c(O)c(C)c(O)c3c2c1O	Cc1c(O)c4c2oc3c5c(O)c(C)c(O)c3c2c1O.C4(=O)CC(C)C.C5(=O)CC(C)C
parecoxib	BRD-K13800121	CCC(=O)NS(=O)(=O)c1ccc(-c2c(-c3ccccc3)noc2C)cc1	S5(=O)(=O)c1ccc7cc1.c17c6noc1C.c16ccccc1.CCC4=O.N45
givinostat	BRD-K13810148	CCN(CC)Cc1ccc2cc(COC(=O)Nc3ccc(C(=O)NO)cc3)ccc2c1	c1%13ccc2cc5ccc2c1.c1%11ccc%12cc1.C%12(=O)NO.N89%10.C46=O.CC8.C9C.C%10%13.C75.O47.N6%11
desoxypeganine	BRD-K13819402	c1ccc2c(c1)CN1CCCC1=N2	c1ccc2c(c1)CN1CCCC1=N2
vardenafil	BRD-K13926615	CCCc1nc(C)c2c(=O)[nH]c(-c3cc(S(=O)(=O)N4CCN(CC)CC4)ccc3OCC)nn12	c19nc(C)c2c(=O)[nH]c%10nn12.c1%10cc(S8(=O)=O)ccc16.N18CCN7CC1.CCC9.C7C.O56.C5C
retinol	BRD-K13927029	CC(C=CC1=C(C)CCCC1(C)C)=CC=CC(C)=CCO	C=3C1=C(C)CCCC1(C)C.CC=2C=3.C=4C=5C.C=2C=4.C=5CO
syrosingopine	BRD-K14200658	CCOC(=O)Oc1c(OC)cc(C(=O)OC2CC3CN4CCc5c([nH]c6cc(OC)ccc56)C4CC3C(C(=O)OC)C2OC)cc1OC	C1%16CC2CN3CCc4c([nH]c5cc8ccc45)C3CC2C%10C1%17.c1%18c%19cc%11cc19.C7%12=O.C%13%11=O.C%14%10=O.CC%15.O7%15.O%12%18.O%19C.O%13%16.O8C.O%14C.O%17C.O9C
benzopurpurin-4b	BRD-K14221570	Cc1cc(-c2ccc(N=Nc3cc(S(=O)(=O)O)c4ccccc4c3N)c(C)c2)ccc1N=Nc1cc(S(=O)(=O)O)c2ccccc2c1N	Cc1cc5ccc1N=Nc1cc(S(=O)(=O)O)c2ccccc2c1N.c15ccc(N=Nc2cc(S(=O)(=O)O)c3ccccc3c2N)c(C)c1
LY-165163	BRD-K14282469	Nc1ccc(CCN2CCN(c3cccc(C(F)(F)F)c3)CC2)cc1	Nc1ccc6cc1.N14CCN5CC1.c15cccc7c1.C7(F)(F)F.C6C4
BAY-K-8644-(S)-(-)	BRD-K14329163	COC(=O)C1=C(C)NC(C)=C([N+](=O)[O-])C1c1ccccc1C(F)(F)F	C2(=O)C1=C(C)NC(C)=C([N+](=O)[O-])C14.c14ccccc13.C3(F)(F)F.CO2
tyrphostin-AG-556	BRD-K14441456	N#CC(=Cc1ccc(O)c(O)c1)C(=O)NCCCCc1ccccc1	C=4c1ccc(O)c(O)c1.N#CC=4C2=O.c15ccccc1.C3CCC5.N23
piceid	BRD-K14536225	COc1ccc(C=Cc2cc(O)cc(OC3OC(CO)C(O)C(O)C3O)c2)cc1	C14OC8C(O)C(O)C1O.C=7c1cc6cc(O)c1.c15ccc(C=7)cc1.CO5.O46.C8O
doxercalciferol	BRD-K14550461	C=C1C(=CC=C2CCCC3(C)C2CCC3C(C)C=CC(C)C(C)C)CC(O)CC1O	C1=5CCCC2(C)C7CCC12.C=C1C=4CC(O)CC1O.C=6C(C)C(C)C.C7(C)C=6.C=4C=5
IKK-16	BRD-K14618467	O=C(c1ccc(Nc2nccc(-c3cc4ccccc4s3)n2)cc1)N1CCC(N2CCCC2)CC1	c1%10cc2ccccc2s1.c19ccc7cc1.c16nccc%10n1.N15CCC8CC1.N18CCCC1.O=C59.N67
4-(2-amino-ethyl)-benzenesulfonamide	BRD-K14643723	NCCc1ccc(S(N)(=O)=O)cc1	c12ccc(S(N)(=O)=O)cc1.NCC2
somatostatin	BRD-K14681867	CC(N)C(=O)NCC(=O)NC1CSSCC(C(=O)O)NC(=O)C(CO)NC(=O)C(C(C)O)NC(=O)C(Cc2ccccc2)NC(=O)C(C(C)O)NC(=O)C(CCCCN)NC(=O)C(Cc2c[nH]c3ccccc23)NC(=O)C(Cc2ccccc2)NC(=O)C(Cc2ccccc2)NC(=O)C(CC(N)=O)NC(=O)C(CCCCN)NC1=O	C1%17CSSCC%18NC(=O)C%19NC(=O)C%20NC(=O)C%21NC(=O)C%22NC(=O)C5NC(=O)C6NC(=O)C7NC(=O)C8NC(=O)C9NC(=O)C%10NC1=O.c1%12c[nH]c2ccccc12.c1%11ccccc1.c1%13ccccc1.c1%14ccccc1.CC(N)C4=O.C5CCCN.C%10CCCN.C%16C%15=O.C9C(N)=O.C%18(=O)O.C%20(C)O.C%22(C)O.N4%16.N%15%17.C%19O.C%21%11.C6%12.C7%13.C8%14
cinchonine	BRD-K14693417	C=CC1CN2CCC1CC2C(O)c1ccnc2ccccc12	C=CC1CN2CCC1CC23.c14ccnc2ccccc12.C34O
9-methyl-5H-6-thia-4,5-diaza-chrysene-6,6-dioxide	BRD-K14696368	Cc1ccc2c(c1)-c1ccc3cccnc3c1NS2(=O)=O	Cc1ccc2c(c1)-c1ccc3cccnc3c1NS2(=O)=O
vesamicol	BRD-K14765469	OC1CCCCC1N1CCC(c2ccccc2)CC1	OC1CCCCC13.N13CCC4CC1.c14ccccc1
SC-560	BRD-K14767410	COc1ccc(-n2nc(C(F)(F)F)cc2-c2ccc(Cl)cc2)cc1	c13ccc5cc1.n15nc4cc16.c16ccc(Cl)cc1.C4(F)(F)F.CO3
fluticasone	BRD-K14791739	CCC(=O)OC1(C(=O)SCF)C(C)CC2C3CC(F)C4=CC(=O)C=CC4(C)C3(F)C(O)CC21C	C167C(C)CC2C3CC(F)C4=CC(=O)C=CC4(C)C3(F)C(O)CC21C.C7(=O)SCF.CCC5=O.O56
SB-221284	BRD-K14807180	CSc1cc2c(cc1C(F)(F)F)N(C(=O)Nc1cccnc1)CC2	c17cc2c(cc16)N3CC2.c15cccnc1.C6(F)(F)F.C34=O.CS7.N45
FCCP	BRD-K14821540	N#CC(C#N)=NNc1ccc(OC(F)(F)F)cc1	N#CC(C#N)=NNc1ccc2cc1.O2C(F)(F)F
GW-501516	BRD-K14880289	Cc1cc(SCc2sc(-c3ccc(C(F)(F)F)cc3)nc2C)ccc1OCC(=O)O	Cc1cc9ccc15.c17sc%10nc1C.c1%10ccc8cc1.C8(F)(F)F.C4C(=O)O.S69.C67.O45
minoxidil	BRD-K14888893	Nc1cc(N2CCCCC2)nc(N)[n+]1[O-]	Nc1cc3nc(N)[n+]1[O-].N13CCCCC1
erythrosine	BRD-K14920963	O=C(O)c1ccccc1-c1c2cc(I)c(=O)c(I)c-2oc2c(I)c(O)c(I)cc12	c14c2cc(I)c(=O)c(I)c-2oc2c(I)c(O)c(I)cc12.c13ccccc14.O=C3O
ibuprofen-(S)	BRD-K14965640	CC(C)Cc1ccc(C(C)C(=O)O)cc1	c12ccc3cc1.C3(C)C(=O)O.CC(C)C2
bemegride	BRD-K14993104	CCC1(C)CC(=O)NC(=O)C1	C12(C)CC(=O)NC(=O)C1.CC2
BAY-11-7082	BRD-K15025317	Cc1ccc(S(=O)(=O)C=CC#N)cc1	Cc1ccc(S(=O)(=O)C=CC#N)cc1
JNJ-10191584	BRD-K15086322	CN1CCN(C(=O)c2nc3ccc(Cl)cc3[nH]2)CC1	c15nc2ccc(Cl)cc2[nH]1.CN1CCN4CC1.C45=O
gemcitabine	BRD-K15108141	Nc1ccn(C2OC(CO)C(O)C2(F)F)c(=O)n1	C14OC3C(O)C1(F)F.Nc1ccn4c(=O)n1.C3O
apoptosis-activator-II	BRD-K15164005	O=C1C(=O)N(Cc2ccc(Cl)c(Cl)c2)c2ccccc21	O=C1C(=O)N(C3)c2ccccc21.c13ccc(Cl)c(Cl)c1
IBC-293	BRD-K15196155	CC(C)n1nnc2cc(C(=O)O)ccc21	n14nnc2cc3ccc21.CC4C.C3(=O)O
mupirocin	BRD-K15262564	CC(=CC(=O)OCCCCCCCCC(=O)O)CC1OCC(CC2OC2C(C)C(C)O)C(O)C1O	C4CCCCCCCC(=O)O.C16OCC9C(O)C1O.C8(C)C(C)O.CC=5C6.C=5C3=O.C17OC18.O34.C79
huperzine-a	BRD-K15402119	CC=C1C2C=C(C)CC1(N)c1ccc(=O)[nH]c1C2	C1=3C2C=C(C)CC1(N)c1ccc(=O)[nH]c1C2.CC=3
penfluridol	BRD-K15409150	OC1(c2ccc(Cl)c(C(F)(F)F)c2)CCN(CCCC(c2ccc(F)cc2)c2ccc(F)cc2)CC1	OC17CCN3CC1.c17ccc(Cl)c4c1.c15ccc(F)cc1.c16ccc(F)cc1.C3CCC56.C4(F)(F)F
nevirapine	BRD-K15502390	Cc1ccnc2c1NC(=O)c1cccnc1N2C1CC1	Cc1ccnc2c1NC(=O)c1cccnc1N23.C13CC1
CS-110266	BRD-K15519488	c1ccc2sc(C3(N4CCCCC4)CCCCC3)cc2c1	c1ccc2sc6cc2c1.C156CCCCC1.N15CCCCC1
phloretin	BRD-K15563106	O=C(CCc1ccc(O)cc1)c1c(O)cc(O)cc1O	c12c(O)cc(O)cc1O.c13ccc(O)cc1.O=C2CC3
papaverine	BRD-K15567136	COc1ccc(Cc2nccc3cc(OC)c(OC)cc23)cc1OC	c18nccc2cc5c6cc12.c14ccc9cc17.CO4.C89.O5C.O6C.O7C
R-96544	BRD-K15588452	COc1cccc(CCc2ccccc2OCCC2CC(O)CN2C)c1	c14cccc7c1.c18ccccc15.C16CC(O)CN1C.C7C8.C3C6.CO4.O35
CP-466722	BRD-K15592317	COc1cc2ncnc(-n3nc(-c4ccccn4)nc3N)c2cc1OC	c15cc2ncnc7c2cc16.n17nc8nc1N.c18ccccn1.CO5.O6C
obatoclax	BRD-K15600710	COC1=CC(c2cc3ccccc3[nH]2)=NC1=Cc1[nH]c(C)cc1C	COC1=CC(c2cc3ccccc3[nH]2)=NC1=4.C=4c1[nH]c(C)cc1C
SEW-2871	BRD-K15601958	FC(F)(F)c1cccc(-c2noc(-c3cc(-c4ccccc4)c(C(F)(F)F)s3)n2)c1	c16cccc8c1.c17cc9c5s1.c18noc7n1.c19ccccc1.FC6(F)F.C5(F)(F)F
CCCP	BRD-K15616905	N#CC(C#N)=NNc1cccc(Cl)c1	N#CC(C#N)=NNc1cccc(Cl)c1
fluperlapine	BRD-K15715913	CN1CCN(C2=Nc3cc(F)ccc3Cc3ccccc32)CC1	CN1CCN(C2=Nc3cc(F)ccc3Cc3ccccc32)CC1
L-733060	BRD-K15791587	FC(F)(F)c1cc(COC2CCCNC2c2ccccc2)cc(C(F)(F)F)c1	c15cc6cc7c1.C14CCCNC18.c18ccccc1.FC5(F)F.C7(F)(F)F.C36.O34
lobendazole	BRD-K15834839	CCOC(=O)Nc1nc2ccccc2[nH]1	c16nc2ccccc2[nH]1.C34=O.CC5.O35.N46
eudesmic-acid	BRD-K15842202	COc1cc(C(=O)O)cc(OC)c1OC	c12cc5cc3c14.C5(=O)O.CO2.O3C.O4C
SDZ-205-557	BRD-K15868788	CCN(CC)CCOC(=O)c1cc(Cl)c(N)cc1OC	c18cc(Cl)c(N)cc14.N567.C7C3.C28=O.CC5.C6C.O23.O4C
tenofovir	BRD-K15891719	CC(Cn1cnc2c(N)ncnc21)OCP(=O)(O)O	n14cnc2c(N)ncnc21.O3CP(=O)(O)O.CC3C4
clotrimazole	BRD-K15916496	Clc1ccccc1C(c1ccccc1)(c1ccccc1)n1ccnc1	Clc1ccccc13.c14ccccc1.c15ccccc1.n12ccnc1.C2345
ropinirole	BRD-K15933101	CCCN(CCC)CCc1cccc2c1CC(=O)N2	c16cccc2c1CC(=O)N2.CCC3.N345.C4CC.C5C6
z-leu3-VS	BRD-K15935639	CC(C)CC(C=CS(C)(=O)=O)NC(=O)C(CC(C)C)NC(=O)C(CC(C)C)NC(=O)OCc1ccccc1	CC(C)CC7C=CS(C)(=O)=O.C3(=O)C8CC(C)C.C4(=O)C9CC(C)C.c1%10ccccc1.C25=O.N37.N48.N59.O26.C6%10
oxymetazoline	BRD-K16195444	Cc1cc(C(C)(C)C)c(O)c(C)c1CC1=NCCN1	Cc1cc2c(O)c(C)c13.C3C1=NCCN1.C2(C)(C)C
eriochrome-black-t	BRD-K16233984	O=[N+]([O-])c1ccc2c(N=Nc3ccc4ccccc4c3O)c(O)cc(S(=O)(=O)O)c2c1	O=[N+]([O-])c1ccc2c(N=Nc3ccc4ccccc4c3O)c(O)cc(S(=O)(=O)O)c2c1
piperacetazine	BRD-K16277217	CC(=O)c1ccc2c(c1)N(CCCN1CCC(CCO)CC1)c1ccccc1S2	c15ccc2c(c1)N3c1ccccc1S2.N14CCC6CC1.C3CC4.CC5=O.C6CO
capsaicin	BRD-K16336526	COc1cc(CNC(=O)CCCCC=CC(C)C)ccc1O	c13cc6ccc1O.C2(=O)CCCCC=5.C=5C(C)C.CO3.C46.N24
methylene-blue	BRD-K16406336	CN(C)c1ccc2nc3ccc(N(C)C)cc3[s+]c2c1	c14ccc2nc3ccc5cc3[s+]c2c1.CN4C.N5(C)C
ibudilast	BRD-K16444452	CC(C)C(=O)c1c(C(C)C)nn2ccccc12	c13c4nn2ccccc12.CC(C)C3=O.C4(C)C
PLX-4720	BRD-K16478699	CCCS(=O)(=O)Nc1ccc(F)c(C(=O)c2c[nH]c3ncc(Cl)cc23)c1F	c17c[nH]c2ncc(Cl)cc12.c15ccc(F)c6c1F.CCCS4(=O)=O.C67=O.N45
mocetinostat	BRD-K16485616	Nc1ccccc1NC(=O)c1ccc(CNc2nccc(-c3cccnc3)n2)cc1	Nc1ccccc17.c18ccc9cc1.c16nccc%10n1.c1%10cccnc1.C48=O.N47.C59.N56
diazepam	BRD-K16508793	CN1C(=O)CN=C(c2ccccc2)c2cc(Cl)ccc21	CN1C(=O)CN=C(c2ccccc2)c2cc(Cl)ccc21
PNU-22394	BRD-K16551401	Cn1c2c(c3ccccc31)CCNCC2	Cn1c2c(c3ccccc31)CCNCC2
PTB1	BRD-K16554956	N#Cc1ccc2cc(Br)c(C(F)(F)P(=O)(O)O)cc2c1	N#Cc1ccc2cc(Br)c3cc2c1.C3(F)(F)P(=O)(O)O
enobosarm	BRD-K16621777	CC(O)(COc1ccc(C#N)cc1)C(=O)Nc1ccc(C#N)c(C(F)(F)F)c1	c15ccc(C#N)c6c1.c14ccc(C#N)cc1.CC(O)(C3)C2=O.C6(F)(F)F.O34.N25
GTP-14564	BRD-K16664969	c1ccc(-c2n[nH]c3c2oc2ccccc23)cc1	c14n[nH]c2c1oc1ccccc12.c1ccc4cc1
PP-3	BRD-K16977723	Nc1ncnc2c1cnn2-c1ccccc1	Nc1ncnc2c1cnn23.c13ccccc1
BD-1008	BRD-K17008822	CN(CCc1ccc(Cl)c(Cl)c1)CCN1CCCC1	c15ccc(Cl)c(Cl)c1.N14CCCC1.CN23.C2C5.C3C4
chloroxine	BRD-K17075857	Oc1c(Cl)cc(Cl)c2cccnc12	Oc1c(Cl)cc(Cl)c2cccnc12
aristolochic-acid	BRD-K17110974	COc1cccc2c1cc([N+](=O)[O-])c1c(C(=O)O)cc3c(c12)OCO3	c14cccc2c1cc([N+](=O)[O-])c1c5cc3c(c12)OCO3.C5(=O)O.CO4
SCH-79797	BRD-K17140735	CC(C)c1ccc(Cn2ccc3c4c(N)nc(NC5CC5)nc4ccc32)cc1	n18ccc2c3c(N)nc6nc3ccc21.c19ccc%10cc1.CC9C.C17CC1.C8%10.N67
clebopride	BRD-K17294426	COc1cc(N)c(Cl)cc1C(=O)NC1CCN(Cc2ccccc2)CC1	c14cc(N)c(Cl)cc17.C16CCN5CC1.c18ccccc1.C37=O.CO4.N36.C58
aprepitant	BRD-K17306061	CC(OC1OCCN(Cc2nc(=O)[nH][nH]2)C1c1ccc(F)cc1)c1cc(C(F)(F)F)cc(C(F)(F)F)c1	C14OCCN5C1%10.c17cc8cc9c1.c1%10ccc(F)cc1.c16nc(=O)[nH][nH]1.C8(F)(F)F.C9(F)(F)F.CC37.O34.C56
HLI-373	BRD-K17349619	CN(C)CCCNc1c2c(=O)n(C)c(=O)nc-2n(C)c2ccccc12	c15c2c(=O)n(C)c(=O)nc-2n(C)c2ccccc12.C3CC4.CN3C.N45
BP-897	BRD-K17378184	COc1ccccc1N1CCN(CCCCNC(=O)c2ccc3ccccc3c2)CC1	c19ccc2ccccc2c1.c15ccccc18.N18CCN6CC1.C6CCC7.C49=O.CO5.N47
tyrphostin-AG-835	BRD-K17415526	CC(NC(=O)C(C#N)=Cc1ccc(O)c(O)c1)c1ccccc1	C=4c1ccc(O)c(O)c1.C2(=O)C=4C#N.c15ccccc1.CC35.N23
butein	BRD-K17497770	O=C(C=Cc1ccc(O)c(O)c1)c1ccc(O)cc1O	C=3c1ccc(O)c(O)c1.c12ccc(O)cc1O.O=C2C=3
amiodarone	BRD-K17561142	CCCCc1oc2ccccc2c1C(=O)c1cc(I)c(OCCN(CC)CC)c(I)c1	c1%10oc2ccccc2c18.c19cc(I)c4c(I)c1.CCCC%10.C89=O.C3C5.N567.O34.C6C.C7C
diflorasone	BRD-K17674993	CC(=O)OCC(=O)C1(OC(C)=O)C(C)CC2C3CC(F)C4=CC(=O)C=CC4(C)C3(F)C(O)CC21C	C189C(C)CC2C3CC(F)C4=CC(=O)C=CC4(C)C3(F)C(O)CC21C.C7C9=O.CC5=O.C6(C)=O.O57.O68
JTC-801	BRD-K17705806	CCc1ccc(OCc2ccccc2C(=O)Nc2ccc3nc(C)cc(N)c3c2)cc1	c17ccc2nc(C)cc(N)c2c1.c19ccc6cc1.c1%10ccccc18.C48=O.CC9.O56.C5%10.N47
belinostat	BRD-K17743125	O=C(C=Cc1cccc(S(=O)(=O)Nc2ccccc2)c1)NO	C=5c1cccc(S3(=O)=O)c1.c14ccccc1.O=C(C=5)NO.N34
KB-R7943	BRD-K17743697	N=C(N)SCCc1ccc(OCc2ccc([N+](=O)[O-])cc2)cc1	c17ccc([N+](=O)[O-])cc1.c16ccc4cc1.N=C(N)S5.C5C6.O34.C37
JWH-015	BRD-K17796732	CCCn1c(C)c(C(=O)c2cccc3ccccc23)c2ccccc21	n16c(C)c4c2ccccc21.c15cccc2ccccc12.CCC6.C45=O
danoprevir	BRD-K17823458	CC(C)(C)OC(=O)NC1CCCCCC=CC2CC2(CNS(=O)(=O)C2CC2)NC(=O)C2CC(OC(=O)N3Cc4cccc(F)c4C3)CN2C1=O	C1%14CCCCCC=CC2CC26NC(=O)C2CC%11CN2C1=O.N19Cc2cccc(F)c2C1.S%13(=O)(=O)C1CC1.CC%10(C)C.C58=O.C79=O.O5%10.N8%14.C%126.N%12%13.O7%11
BRL-54443	BRD-K17868609	CN1CCC(c2c[nH]c3ccc(O)cc23)CC1	c14c[nH]c2ccc(O)cc12.CN1CCC4CC1
FIT	BRD-K17896185	CCC(=O)N(c1ccccc1)C1CCN(CCc2ccc(N=C=S)cc2)CC1	c17ccc(N=C=S)cc1.C16CCN4CC1.c15ccccc1.CCC3=O.N356.C4C7
staurosporine	BRD-K17953061	CNC1CC2OC(C)(C1OC)n1c3ccccc3c3c4c(c5c6ccccc6n2c5c31)C(=O)NC4	C18CC2OC(C)(C17)n1c3ccccc3c3c4c(c5c6ccccc6n2c5c31)C(=O)NC4.CN8.O7C
L-168049	BRD-K18036262	CCCOc1ccc(Br)cc1-c1cc(-c2ccc(Cl)cc2)[nH]c1-c1ccncc1	c14ccc(Br)cc17.c17cc5[nH]c16.c15ccc(Cl)cc1.c16ccncc1.CCC3.O34
gamma-linolenic-acid	BRD-K18059238	CCCCCC=CCC=CCC=CCCCCC(=O)O	C=3CCCCC(=O)O.CCCCCC=1.C=1CC=2.C=2CC=3
chenodeoxycholic-acid	BRD-K18135438	CC(CCC(=O)O)C1CCC2C3C(O)CC4CC(O)CCC4(C)C3CCC12C	C15CCC2C3C(O)CC4CC(O)CCC4(C)C3CCC12C.CC5CCC(=O)O
mephentermine	BRD-K18194590	CNC(C)(C)Cc1ccccc1	c13ccccc1.C2(C)(C)C3.CN2
propoxycaine	BRD-K18250272	CCCOc1cc(N)ccc1C(=O)OCCN(CC)CC	c15cc(N)ccc19.CCC3.C29=O.C4C6.N678.O35.O24.C7C.C8C
O-1918	BRD-K18316707	C=C(C)C1CCC(C)=CC1c1c(OC)cc(C)cc1OC	C=C(C)C1CCC(C)=CC14.c14c2cc(C)cc13.O2C.O3C
digitoxigenin	BRD-K18518344	CC12CCC(O)CC1CCC1C2CCC2(C)C(C3=CC(=O)OC3)CCC12O	CC12CCC(O)CC1CCC1C2CCC2(C)C(C3=CC(=O)OC3)CCC12O
mestanolone	BRD-K18523449	CC12CCC(=O)CC1CCC1C2CCC2(C)C1CCC2(C)O	CC12CCC(=O)CC1CCC1C2CCC2(C)C1CCC2(C)O
nafcillin	BRD-K18574842	CCOc1ccc2ccccc2c1C(=O)NC1C(=O)N2C1SC(C)(C)C2C(=O)O	c15ccc2ccccc2c18.C16C(=O)N2C1SC(C)(C)C27.C38=O.C7(=O)O.CC4.O45.N36
cimetidine	BRD-K18618618	CNC(=NC#N)NCCSCc1nc[nH]c1C	CNC(=NC#N)N2.c15nc[nH]c1C.C2C3.S34.C45
digoxigenin	BRD-K18619710	CC12CCC(O)CC1CCC1C2CC(O)C2(C)C(C3=CC(=O)OC3)CCC12O	CC12CCC(O)CC1CCC1C2CC(O)C2(C)C(C3=CC(=O)OC3)CCC12O
ZD-7288	BRD-K18678457	CCN(c1ccccc1)c1cc(NC)[n+](C)c(C)n1	c13cc4[n+](C)c(C)n1.c15ccccc1.N235.CC2.N4C
H-8	BRD-K18742343	CNCCNS(=O)(=O)c1cccc2cnccc12	S5(=O)(=O)c1cccc2cnccc12.C3C4.CN3.N45
U-46619	BRD-K18757346	CCCCCC(O)C=CC1C2CC(CO2)C1CC=CCCCC(=O)O	C=3C1C2CC(CO2)C15.CCCCCC(O)C=3.C=4CCCC(=O)O.C5C=4
bifemelane	BRD-K18779551	CNCCCCOc1ccccc1Cc1ccccc1	c13ccccc15.c16ccccc1.C4CCC2.CN4.O23.C56
U-0126	BRD-K18787491	N#CC(=C(N)Sc1ccccc1N)C(C#N)=C(N)Sc1ccccc1N	N#CC(=C(N)S2)C(C#N)=C(N)S3.c12ccccc1N.c13ccccc1N
BAY-59-3074	BRD-K18799075	N#Cc1c(Oc2cccc(OS(=O)(=O)CCCC(F)(F)F)c2)cccc1C(F)(F)F	O5S(=O)(=O)CCCC(F)(F)F.N#Cc1c3cccc16.c14cccc5c1.C6(F)(F)F.O34
L-694247	BRD-K18816859	CS(=O)(=O)Nc1ccc(Cc2noc(-c3ccc4[nH]cc(CCN)c4c3)n2)cc1	c1%10ccc2[nH]cc9c2c1.c16ccc8cc1.c17noc%10n1.CS5(=O)=O.C9CN.N56.C78
varenicline	BRD-K18855837	c1cnc2cc3c(cc2n1)C1CNCC3C1	c1cnc2cc3c(cc2n1)C1CNCC3C1
olanzapine	BRD-K18895904	Cc1cc2c(s1)Nc1ccccc1N=C2N1CCN(C)CC1	Cc1cc2c(s1)Nc1ccccc1N=C2N1CCN(C)CC1
ST-91	BRD-K18905250	CCc1cccc(CC)c1N=C1NCCN1	c12cccc3c1N=C1NCCN1.CC2.C3C
CGS-12066B	BRD-K18909381	CN1CCN(c2nc3cc(C(F)(F)F)ccc3n3cccc23)CC1	c14nc2cc5ccc2n2cccc12.CN1CCN4CC1.C5(F)(F)F
clofibric-acid	BRD-K19111024	CC(C)(Oc1ccc(Cl)cc1)C(=O)O	c13ccc(Cl)cc1.CC2(C)C(=O)O.O23
indirubin-3-monoxime	BRD-K19136521	O=C1Nc2ccccc2C1=C1Nc2ccccc2C1=NO	C1=3Nc2ccccc2C1=NO.O=C1Nc2ccccc2C1=3
JNK-9L	BRD-K19220233	N#Cc1cc(-c2ccnc(Nc3ccc(-n4cnc(-c5cccnc5)n4)cc3)n2)cc(N2CCOCC2)c1	N#Cc1cc8cc%10c1.c1%10ccnc6n1.c17ccc9cc1.n19cnc%11n1.c1%11cccnc1.N18CCOCC1.N67
phenolphthalein	BRD-K19227686	O=C1OC(c2ccc(O)cc2)(c2ccc(O)cc2)c2ccccc21	O=C1OC(c2ccc(O)cc2)(c2ccc(O)cc2)c2ccccc21
salvinorin-a	BRD-K19284129	COC(=O)C1CC(OC(C)=O)C(=O)C2C1(C)CCC1C(=O)OC(c3ccoc3)CC12C	C17CC6C(=O)C2C1(C)CCC1C(=O)OC8CC12C.c18ccoc1.C47=O.C5(C)=O.CO4.O56
gossypol	BRD-K19295594	Cc1cc2c(C(C)C)c(O)c(O)c(C=O)c2c(O)c1-c1c(C)cc2c(C(C)C)c(O)c(O)c(C=O)c2c1O	Cc1cc2c3c(O)c(O)c(C=O)c2c(O)c15.c15c(C)cc2c4c(O)c(O)c(C=O)c2c1O.C3(C)C.C4(C)C
SR-95639A	BRD-K19309090	c1ccc2c(c1)CCCc1cc(NCCN3CCOCC3)nnc1-2	c1ccc2c(c1)CCCc1cc6nnc1-2.N15CCOCC1.C4C5.N46
prochlorperazine	BRD-K19352500	CN1CCN(CCCN2c3ccccc3Sc3ccc(Cl)cc32)CC1	N15c2ccccc2Sc2ccc(Cl)cc21.CN1CCN4CC1.C4CC5
ergocornine	BRD-K19360254	CC(C)C1C(=O)N2CCCC2C2(O)OC(NC(=O)C3C=C4c5cccc6[nH]cc(c56)CC4N(C)C3)(C(C)C)C(=O)N12	C1%10C(=O)N2CCCC2C2(O)OC8%11C(=O)N12.C19C=C2c3cccc4[nH]cc(c34)CC2N(C)C1.CC%10C.C79=O.C%11(C)C.N78
sitagliptin	BRD-K19416115	NC(CC(=O)N1CCn2c(nnc2C(F)(F)F)C1)Cc1cc(F)c(F)cc1F	N13CCn2c4nnc2C1.c15cc(F)c(F)cc1F.NC(C5)CC3=O.C4(F)(F)F
buflomedil	BRD-K19462402	COc1cc(OC)c(C(=O)CCCN2CCCC2)c(OC)c1	c13cc4c7c5c1.C7(=O)CCC6.N16CCCC1.CO3.O4C.O5C
ozagrel	BRD-K19525698	O=C(O)C=Cc1ccc(Cn2ccnc2)cc1	C=3c1ccc5cc1.n14ccnc1.O=C(O)C=3.C45
tranilast	BRD-K19533706	COc1ccc(C=CC(=O)Nc2ccccc2C(=O)O)cc1OC	c14ccc(C=8)cc15.c16ccccc17.C=8C3=O.C7(=O)O.CO4.N36.O5C
saracatinib	BRD-K19540840	CN1CCN(CCOc2cc(OC3CCOCC3)c3c(Nc4c(Cl)ccc5c4OCO5)ncnc3c2)CC1	c18cc9c2c%11ncnc2c1.c1%12c(Cl)ccc2c1OCO2.CN1CCN%10CC1.C17CCOCC1.C%10C6.O68.O79.N%11%12
MK-212	BRD-K19554809	Clc1cncc(N2CCNCC2)n1	Clc1cncc3n1.N13CCNCC1
ZM-241385	BRD-K19605405	Nc1nc(NCCc2ccc(O)cc2)nc2nc(-c3ccco3)nn12	Nc1nc5nc2nc7nn12.c16ccc(O)cc1.c17ccco1.C4C6.N45
sonidegib	BRD-K19796430	Cc1c(C(=O)Nc2ccc(N3CC(C)OC(C)C3)nc2)cccc1-c1ccc(OC(F)(F)F)cc1	Cc1c8cccc19.N16CC(C)OC(C)C1.c17ccc6nc1.c19ccc5cc1.O5C(F)(F)F.C48=O.N47
MST-312	BRD-K19894101	O=C(Nc1cccc(NC(=O)c2cccc(O)c2O)c1)c1cccc(O)c1O	c18cccc(O)c1O.c17cccc(O)c1O.c15cccc6c1.O=C37.C48=O.N35.N46
atomoxetine	BRD-K20141153	CNCCC(Oc1ccccc1C)c1ccccc1	c13ccccc1C.c15ccccc1.C4CC25.CN4.O23
dihomo-gamma-linolenic-acid	BRD-K20152659	CCCCCC=CCC=CCC=CCCCCCCC(=O)O	C=3CCCCCCC(=O)O.CCCCCC=1.C=1CC=2.C=2CC=3
SA-94315	BRD-K20197062	COc1ccc(S(=O)(=O)N(C)CC2Oc3c(NC(=O)Nc4cccc5ccccc45)cccc3C(=O)N(C(C)CO)CC2C)cc1	C1%14Oc2c%11cccc2C(=O)N%13CC1C.c18ccc(S%10(=O)=O)cc1.c1%12cccc2ccccc12.C%13(C)CO.N9%10C.C67=O.CO8.C9%14.N6%11.N7%12
fostamatinib	BRD-K20285085	COc1cc(Nc2ncc(F)c(Nc3ccc4c(n3)NC(=O)C(C)(C)O4)n2)cc(OC)c1OC	c1%10ccc2c(n1)NC(=O)C(C)(C)O2.c15cc%11cc6c17.c18ncc(F)c9n1.CO5.N8%11.N9%10.O6C.O7C
SU-4312	BRD-K20287671	CN(C)c1ccc(C=C2C(=O)Nc3ccccc32)cc1	C1=5C(=O)Nc2ccccc21.c14ccc(C=5)cc1.CN4C
rosmarinic-acid	BRD-K20313525	O=C(C=Cc1ccc(O)c(O)c1)OC(Cc1ccc(O)c(O)c1)C(=O)O	C=4c1ccc(O)c(O)c1.c15ccc(O)c(O)c1.C3(C5)C(=O)O.O=C2C=4.O23
cefaclor	BRD-K20338176	NC(C(=O)NC1C(=O)N2C(C(=O)O)=C(Cl)CSC12)c1ccccc1	C14C(=O)N2C(C(=O)O)=C(Cl)CSC12.c15ccccc1.NC5C3=O.N34
rutin	BRD-K20482099	CC1OC(OCC2OC(Oc3c(-c4ccc(O)c(O)c4)oc4cc(O)cc(O)c4c3=O)C(O)C(O)C2O)C(O)C(O)C1O	c18c%10oc2cc(O)cc(O)c2c1=O.CC1OC6C(O)C(O)C1O.C19OC7C(O)C(O)C1O.c1%10ccc(O)c(O)c1.O56.C59.O78
mefexamide	BRD-K20655524	CCN(CC)CCNC(=O)COc1ccc(OC)cc1	c14ccc5cc1.C2(=O)C3.N678.C8C9.CC6.C7C.N29.O34.O5C
RS-56812	BRD-K20714604	Cn1cc(C(=O)C(=O)NC2CN3CCC2CC3)c2ccccc21	Cn1cc6c2ccccc21.C15CN2CCC1CC2.C6(=O)C4=O.N45
RS-39604	BRD-K20742498	COc1cc(COc2cc(N)c(Cl)cc2C(=O)CCC2CCN(CCNS(C)(=O)=O)CC2)cc(OC)c1	c16cc(N)c(Cl)cc1%11.c15cc7cc4c1.C1%12CCN8CC1.C%11(=O)CC%12.S%10(C)(=O)=O.C8C9.CO5.C34.O36.N9%10.O7C
SKI-II	BRD-K20755323	Oc1ccc(Nc2nc(-c3ccc(Cl)cc3)cs2)cc1	Oc1ccc5cc1.c16ccc(Cl)cc1.c14nc6cs1.N45
cromoglicic-acid	BRD-K20920669	O=C(O)c1cc(=O)c2c(OCC(O)COc3cccc4oc(C(=O)O)cc(=O)c34)cccc2o1	c19cc(=O)c2c7cccc2o1.c18cccc2oc%10cc(=O)c12.C5C(O)C6.O=C9O.C%10(=O)O.O57.O68
lithocholic-acid	BRD-K20986251	CC(CCC(=O)O)C1CCC2C3CCC4CC(O)CCC4(C)C3CCC12C	C15CCC2C3CCC4CC(O)CCC4(C)C3CCC12C.CC5CCC(=O)O
U-54494A	BRD-K20995441	CN(C(=O)c1ccc(Cl)c(Cl)c1)C1CCCCC1N1CCCC1	c15ccc(Cl)c(Cl)c1.C13CCCCC14.N14CCCC1.CN23.C25=O
riluzole	BRD-K21283037	Nc1nc2ccc(OC(F)(F)F)cc2s1	Nc1nc2ccc3cc2s1.O3C(F)(F)F
phenamil	BRD-K21350491	N=C(NC(=O)c1nc(Cl)c(N)nc1N)Nc1ccccc1	c14nc(Cl)c(N)nc1N.c13ccccc1.N=C(N2)N3.C24=O
benzthiazide	BRD-K21450440	NS(=O)(=O)c1cc2c(cc1Cl)N=C(CSCc1ccccc1)NS2(=O)=O	NS(=O)(=O)c1cc2c(cc1Cl)N=C(C3)NS2(=O)=O.c15ccccc1.S34.C45
sulfacetamide	BRD-K21520694	CC(=O)NS(=O)(=O)c1ccc(N)cc1	S3(=O)(=O)c1ccc(N)cc1.CC2=O.N23
moracizine	BRD-K21548250	CCOC(=O)Nc1ccc2c(c1)N(C(=O)CCN1CCOCC1)c1ccccc1S2	c18ccc2c(c1)N5c1ccccc1S2.N17CCOCC1.C5(=O)CC7.C34=O.CC6.O36.N48
xylazine	BRD-K21565985	Cc1cccc(C)c1NC1=NCCCS1	Cc1cccc(C)c12.N2C1=NCCCS1
AM-404	BRD-K21667562	CCCCCC=CCC=CCC=CCC=CCCCC(=O)Nc1ccc(O)cc1	C=7CCCC2=O.c13ccc(O)cc1.CCCCCC=4.C=4CC=5.C=5CC=6.C=6CC=7.N23
Ro-28-1675	BRD-K21672174	CS(=O)(=O)c1ccc(C(CC2CCCC2)C(=O)Nc2nccs2)cc1	CS(=O)(=O)c1ccc6cc1.C6(C5)C3=O.C15CCCC1.c14nccs1.N34
mitoxantrone	BRD-K21680192	O=C1c2c(O)ccc(O)c2C(=O)c2c(NCCNCCO)ccc(NCCNCCO)c21	O=C1c2c%10ccc9c2C(=O)c2c(O)ccc(O)c21.C3C4.C5CO.C6C7.C8CO.N39.N45.N6%10.N78
rofecoxib	BRD-K21733600	CS(=O)(=O)c1ccc(C2=C(c3ccccc3)C(=O)OC2)cc1	CS(=O)(=O)c1ccc(C2=C(c3ccccc3)C(=O)OC2)cc1
tegaserod	BRD-K21806131	CCCCCN=C(N)NN=Cc1c[nH]c2ccc(OC)cc12	CCCCCN=C(N)NN=Cc1c[nH]c2ccc3cc12.O3C
RG-14620	BRD-K21853356	N#CC(=Cc1cc(Cl)cc(Cl)c1)c1cccnc1	N#CC=2c1cccnc1.C=2c1cc(Cl)cc(Cl)c1
oxotremorine-sesquifumarate	BRD-K21936341	O=C1CCCN1CC#CCN1CCCC1	O=C1CCCN13.C3C#CC2.N12CCCC1
OM-137	BRD-K21971034	COc1cc(C=NNC(=O)c2sc(N)nc2C)ccc1O	c13cc(C=NNC4=O)ccc1O.c14sc(N)nc1C.CO3
phenprobamate	BRD-K22009844	NC(=O)OCCCc1ccccc1	c14ccccc1.C3CC4.NC2=O.O23
JLK-6	BRD-K22010301	COc1oc(=O)c2cc(N)ccc2c1Cl	c13oc(=O)c2cc(N)ccc2c1Cl.CO3
diflunisal	BRD-K22031190	O=C(O)c1cc(-c2ccc(F)cc2F)ccc1O	c13cc4ccc1O.c14ccc(F)cc1F.O=C3O
ALW-II-49-7	BRD-K22096725	Cc1ccc(C(=O)Nc2cccc(C(F)(F)F)c2)cc1Nc1cncc(C(N)=O)c1	Cc1ccc7cc15.c14cccc9c1.c16cncc8c1.C9(F)(F)F.C37=O.C8(N)=O.N34.N56
dioxybenzone	BRD-K22193694	COc1ccc(C(=O)c2ccccc2O)c(O)c1	c13ccc4c(O)c1.c15ccccc1O.C45=O.CO3
targinine	BRD-K22227508	CN=C(N)NCCCC(N)C(=O)O	C1CCC(N)C(=O)O.CN=C(N)N1
LY-303511	BRD-K22385716	O=c1cc(N2CCNCC2)oc2c(-c3ccccc3)cccc12	O=c1cc4oc2c5cccc12.N14CCNCC1.c15ccccc1
scriptaid	BRD-K22503835	O=C(CCCCCN1C(=O)c2cccc3cccc(c23)C1=O)NO	N14C(=O)c2cccc3cccc(c23)C1=O.O=C(CCCCC4)NO
neurodazine	BRD-K22631935	COc1ccc(-c2nc(-c3ccc(-c4cccc(Cl)c4)o3)[nH]c2-c2ccc(OC)cc2)cc1	c15ccc8cc1.c18nc7[nH]c1%10.c19cccc(Cl)c1.c1%10ccc6cc1.c17ccc9o1.CO5.O6C
ganciclovir	BRD-K22662435	Nc1nc2c(ncn2COC(CO)CO)c(=O)[nH]1	Nc1nc2c(ncn24)c(=O)[nH]1.C3(CO)CO.C4O3
TUL-XXI039	BRD-K22828899	CC(=O)NCC1CC(NS(=O)(=O)c2cccc3cncc(C)c23)CN1	S6(=O)(=O)c1cccc2cncc(C)c12.C18CC7CN1.CC4=O.N45.C58.N67
SB-205607	BRD-K22878149	CN1CCC2(c3cccc(O)c3)Cc3nc4ccccc4cc3CC2C1	CN1CCC25Cc3nc4ccccc4cc3CC2C1.c15cccc(O)c1
dexbrompheniramine	BRD-K22947005	CN(C)CCC(c1ccc(Br)cc1)c1ccccn1	c14ccc(Br)cc1.c13ccccn1.C2CC34.CN2C
lestaurtinib	BRD-K23192422	CC12OC(CC1(O)CO)n1c3ccccc3c3c4c(c5c6ccccc6n2c5c31)CNC4=O	CC12OC(CC17O)n1c3ccccc3c3c4c(c5c6ccccc6n2c5c31)CNC4=O.C7O
busulfan	BRD-K23204545	CS(=O)(=O)OCCCCOS(C)(=O)=O	CS(=O)(=O)O1.C1CCC2.O2S(C)(=O)=O
AMN-082	BRD-K23335153	c1ccc(C(NCCNC(c2ccccc2)c2ccccc2)c2ccccc2)cc1	c1ccc7cc1.c19ccccc1.c1%10ccccc1.c18ccccc1.C378.C4C5.C69%10.N34.N56
oxiconazole	BRD-K23369905	Clc1ccc(CON=C(Cn2ccnc2)c2ccc(Cl)cc2Cl)c(Cl)c1	O3N=C(C4)c1ccc(Cl)cc1Cl.Clc1ccc5c(Cl)c1.n14ccnc1.C35
T-0901317	BRD-K23383398	O=S(=O)(c1ccccc1)N(CC(F)(F)F)c1ccc(C(O)(C(F)(F)F)C(F)(F)F)cc1	C5(O)(C(F)(F)F)C(F)(F)F.O=S3(=O)c1ccccc1.c14ccc5cc1.C2C(F)(F)F.N234
nilutamide	BRD-K23566484	CC1(C)NC(=O)N(c2ccc([N+](=O)[O-])c(C(F)(F)F)c2)C1=O	c14ccc([N+](=O)[O-])c3c1.CC1(C)NC(=O)N4C1=O.C3(F)(F)F
lavendustin-a	BRD-K23583188	O=C(O)c1cc(N(Cc2ccccc2O)Cc2cc(O)ccc2O)ccc1O	c16cc5ccc1O.c18cc(O)ccc1O.c17ccccc1O.O=C6O.N345.C37.C48
decafluorobutane	BRD-K23623876	Fc1cccc(C=NN=Cc2cccc(F)c2)c1	Fc1cccc(C=NN=Cc2cccc(F)c2)c1
RHO-kinase-inhibitor-III[rockout]	BRD-K23875128	c1ccc2c(-c3ccncc3)c[nH]c2c1	c1ccc2c4c[nH]c2c1.c14ccncc1
coumarin	BRD-K23913458	O=c1ccc2ccccc2o1	O=c1ccc2ccccc2o1
arecaidine-propargyl-ester	BRD-K23922020	C#CCOC(=O)C1=CCCN(C)C1	C2(=O)C1=CCCN(C)C1.C#CC3.O23
piperlongumine	BRD-K24132293	COc1cc(C=CC(=O)N2CCC=CC2=O)cc(OC)c1OC	c14cc(C=7)cc5c16.N13CCC=CC1=O.C=7C3=O.CO4.O5C.O6C
SB-269970	BRD-K24201553	CC1CCN(CCC2CCCN2S(=O)(=O)c2cccc(O)c2)CC1	S4(=O)(=O)c1cccc(O)c1.CC1CCN3CC1.C15CCCN14.C3C5
GYKI-52466	BRD-K24240364	CC1=NN=C(c2ccc(N)cc2)c2cc3c(cc2C1)OCO3	CC1=NN=C(c2ccc(N)cc2)c2cc3c(cc2C1)OCO3
levcromakalim	BRD-K24526313	CC1(C)Oc2ccc(C#N)cc2C(N2CCCC2=O)C1O	CC1(C)Oc2ccc(C#N)cc2C(N2CCCC2=O)C1O
KU-C104502N	BRD-K24538644	COc1ccc(N2CCN(CCCNC(=O)Cn3c(=O)c4cccn4c4c(C)ccnc43)CC2)cc1	n1%10c(=O)c2cccn2c2c(C)ccnc21.c16ccc9cc1.N19CCN7CC1.C7CC8.C5(=O)C%10.CO6.N58
AT-9283	BRD-K24576554	O=C(Nc1c[nH]nc1-c1nc2cc(CN3CCOCC3)ccc2[nH]1)NC1CC1	c1%10nc2cc9ccc2[nH]1.c17c[nH]nc1%10.N16CCOCC1.O=C45.C18CC1.N47.C69.N58
farnesol	BRD-K24656285	CC(C)=CCCC(C)=CCCC(C)=CCO	C=1CCC=2C.C=2CCC=3C.CC=1C.C=3CO
LY-288513	BRD-K24675965	O=C1NN(C(=O)Nc2ccc(Br)cc2)C(c2ccccc2)C1c1ccccc1	O=C1NN(C3=O)C5C16.c14ccc(Br)cc1.c15ccccc1.c16ccccc1.N34
YM-155	BRD-K24681473	COCC[n+]1c2c(n(Cc3cnccn3)c1C)C(=O)c1ccccc1C2=O	C4C[n+]1c2c(n5c1C)C(=O)c1ccccc1C2=O.c16cnccn1.CO4.C56
KIN001-242	BRD-K24859147	COCCNCCCn1c(C(=O)CF)c(-c2ccc(C)cc2)c2c(N)ncnc21	n17c6c8c2c(N)ncnc21.c18ccc(C)cc1.C5CC7.C6(=O)CF.C3C4.CO3.N45
androstenol	BRD-K24994810	CC12C=CCC1C1CCC3CC(O)CCC3(C)C1CC2	CC12C=CCC1C1CCC3CC(O)CCC3(C)C1CC2
avrainvillamide-analog-4	BRD-K25079130	CC1(C)C=C2C(=[N+]([O-])c3cc4c(cc32)C=CC(C)(C)O4)C(C)(C)C1	CC1(C)C=C2C(=[N+]([O-])c3cc4c(cc32)C=CC(C)(C)O4)C(C)(C)C1
tangeritin	BRD-K25186396	COc1ccc(-c2cc(=O)c3c(OC)c(OC)c(OC)c(OC)c3o2)cc1	c19cc(=O)c2c5c6c7c8c2o1.c14ccc9cc1.CO4.O5C.O6C.O7C.O8C
pirenperone	BRD-K25224017	Cc1nc2ccccn2c(=O)c1CCN1CCC(C(=O)c2ccc(F)cc2)CC1	Cc1nc2ccccn2c(=O)c16.N13CCC4CC1.c15ccc(F)cc1.C6C3.C45=O
ormetoprim	BRD-K25310650	COc1cc(C)c(Cc2cnc(N)nc2N)cc1OC	c13cc(C)c5cc14.c16cnc(N)nc1N.CO3.C56.O4C
KU-55933	BRD-K25311561	O=c1cc(-c2cccc3c2Sc2ccccc2S3)oc(N2CCOCC2)c1	c15cccc2c1Sc1ccccc1S2.O=c1cc4oc5c1.N14CCOCC1
oxaprozin	BRD-K25394294	O=C(O)CCc1nc(-c2ccccc2)c(-c2ccccc2)o1	c13nc4c5o1.c14ccccc1.c15ccccc1.O=C(O)CC3
cytochalasin-d	BRD-K25504083	C=C1C(C)C2C(Cc3ccccc3)NC(=O)C23C(OC(C)=O)C=CC(C)(O)C(=O)C(C)CC=CC3C1O	C=C1C(C)C2C6NC(=O)C23C5C=CC(C)(O)C(=O)C(C)CC=CC3C1O.c17ccccc1.C4(C)=O.C67.O45
skimmianine	BRD-K25741894	COc1ccc2c(OC)c3ccoc3nc2c1OC	c14ccc2c5c3ccoc3nc2c16.CO4.O5C.O6C
SC-9	BRD-K25875056	O=S(=O)(NCCCCCCc1ccccc1)c1cccc2c(Cl)cccc12	O=S4(=O)c1cccc2c(Cl)cccc12.C3CCCCC5.c15ccccc1.N34
buddleoflavonoloside	BRD-K25905511	COc1ccc(-c2cc(=O)c3c(O)cc(OC4OC(COC5OC(C)C(O)C(O)C5O)C(O)C(O)C4O)cc3o2)cc1	c1%12cc(=O)c2c(O)cc%10cc2o1.C17OC%11C(O)C(O)C1O.C18OC(C)C(O)C(O)C1O.c19ccc%12cc1.CO9.O7%10.C6%11.O68
immepip	BRD-K25906698	c1nc(CC2CCNCC2)c[nH]1	C14CCNCC1.c1nc3c[nH]1.C34
ODQ	BRD-K26015241	O=c1onc2cnc3ccccc3n12	O=c1onc2cnc3ccccc3n12
gingerol	BRD-K26117720	CCCCCC(O)CC(=O)CCc1ccc(O)c(OC)c1	CCCCCC(O)CC(=O)CC3.c13ccc(O)c2c1.O2C
calpeptin	BRD-K26134695	CCCCC(C=O)NC(=O)C(CC(C)C)NC(=O)OCc1ccccc1	C3(=O)C7CC(C)C.CCCCC6C=O.c18ccccc1.C24=O.N36.N47.O25.C58
RS-45041-190	BRD-K26160755	Clc1cccc2c1CN(C1=NCCN1)C2	Clc1cccc2c1CN(C1=NCCN1)C2
piceatannol	BRD-K26241953	Oc1cc(O)cc(C=Cc2ccc(O)c(O)c2)c1	Oc1cc(O)cc(C=3)c1.C=3c1ccc(O)c(O)c1
IKK-2-inhibitor	BRD-K26373640	NC(=O)c1sc(-c2ccsc2)cc1N	c13sc4cc1N.c14ccsc1.NC3=O
J-104129	BRD-K26429091	CC(C)=CCCN1CCC(NC(=O)C(O)(c2ccccc2)C2CCCC2)CC1	N14CCC5CC1.C3(=O)C78O.c18ccccc1.C17CCCC1.C=6CC4.CC=6C.N35
dinoprostone	BRD-K26521938	CCCCCC(O)C=CC1C(O)CC(=O)C1CC=CCCCC(=O)O	C=2C1C(O)CC(=O)C14.CCCCCC(O)C=2.C=3CCCC(=O)O.C4C=3
quinpirol-(-)	BRD-K26548821	CCCN1CCCC2Cc3n[nH]cc3CC21	N14CCCC2Cc3n[nH]cc3CC21.CCC4
DMAB-anabaseine	BRD-K26573499	CN(C)c1ccc(C=C2CCCN=C2c2cccnc2)cc1	C1=4CCCN=C1c1cccnc1.c13ccc(C=4)cc1.CN3C
imiquimod	BRD-K26657438	CC(C)Cn1cnc2c(N)nc3ccccc3c21	n14cnc2c(N)nc3ccccc3c21.CC(C)C4
cytochalasin-b	BRD-K26664453	C=C1C(C)C2C(Cc3ccccc3)NC(=O)C23OC(=O)C=CC(O)CCCC(C)CC=CC3C1O	C=C1C(C)C2C4NC(=O)C23OC(=O)C=CC(O)CCCC(C)CC=CC3C1O.c15ccccc1.C45
WR-216174	BRD-K26669427	O=C1Nc2ccc(Br)cc2C1=CC(=O)c1ccc(F)cc1	O=C1Nc2ccc(Br)cc2C1=4.c13ccc(F)cc1.C=4C3=O
GR-235	BRD-K26674531	CC=C1C(=O)CC2C3CCC4=CC(=O)CCC4(C)C3CCC12C	C1=5C(=O)CC2C3CCC4=CC(=O)CCC4(C)C3CCC12C.CC=5
pipamperone	BRD-K26801045	NC(=O)C1(N2CCCCC2)CCN(CCCC(=O)c2ccc(F)cc2)CC1	C135CCN4CC1.c16ccc(F)cc1.N13CCCCC1.C4CCC6=O.NC5=O
BIX-01294	BRD-K26818574	COc1cc2nc(N3CCCN(C)CC3)nc(NC3CCN(Cc4ccccc4)CC3)c2cc1OC	c15cc2nc8nc9c2cc16.N18CCCN(C)CC1.C1%10CCN7CC1.c1%11ccccc1.CO5.N9%10.C7%11.O6C
BIX-01338	BRD-K26863634	COc1ccc(C(=O)Oc2ccc(CCn3c(NC(=O)c4ccc(C(F)(F)F)cc4)nc4cc(C(=O)O)ccc43)cc2)cc1	n1%15c%11nc2cc%14ccc21.c19ccc%12cc1.c1%10ccc6cc1.c1%13ccc7cc1.C7(F)(F)F.C5%12=O.C6C%15.C8%13=O.C%14(=O)O.CO9.O5%10.N8%11
NS-3694	BRD-K26979635	O=C(Nc1cccc(C(F)(F)F)c1)Nc1cc(Cl)ccc1C(=O)O	c15cc(Cl)ccc16.c14cccc7c1.C7(F)(F)F.O=C23.C6(=O)O.N24.N35
D-64131	BRD-K26997899	COc1ccc2[nH]c(C(=O)c3ccccc3)cc2c1	c14ccc2[nH]c5cc2c1.c16ccccc1.C56=O.CO4
SB-203186	BRD-K27141178	O=C(OCCN1CCCCC1)c1c[nH]c2ccccc12	c16c[nH]c2ccccc12.N15CCCCC1.O=C36.C4C5.O34
levocetirizine	BRD-K27184429	O=C(O)COCCN1CCN(C(c2ccccc2)c2ccc(Cl)cc2)CC1	N15CCN6CC1.c18ccc(Cl)cc1.c17ccccc1.O=C(O)C3.C4C5.C678.O34
LY-294002	BRD-K27305650	O=c1cc(N2CCOCC2)oc2c(-c3ccccc3)cccc12	O=c1cc4oc2c5cccc12.N14CCOCC1.c15ccccc1
nomegestrol-acetate	BRD-K27351809	CC(=O)OC1(C(C)=O)CCC2C3C=C(C)C4=CC(=O)CCC4C3CCC21C	C167CCC2C3C=C(C)C4=CC(=O)CCC4C3CCC21C.CC5=O.C7(C)=O.O56
EHNA	BRD-K27450477	CCCCCCC(C(C)O)n1cnc2c(N)ncnc21	CCCCCCC3C(C)O.n13cnc2c(N)ncnc21
carbacyclin	BRD-K27499107	CCCCCC(O)C=CC1C(O)CC2CC(=CCCCC(=O)O)CC21	C=3C1C(O)CC2CC=4CC21.CCCCCC(O)C=3.C=4CCCC(=O)O
D-64406	BRD-K27665173	O=C(c1cc2ccccc2[nH]1)c1cc2cc(O)ccc2[nH]1	c14cc2cc(O)ccc2[nH]1.c13cc2ccccc2[nH]1.O=C34
splitomycin	BRD-K27710560	O=C1CCc2c(ccc3ccccc23)O1	O=C1CCc2c(ccc3ccccc23)O1
clopidogrel	BRD-K27721098	COC(=O)C(c1ccccc1Cl)N1CCc2sccc2C1	N14CCc2sccc2C1.c15ccccc1Cl.C3(=O)C45.CO3
H-89	BRD-K27737647	O=S(=O)(NCCNCC=Cc1ccc(Br)cc1)c1cccc2cnccc12	O=S6(=O)c1cccc2cnccc12.C=7c1ccc(Br)cc1.C3C4.C5C=7.N36.N45
lysergol	BRD-K27871032	CN1CC(CO)C=C2c3cccc4[nH]cc(c34)CC21	CN1CC5C=C2c3cccc4[nH]cc(c34)CC21.C5O
dolasetron	BRD-K28029915	O=C(OC1CC2CC3CC(C1)N2CC3=O)c1c[nH]c2ccccc12	C15CC2CC3CC(C1)N2CC3=O.c16c[nH]c2ccccc12.O=C46.O45
biochanin-a	BRD-K28075147	COc1ccc(-c2coc3cc(OC(C)=O)cc(OC(C)=O)c3c2=O)cc1	c19coc2cc7cc8c2c1=O.c16ccc9cc1.C4(C)=O.C5(C)=O.CO6.O47.O58
apafant	BRD-K28115081	Cc1nnc2n1-c1sc(CCC(=O)N3CCOCC3)cc1C(c1ccccc1Cl)=NC2	Cc1nnc2n1-c1sc5cc1C(c1ccccc1Cl)=NC2.N14CCOCC1.C5CC4=O
parthenolide-(alternate-stereo)	BRD-K28120222	C=C1C(=O)OC2C1CCC(C)=CCCC1(C)OC21	C=C1C(=O)OC2C1CCC(C)=CCCC1(C)OC21
loreclezole	BRD-K28137194	ClC(=Cn1cncn1)c1ccc(Cl)cc1Cl	ClC(=Cn1cncn1)c1ccc(Cl)cc1Cl
cyproheptadine	BRD-K28143534	CN1CCC(=C2c3ccccc3C=Cc3ccccc32)CC1	C1=4c2ccccc2C=Cc2ccccc21.CN1CCC=4CC1
fenretinide	BRD-K28168037	CC(C=CC1=C(C)CCCC1(C)C)=CC=CC(C)=CC(=O)Nc1ccc(O)cc1	C=5C1=C(C)CCCC1(C)C.c13ccc(O)cc1.CC=4C=5.C=6C=7C.C=7C2=O.C=4C=6.N23
proguanil	BRD-K28183345	CC(C)NC(=N)NC(=N)Nc1ccc(Cl)cc1	N2C(=N)NC(=N)N3.c13ccc(Cl)cc1.CC2C
AKT-inhibitor-IV	BRD-K28296557	CC[n+]1c(C=CN(C)c2ccccc2)n(-c2ccccc2)c2ccc(-c3nc4ccccc4s3)cc21	CC[n+]1c(C=CN5C)n6c2ccc7cc21.c17nc2ccccc2s1.c15ccccc1.c16ccccc1
flutamide	BRD-K28307902	CC(C)C(=O)Nc1ccc([N+](=O)[O-])c(C(F)(F)F)c1	c13ccc([N+](=O)[O-])c4c1.CC(C)C2=O.C4(F)(F)F.N23
rifapentine	BRD-K28346421	COC1C=COC2(C)Oc3c(C)c(O)c4c(O)c(c(C=NN5CCN(C6CCCC6)CC5)c(O)c4c3C2=O)NC(=O)C(C)=CC=CC(C)C(O)C(C)C(O)C(C)C(OC(C)=O)C1C	C18C=COC2(C)Oc3c(C)c(O)c4c(O)c(c(C=NN5CCN%10CC5)c(O)c4c3C2=O)NC(=O)C(C)=CC=CC(C)C(O)C(C)C(O)C(C)C9C1C.C1%10CCCC1.C7(C)=O.CO8.O79
TW-37	BRD-K28360340	CC(C)c1ccccc1Cc1cc(C(=O)Nc2ccc(S(=O)(=O)c3ccccc3C(C)(C)C)cc2)c(O)c(O)c1O	c15ccc(S(=O)(=O)c2ccccc2%10)cc1.c19cc6c(O)c(O)c1O.c17ccccc18.C%10(C)(C)C.CC7C.C46=O.C89.N45
brivanib	BRD-K28428262	Cc1cc2c(F)c(Oc3ncnn4cc(OCC(C)O)c(C)c34)ccc2[nH]1	Cc1cc2c(F)c7ccc2[nH]1.c16ncnn2cc8c(C)c12.C5C(C)O.O67.O58
nitrocaramiphen	BRD-K28453807	CCN(CC)CCOC(=O)C1(c2ccc([N+](=O)[O-])cc2)CCCC1	c19ccc([N+](=O)[O-])cc1.C189CCCC1.N567.C7C4.C38=O.CC5.C6C.O34
L-690330	BRD-K28470988	CC(Oc1ccc(O)cc1)(P(=O)(O)O)P(=O)(O)O	CC2(P(=O)(O)O)P(=O)(O)O.c13ccc(O)cc1.O23
cilostamide	BRD-K28578425	CN(C(=O)CCCOc1ccc2[nH]c(=O)ccc2c1)C1CCCCC1	c15ccc2[nH]c(=O)ccc2c1.C3(=O)CCC4.C16CCCCC1.CN36.O45
fillalbin	BRD-K28667196	COc1cc(C(=O)OC2CC3CCC(C2)N3C)ccc1O	C15CC2CCC(C1)N2C.c16cc7ccc1O.C47=O.CO6.O45
pyrazinamide	BRD-K28667793	NC(=O)c1cnccn1	c12cnccn1.NC2=O
zuclopenthixol	BRD-K28761384	OCCN1CCN(CCC=C2c3ccccc3Sc3ccc(Cl)cc32)CC1	C1=6c2ccccc2Sc2ccc(Cl)cc21.N14CCN5CC1.C5CC=6.OCC4
L-750667	BRD-K28806945	Ic1ccc(N2CCN(Cc3c[nH]c4ncccc34)CC2)cc1	c17c[nH]c2ncccc12.Ic1ccc6cc1.N16CCN5CC1.C57
mesalazine	BRD-K28849549	Nc1ccc(O)c(C(=O)O)c1	Nc1ccc(O)c2c1.C2(=O)O
PNU-282987	BRD-K28863208	O=C(NC1CN2CCC1CC2)c1ccc(Cl)cc1	C14CN2CCC1CC2.c15ccc(Cl)cc1.O=C35.N34
CD-437	BRD-K28907958	O=C(O)c1ccc2cc(-c3ccc(O)c(C45CC6CC(CC(C6)C4)C5)c3)ccc2c1	c17ccc2cc9ccc2c1.C128CC3CC(CC(C3)C1)C2.c19ccc(O)c8c1.O=C7O
nicotinamide	BRD-K28912512	NC(=O)c1cccnc1	c12cccnc1.NC2=O
ketotifen	BRD-K28936863	CN1CCC(=C2c3ccccc3CC(=O)c3sccc32)CC1	C1=4c2ccccc2CC(=O)c2sccc21.CN1CCC=4CC1
ketoconazole	BRD-K29113274	CC(=O)N1CCN(c2ccc(OCC3COC(Cn4ccnc4)(c4ccc(Cl)cc4Cl)O3)cc2)CC1	c1%12ccc(Cl)cc1Cl.N15CCN8CC1.c18ccc7cc1.C1%10COC%11%12O1.n19ccnc1.CC5=O.O67.C6%10.C9%11
isoflupredone-acetate	BRD-K29173907	CC(=O)OCC(=O)C1(O)CCC2C3CCC4=CC(=O)C=CC4(C)C3(F)C(O)CC21C	C17(O)CCC2C3CCC4=CC(=O)C=CC4(C)C3(F)C(O)CC21C.C6C7=O.CC5=O.O56
dictamnine	BRD-K29178788	COc1c2ccccc2nc2occc12	c13c2ccccc2nc2occc12.CO3
HDAC3-selective	BRD-K29313308	CC(=O)Nc1ccc(C(=O)Nc2ccc(F)cc2N)cc1	c16ccc(F)cc1N.c15ccc7cc1.CC3=O.C47=O.N35.N46
ebselen	BRD-K29359156	O=c1c2ccccc2[se]n1-c1ccccc1	O=c1c2ccccc2[se]n1-c1ccccc1
chlorambucil	BRD-K29458283	O=C(O)CCCc1ccc(N(CCCl)CCCl)cc1	c15ccc4cc1.O=C(O)CCC5.N234.C2CCl.C3CCl
amlexanox	BRD-K29530284	CC(C)c1ccc2oc3nc(N)c(C(=O)O)cc3c(=O)c2c1	c15ccc2oc3nc(N)c4cc3c(=O)c2c1.CC5C.C4(=O)O
arachidonamide	BRD-K29555132	CCCCCC=CCC=CCC=CCC=CCCCC(N)=O	C=4CCCC(N)=O.CCCCCC=1.C=1CC=2.C=2CC=3.C=3CC=4
ziprasidone	BRD-K29582115	O=C1Cc2cc(CCN3CCN(c4nsc5ccccc45)CC3)c(Cl)cc2N1	O=C1Cc2cc8c(Cl)cc2N1.c17nsc2ccccc12.N16CCN7CC1.C8C6
flunarizine	BRD-K29582677	Fc1ccc(C(c2ccc(F)cc2)N2CCN(CC=Cc3ccccc3)CC2)cc1	Fc1ccc7cc1.c18ccc(F)cc1.N14CCN5CC1.C=6c1ccccc1.C478.C5C=6
topiramate	BRD-K29653726	CC1(C)OC2COC3(COS(N)(=O)=O)OC(C)(C)OC3C2O1	CC1(C)OC2COC35OC(C)(C)OC3C2O1.O4S(N)(=O)=O.C45
BD-1063	BRD-K29668683	CN1CCN(CCc2ccc(Cl)c(Cl)c2)CC1	c14ccc(Cl)c(Cl)c1.CN1CCN3CC1.C3C4
hypericin	BRD-K29673530	Cc1cc(O)c2c(=O)c3c(O)cc(O)c4c5c(O)cc(O)c6c(=O)c7c(O)cc(C)c8c1c2c(c34)c(c78)c65	Cc1cc(O)c2c(=O)c3c(O)cc(O)c4c5c(O)cc(O)c6c(=O)c7c(O)cc(C)c8c1c2c(c34)c(c78)c65
deforolimus	BRD-K29733039	COC1CC2CCC(C)C(O)(O2)C(=O)C(=O)N2CCCCC2C(=O)OC(C(C)CC2CCC(OP(C)(C)=O)C(OC)C2)CC(=O)C(C)C=C(C)C(O)C(OC)C(=O)C(C)CC(C)C=CC=CC=C1C	C13CC2CCC(C)C(O)(O2)C(=O)C(=O)N2CCCCC2C(=O)OC7CC(=O)C(C)C=C(C)C(O)C6C(=O)C(C)CC(C)C=CC=CC=C1C.C18CCC4C5C1.O4P(C)(C)=O.C7(C)C8.CO3.O5C.O6C
axitinib	BRD-K29905972	CNC(=O)c1ccccc1Sc1ccc2c(C=Cc3ccccn3)n[nH]c2c1	c18ccc2c(C=6)n[nH]c2c1.c15ccccc17.C=6c1ccccn1.C45=O.CN4.S78
clomifene	BRD-K29950728	CCN(CC)CCOc1ccc(C(=C(Cl)c2ccccc2)c2ccccc2)cc1	c14ccc(C=8c2ccccc2)cc1.C=8(Cl)c1ccccc1.N567.C7C3.CC5.C6C.O34
aliskiren	BRD-K30020243	COCCCOc1cc(CC(CC(N)C(O)CC(C(=O)NCC(C)(C)C(N)=O)C(C)C)C(C)C)ccc1OC	C8C(CC(N)C(O)CC(C2=O)C(C)C)C(C)C.c15cc8ccc16.C7C(C)(C)C(N)=O.C3CC4.CO3.O45.N27.O6C
pitavastatin	BRD-K30097969	O=C(CC(O)CC(O)C=Cc1c(C2CC2)nc2ccccc2c1-c1ccc(F)cc1)O[Ca]OC(=O)CC(O)CC(O)C=Cc1c(C2CC2)nc2ccccc2c1-c1ccc(F)cc1	C=5c1c7nc2ccccc2c19.C=6c1c8nc2ccccc2c1%10.O=C3CC(O)CC(O)C=5.C4(=O)CC(O)CC(O)C=6.c19ccc(F)cc1.c1%10ccc(F)cc1.O3[Ca]O4.C17CC1.C18CC1
SYK-inhibitor	BRD-K30189597	Cn1cc(C=C2C(=O)Nc3ccc(S(N)(=O)=O)cc32)c2ccccc21	C1=4C(=O)Nc2ccc(S(N)(=O)=O)cc21.Cn1cc(C=4)c2ccccc21
5-methoxytryptamine	BRD-K30197592	COc1ccc2[nH]cc(CCN)c2c1	c13ccc2[nH]cc4c2c1.C4CN.CO3
clemastine	BRD-K30240666	CN1CCCC1CCOC(C)(c1ccccc1)c1ccc(Cl)cc1	c16ccc(Cl)cc1.CN1CCCC14.c15ccccc1.C356C.C4C2.O23
flavokavain-b	BRD-K30296925	COc1cc(O)c(C(=O)C=Cc2ccccc2)c(OC)c1	c13cc4c5c(O)c1.C=6c1ccccc1.C5(=O)C=6.CO3.O4C
torasemide	BRD-K30480208	Cc1cccc(Nc2ccncc2S(=O)(=O)NC(=O)NC(C)C)c1	c18ccncc1S6(=O)=O.Cc1cccc7c1.C34=O.C5(C)C.N78.N36.N45
rifabutin	BRD-K30563334	COC1C=COC2(C)Oc3c(C)c(O)c4c(O)c(c5c(c4c3C2=O)=NC2(CCN(CC(C)C)CC2)N=5)NC(=O)C(C)=CC=CC(C)C(O)C(C)C(O)C(C)C(OC(C)=O)C1C	C17C=COC2(C)Oc3c(C)c(O)c4c(O)c(c5c(c4c3C2=O)=NC2(CCN9CC2)N=5)NC(=O)C(C)=CC=CC(C)C(O)C(C)C(O)C(C)C8C1C.C9C(C)C.C6(C)=O.CO7.O68
VU-0400195-3	BRD-K30570479	O=C(Nc1ccc(N2C(=O)C3C4C=CC(C4)C3C2=O)c(Cl)c1)c1ccccn1	N18C(=O)C2C3C=CC(C3)C2C1=O.c16ccc8c(Cl)c1.c17ccccn1.O=C57.N56
mafenide	BRD-K30649484	NCc1ccc(S(N)(=O)=O)cc1	c12ccc(S(N)(=O)=O)cc1.NC2
PP-30	BRD-K30677119	CC(C)n1nc(-c2cccc(C(=O)NC3=NCCC3)c2)c2c(N)ncnc21	n16nc7c2c(N)ncnc21.c17cccc5c1.N4C1=NCCC1.CC6C.C45=O
desoximetasone	BRD-K30697463	CC1CC2C3CCC4=CC(=O)C=CC4(C)C3(F)C(O)CC2(C)C1C(=O)CO	CC1CC2C3CCC4=CC(=O)C=CC4(C)C3(F)C(O)CC2(C)C15.C5(=O)CO
TCPOBOP	BRD-K30743633	Clc1cnc(Oc2ccc(Oc3ncc(Cl)cc3Cl)cc2)c(Cl)c1	Clc1cnc4c(Cl)c1.c15ncc(Cl)cc1Cl.c16ccc7cc1.O46.O57
SB-216641	BRD-K30867024	COc1ccc(NC(=O)c2ccc(-c3ccc(-c4noc(C)n4)cc3C)cc2)cc1OCCN(C)C	c17ccc%10cc18.c1%13ccc%12cc1C.c1%11ccc%13cc1.c1%12noc(C)n1.C5%11=O.C6C9.N9(C)C.CO7.N5%10.O68
FR-122047	BRD-K30990140	COc1ccc(-c2nc(C(=O)N3CCN(C)CC3)sc2-c2ccc(OC)cc2)cc1	c15ccc8cc1.c18nc7sc19.N14CCN(C)CC1.c19ccc6cc1.C47=O.CO5.O6C
BMY-7378	BRD-K31054881	COc1ccccc1N1CCN(CCN2C(=O)CC3(CCCC3)CC2=O)CC1	N17C(=O)CC2(CCCC2)CC1=O.c14ccccc16.N16CCN5CC1.C5C7.CO4
devazepide	BRD-K31238592	CN1C(=O)C(NC(=O)c2cc3ccccc3[nH]2)N=C(c2ccccc2)c2ccccc21	CN1C(=O)C5N=C(c2ccccc2)c2ccccc21.c16cc2ccccc2[nH]1.C46=O.N45
tofacitinib	BRD-K31283835	CC1CCN(C(=O)CC#N)CC1N(C)c1ncnc2[nH]ccc12	c14ncnc2[nH]ccc12.CC1CCN3CC15.C3(=O)CC#N.N45C
dihydrexidine	BRD-K31471398	Oc1cc2c(cc1O)C1c3ccccc3CNC1CC2	Oc1cc2c(cc1O)C1c3ccccc3CNC1CC2
1-phenylbiguanide	BRD-K31491153	N=C(N)NC(=N)Nc1ccccc1	N=C(N)NC(=N)N2.c12ccccc1
mycophenolic-acid	BRD-K31542390	COc1c(C)c2c(c(O)c1CC=C(C)CCC(=O)O)C(=O)OC2	c13c5c(O)c2c(c1C)COC2=O.C=4(C)CCC(=O)O.C5C=4.CO3
zibotentan	BRD-K31553034	COc1nc(C)cnc1NS(=O)(=O)c1cccnc1-c1ccc(-c2nnco2)cc1	S4(=O)(=O)c1cccnc16.c13nc(C)cnc15.c16ccc7cc1.c17nnco1.CO3.N45
fluprostenol	BRD-K31611373	O=C(O)CCCC=CCC1C(O)CC(O)C1C=CC(O)COc1cccc(C(F)(F)F)c1	C16C(O)CC(O)C1C=5.O=C(O)CCCC=4.c13cccc7c1.C=5C(O)C2.C7(F)(F)F.C=4C6.O23
rimexolone	BRD-K31627533	CCC(=O)C1(C)C(C)CC2C3CCC4=CC(=O)C=CC4(C)C3C(O)CC21C	C15(C)C(C)CC2C3CCC4=CC(=O)C=CC4(C)C3C(O)CC21C.CCC5=O
DAU-5884	BRD-K31633810	CN1C2CCC1CC(OC(=O)N1Cc3ccccc3NC1=O)C2	N15Cc2ccccc2NC1=O.CN1C2CCC1CC6C2.C45=O.O46
DMeOB	BRD-K31699485	COc1cccc(C=NC=Nc2cccc(OC)c2)c1	c13cccc(C=NC=Nc2cccc4c2)c1.CO3.O4C
pifithrin	BRD-K31792052	Cc1ccc(-c2cn3c4c(sc3n2)CCCC4)cc1	c15cn2c3c(sc2n1)CCCC3.Cc1ccc5cc1
T-0070907	BRD-K31843556	O=C(Nc1ccncc1)c1cc([N+](=O)[O-])ccc1Cl	c14cc([N+](=O)[O-])ccc1Cl.c13ccncc1.O=C24.N23
CGP-71683	BRD-K31912990	Nc1nc(NCC2CCC(CNS(=O)(=O)c3cccc4ccccc34)CC2)nc2ccccc12	S7(=O)(=O)c1cccc2ccccc12.Nc1nc8nc2ccccc12.C19CCC%10CC1.N58.C59.C6%10.N67
oleylethanolamide	BRD-K31987754	CCCCCCCCC=CCCCCCCCC(=O)NCCO	C=3CCCCCCCC1=O.CCCCCCCCC=3.C2CO.N12
temozolomide	BRD-K32107296	Cn1nnc2c(C(N)=O)ncn2c1=O	Cn1nnc2c3ncn2c1=O.C3(N)=O
tolazamide	BRD-K32164935	Cc1ccc(S(=O)(=O)NC(=O)NN2CCCCCC2)cc1	Cc1ccc(S4(=O)=O)cc1.C3(=O)NN1CCCCCC1.N34
primidone	BRD-K32247306	CCC1(c2ccccc2)C(=O)NCNC1=O	C134C(=O)NCNC1=O.c14ccccc1.CC3
CGP-53353	BRD-K32292990	O=C1NC(=O)c2cc(Nc3ccc(F)cc3)c(Nc3ccc(F)cc3)cc21	O=C1NC(=O)c2cc4c6cc21.c15ccc(F)cc1.c17ccc(F)cc1.N45.N67
nifekalant	BRD-K32311154	Cn1c(NCCN(CCO)CCCc2ccc([N+](=O)[O-])cc2)cc(=O)n(C)c1=O	Cn1c7cc(=O)n(C)c1=O.c18ccc([N+](=O)[O-])cc1.C6CC8.C3C4.N456.C5CO.N37
acyclovir	BRD-K32318651	Nc1nc2c(ncn2COCCO)c(=O)[nH]1	Nc1nc2c(ncn24)c(=O)[nH]1.C4O3.C3CO
VER-155008	BRD-K32330832	N#Cc1ccc(COCC2OC(n3c(NCc4ccc(Cl)c(Cl)c4)nc4c(N)ncnc43)C(O)C2O)cc1	n1%12c8nc2c(N)ncnc21.N#Cc1ccc%10cc1.C19OC%12C(O)C1O.c1%11ccc(Cl)c(Cl)c1.C5%10.O56.C69.N78.C7%11
alprazolam	BRD-K32398298	Cc1nnc2n1-c1ccc(Cl)cc1C(c1ccccc1)=NC2	Cc1nnc2n1-c1ccc(Cl)cc1C(c1ccccc1)=NC2
morphothebaine	BRD-K32412559	COc1ccc2c(c1O)-c1cc(O)cc3c1C(C2)N(C)CC3	c14ccc2c(c1O)-c1cc(O)cc3c1C(C2)N(C)CC3.CO4
vanoxerine	BRD-K32501161	Fc1ccc(C(OCCN2CCN(CCCc3ccccc3)CC2)c2ccc(F)cc2)cc1	Fc1ccc8cc1.N16CCN7CC1.c19ccc(F)cc1.c1%10ccccc1.C7CC%10.C489.C5C6.O45
DCEBIO	BRD-K32526544	CCn1c(=O)[nH]c2cc(Cl)c(Cl)cc21	n13c(=O)[nH]c2cc(Cl)c(Cl)cc21.CC3
AGK-2	BRD-K32536677	N#CC(=Cc1ccc(-c2cc(Cl)ccc2Cl)o1)C(=O)Nc1cccc2ncccc12	c14cccc2ncccc12.c16cc(Cl)ccc1Cl.C=5c1ccc6o1.N#CC=5C3=O.N34
BML-257	BRD-K32584078	O=C(O)c1ccc2nc(-c3ccccc3)c(-c3ccccc3)nc2c1	c14ccc2nc5c6nc2c1.c15ccccc1.c16ccccc1.O=C4O
androstenedione	BRD-K32610195	CC12CCC3C(CCC4=CC(=O)CCC43C)C1CCC2=O	CC12CCC3C(CCC4=CC(=O)CCC43C)C1CCC2=O
dipropyl-5ct	BRD-K32645441	CCCN(CCC)CCc1c[nH]c2ccc(C(N)=O)cc12	c17c[nH]c2ccc6cc12.CCC3.N345.C4CC.C5C7.C6(N)=O
noreleagnine	BRD-K32696739	c1ccc2c3c([nH]c2c1)CNCC3	c1ccc2c3c([nH]c2c1)CNCC3
EI-247	BRD-K32710582	O=P(O)(O)C(O)c1ccc2ccccc2c1	c13ccc2ccccc2c1.O=P(O)(O)C3O
disulfiram	BRD-K32744045	CCN(CC)C(=S)SSC(=S)N(CC)CC	N12C(=S)SSC(=S)N34.CC1.C2C.C3C.C4C
reserpic-acid	BRD-K32755366	COc1ccc2c3c([nH]c2c1)C1CC2C(CC(O)C(OC)C2C(=O)O)CN1CC3	c15ccc2c3c([nH]c2c1)C1CC2C(CC(O)C4C26)CN1CC3.C6(=O)O.CO5.O4C
1-benzylimidazole	BRD-K32795028	c1ccc(Cn2ccnc2)cc1	c1ccc4cc1.n13ccnc1.C34
azathioprine	BRD-K32821942	Cn1cnc([N+](=O)[O-])c1Sc1[nH]cnc2ncnc1-2	Cn1cnc([N+](=O)[O-])c13.c14[nH]cnc2ncnc1-2.S34
chelidonine	BRD-K32828673	CN1Cc2c(ccc3c2OCO3)C2C(O)Cc3cc4c(cc3C21)OCO4	CN1Cc2c(ccc3c2OCO3)C2C(O)Cc3cc4c(cc3C21)OCO4
guanfacine	BRD-K32830106	N=C(N)NC(=O)Cc1c(Cl)cccc1Cl	c13c(Cl)cccc1Cl.N=C(N)N2.C2(=O)C3
CAY-10577	BRD-K32836707	O=C(O)c1c[nH]c2c(Cl)c(Cl)ccc2c1=O	c13c[nH]c2c(Cl)c(Cl)ccc2c1=O.O=C3O
bis-tyrphostin	BRD-K32906660	N#CC(=Cc1ccc(O)c(O)c1)C(=O)NCCCNC(=O)C(C#N)=Cc1ccc(O)c(O)c1	C=6c1ccc(O)c(O)c1.C=7c1ccc(O)c(O)c1.N#CC=6C2=O.C3(=O)C=7C#N.C4CC5.N24.N35
eugenol	BRD-K32977963	C=CCc1ccc(O)c(OC)c1	c13ccc(O)c2c1.C=CC3.O2C
cytarabine	BRD-K33106058	Nc1ccn(C2OC(CO)C(O)C2O)c(=O)n1	Nc1ccn4c(=O)n1.C14OC3C(O)C1O.C3O
methylnorlichexanthone	BRD-K33193182	COc1cc(C)c2c(=O)c3c(O)cc(O)cc3oc2c1	c14cc(C)c2c(=O)c3c(O)cc(O)cc3oc2c1.CO4
AG-370	BRD-K33204703	N#CC(=Cc1ccc2[nH]ccc2c1)C(N)=C(C#N)C#N	C=3c1ccc2[nH]ccc2c1.N#CC=3C=4N.C=4(C#N)C#N
dextromethorphan	BRD-K33211335	COc1ccc2c(c1)C13CCCCC1C(C2)N(C)CC3	c14ccc2c(c1)C13CCCCC1C(C2)N(C)CC3.CO4
indinavir	BRD-K33226500	CC(C)(C)NC(=O)C1CN(Cc2cccnc2)CCN1CC(O)CC(Cc1ccccc1)C(=O)NC1c2ccccc2CC1O	N4C1c2ccccc2CC1O.C7C(O)CC(C%10)C4=O.C18CN6CCN17.c19cccnc1.c1%10ccccc1.CC5(C)C.C38=O.N35.C69
INCA-6	BRD-K33308633	O=C1C=CC(=O)C2=C1C1c3ccccc3C2c2ccccc21	O=C1C=CC(=O)C2=C1C1c3ccccc3C2c2ccccc21
halometasone	BRD-K33312228	CC1CC2C3CC(F)C4=CC(=O)C(Cl)=CC4(C)C3(F)C(O)CC2(C)C1(O)C(=O)CO	CC1CC2C3CC(F)C4=CC(=O)C(Cl)=CC4(C)C3(F)C(O)CC2(C)C15O.C5(=O)CO
alpha-linolenic-acid	BRD-K33396764	CCC=CCC=CCC=CCCCCCCCC(=O)O	C=3CCCCCCCC(=O)O.C=1CC=2.C=2CC=3.CCC=1
levocabastine	BRD-K33453211	CC1CN(C2CCC(C#N)(c3ccc(F)cc3)CC2)CCC1(C(=O)O)c1ccccc1	CC1CN4CCC157.C14CCC6(C#N)CC1.c16ccc(F)cc1.c17ccccc1.C5(=O)O
ditolylguanidine	BRD-K33459542	Cc1ccccc1NC(=N)Nc1ccccc1C	Cc1ccccc12.c13ccccc1C.N2C(=N)N3
actarit	BRD-K33483813	CC(=O)Nc1ccc(CC(=O)O)cc1	c13ccc4cc1.C4C(=O)O.CC2=O.N23
radicicol	BRD-K33551950	CC1CC2OC2C=CC=CC(=O)Cc2c(Cl)c(O)cc(O)c2C(=O)O1	CC1CC2OC2C=CC=CC(=O)Cc2c(Cl)c(O)cc(O)c2C(=O)O1
taurodeoxycholic-acid	BRD-K33572481	CC(CCC(=O)NCCS(=O)(=O)O)C1CCC2C3CCC4CC(O)CCC4(C)C3CC(O)C12C	C17CCC2C3CCC4CC(O)CCC4(C)C3CC(O)C12C.CC7CCC5=O.C6CS(=O)(=O)O.N56
isoliquiritigenin	BRD-K33583600	O=C(C=Cc1ccc(O)cc1)c1ccc(O)cc1O	C=3c1ccc(O)cc1.c12ccc(O)cc1O.O=C2C=3
GW-3965	BRD-K33818169	O=C(O)Cc1cccc(OCCCN(Cc2cccc(C(F)(F)F)c2Cl)CC(c2ccccc2)c2ccccc2)c1	c1%10cccc%11c1Cl.c19cccc5c1.c1%12ccccc1.c14ccccc1.O=C(O)C9.C3CC6.C%11(F)(F)F.C8C%124.N678.O35.C7%10
CP-94253	BRD-K33860217	CCCOc1ccc2[nH]cc(C3=CCNCC3)c2n1	c15ccc2[nH]cc(C3=CCNCC3)c2n1.CCC4.O45
LY-225910	BRD-K33864865	CC(C)Oc1cccc(-n2c(CCc3c[nH]c4ccc(Br)cc34)nc3ccccc3c2=O)c1	n19c7nc2ccccc2c1=O.c18c[nH]c2ccc(Br)cc12.c16cccc9c1.CC5C.C7C8.O56
ZK-93423	BRD-K33882852	CCOC(=O)c1ncc2[nH]c3ccc(OCc4ccccc4)cc3c2c1COC	c1%10ncc2[nH]c3ccc9cc3c2c1%12.c1%11ccccc1.C5%10=O.CC6.O56.O79.C7%11.C8%12.O8C
naproxol	BRD-K34014345	COc1ccc2cc(C(C)CO)ccc2c1	c13ccc2cc4ccc2c1.C4(C)CO.CO3
arvanil	BRD-K34092021	CCCCCC=CCC=CCC=CCC=CCCCC(=O)NCc1ccc(O)c(OC)c1	c19ccc(O)c3c1.C=8CCCC2=O.CCCCCC=5.C=5CC=6.C=6CC=7.C=7CC=8.N24.C49.O3C
tienilic-acid	BRD-K34098590	O=C(O)COc1ccc(C(=O)c2cccs2)c(Cl)c1Cl	c14ccc6c(Cl)c1Cl.c15cccs1.O=C(O)C3.C56=O.O34
tracazolate	BRD-K34154330	CCCCNc1c(C(=O)OCC)c(C)nc2c1cnn2CC	c16c7c(C)nc2c1cnn28.CCCC5.C37=O.N56.O34.C4C.C8C
fexaramine	BRD-K34170797	COC(=O)C=Cc1cccc(N(Cc2ccc(-c3ccc(N(C)C)cc3)cc2)C(=O)C2CCCCC2)c1	C=%10c1cccc7c1.c1%11ccc%12cc1.c1%12ccc8cc1.C19CCCCC1.C4(=O)C=%10.N567.N8(C)C.C59=O.CO4.C6%11
rotenonic-acid	BRD-K34330170	COc1cc2c(cc1OC)C1C(=O)c3ccc(O)c(CC=C(C)C)c3OC1CO2	c14cc2c(cc15)C1C(=O)c3ccc(O)c7c3OC1CO2.C7C=6.C=6(C)C.CO4.O5C
trimethobenzamide	BRD-K34415467	COc1cc(C(=O)NCc2ccc(OCCN(C)C)cc2)cc(OC)c1OC	c16cc%12cc8c19.c14ccc7cc1.C3%12=O.C5C%11.N%11(C)C.CO6.N3%10.C%104.O57.O8C.O9C
5-FP	BRD-K34437622	Oc1ncc(F)cn1	Oc1ncc(F)cn1
moexipril	BRD-K34441861	CCOC(=O)C(CCc1ccccc1)NC(C)C(=O)N1Cc2cc(OC)c(OC)cc2CC1C(=O)O	N14Cc2cc6c7cc2CC1%10.C3(=O)C8CC%11.c1%11ccccc1.C9(C)C4=O.C%10(=O)O.CC5.O35.N89.O6C.O7C
KU-C103898N	BRD-K34508425	Cc1ccc(CSc2nnc(-c3ccccn3)n2Cc2cccs2)cc1	Cc1ccc7cc1.c18nnc9n15.c19ccccn1.c16cccs1.C47.S48.C56
tyrphostin-AG-494	BRD-K34533029	N#CC(=Cc1ccc(O)c(O)c1)C(=O)Nc1ccccc1	C=4c1ccc(O)c(O)c1.N#CC=4C2=O.c13ccccc1.N23
BMS-536924	BRD-K34581968	Cc1cc(N2CCOCC2)cc2[nH]c(-c3c(NCC(O)c4cccc(Cl)c4)cc[nH]c3=O)nc12	Cc1cc6cc2[nH]c9nc12.c19c7cc[nH]c1=O.c18cccc(Cl)c1.N16CCOCC1.C5C8O.N57
GP-2a	BRD-K34608650	Cc1ccc2c(c1)Cc1c(C(=O)NC3CCCCC3)nn(-c3ccc(Cl)cc3Cl)c1-2	Cc1ccc2c(c1)Cc1c6nn7c1-2.c17ccc(Cl)cc1Cl.C15CCCCC1.C46=O.N45
glimepiride	BRD-K34776109	CCC1=C(C)CN(C(=O)NCCc2ccc(S(=O)(=O)NC(=O)NC3CCC(C)CC3)cc2)C1=O	c1%11ccc(S9(=O)=O)cc1.CCC1=C(C)CN7C1=O.C1%10CCC(C)CC1.C47=O.C8C%11.C56=O.N48.N59.N6%10
tebuthiuron	BRD-K34820100	CNC(=O)N(C)c1nnc(C(C)(C)C)s1	c14nnc5s1.C5(C)(C)C.C23=O.N34C.CN2
SU-1498	BRD-K34995470	CC(C)c1cc(C=C(C#N)C(=O)NCCCc2ccccc2)cc(C(C)C)c1O	c16cc(C=5)cc8c1O.C=5(C#N)C3=O.c17ccccc1.C4CC7.CC6C.C8(C)C.N34
2-aminopurine	BRD-K35128472	Nc1ncc2nc[nH]c2n1	Nc1ncc2nc[nH]c2n1
methylprednisolone	BRD-K35240538	CC1CC2C(C(O)CC3(C)C2CCC3(O)C(=O)CO)C2(C)C=CC(=O)C=C12	CC1CC2C(C(O)CC3(C)C2CCC34O)C2(C)C=CC(=O)C=C12.C4(=O)CO
I-OMe-AG-538	BRD-K35377380	COc1cc(C=C(C#N)C(=O)c2ccc(O)c(O)c2)cc(I)c1O	c13cc(C=5)cc(I)c1O.c14ccc(O)c(O)c1.C=5(C#N)C4=O.CO3
SR-59230A	BRD-K35430135	CCc1ccccc1OCC(O)CNC1CCCc2ccccc21	N5C1CCCc2ccccc21.c16ccccc14.C3C(O)C5.CC6.O34
edaravone	BRD-K35458079	CC1=NN(c2ccccc2)C(=O)C1	CC1=NN3C(=O)C1.c13ccccc1
alitretinoin	BRD-K35483542	CC(C=CC1=C(C)CCCC1(C)C)=CC=CC(C)=CC(=O)O	C=3C1=C(C)CCCC1(C)C.CC=2C=3.C=4C=5C.C=5C(=O)O.C=2C=4
alrestatin	BRD-K35498378	O=C(O)CN1C(=O)c2cccc3cccc(c23)C1=O	N14C(=O)c2cccc3cccc(c23)C1=O.O=C(O)C4
molsidomine	BRD-K35531059	CCOC(=O)N=c1c[n+](N2CCOCC2)[n-]o1	C3(=O)N=c1c[n+](N2CCOCC2)[n-]o1.CC4.O34
levomepromazine	BRD-K35559145	COc1ccc2c(c1)N(CC(C)CN(C)C)c1ccccc1S2	c13ccc2c(c1)N4c1ccccc1S2.C4C(C)C5.N5(C)C.CO3
erbstatin-analog	BRD-K35573744	COC(=O)C=Cc1cc(O)ccc1O	C=3c1cc(O)ccc1O.C2(=O)C=3.CO2
SR-27897	BRD-K35629949	O=C(O)Cn1c(C(=O)Nc2nc(-c3ccccc3Cl)cs2)cc2ccccc21	n17c6cc2ccccc21.c18ccccc1Cl.c15nc8cs1.O=C(O)C7.C46=O.N45
ON-01910	BRD-K35687265	COc1cc(OC)c(C=CS(=O)(=O)Cc2ccc(OC)c(NCC=O)c2)c(OC)c1	c13cc4c(C=CS(=O)(=O)C9)c6c1.c19ccc5c8c1.C7C=O.CO3.O4C.O5C.N78.O6C
darinaparsin	BRD-K35723520	C[As](C)SCC(NC(=O)CCC(N)C(=O)O)C(=O)NCC(=O)O	C1(=O)CCC(N)C(=O)O.C5C3C2=O.C[As](C)S5.C4C(=O)O.N13.N24
methysergide	BRD-K35941380	CCC(CO)NC(=O)C1C=C2c3cccc4c3c(cn4C)CC2N(C)C1	C17C=C2c3cccc4c3c(cn4C)CC2N(C)C1.CCC6CO.C57=O.N56
niclosamide	BRD-K35960502	O=C(Nc1ccc([N+](=O)[O-])cc1Cl)c1cc(Cl)ccc1O	c13ccc([N+](=O)[O-])cc1Cl.c14cc(Cl)ccc1O.O=C24.N23
NNC-63-0532	BRD-K36009368	COC(=O)CN1CN(c2ccccc2)C2(CCN(Cc3ccc4ccccc4c3)CC2)C1=O	N18CN7C2(CCN6CC2)C1=O.c19ccc2ccccc2c1.c17ccccc1.C5(=O)C8.CO5.C69
KU-C103885	BRD-K36153907	O=c1c2cc(C(F)(F)F)ccc2sn1-c1ccccc1	O=c1c2cc3ccc2sn14.c14ccccc1.C3(F)(F)F
WAY-170523	BRD-K36198571	Cc1cc(C)c(N(Cc2ccccc2)S(=O)(=O)c2ccc(OCCNC(=O)c3cc4ccccc4o3)cc2)c(C(=O)NO)c1	S%11(=O)(=O)c1ccc8cc1.Cc1cc%14c%12c(C)c1.c1%13cc2ccccc2o1.c16ccccc1.C%14(=O)NO.N9%11%12.C7C%10.C5%13=O.C96.O78.N5%10
AZ-10417808	BRD-K36258877	C=CCNC(=O)c1cc([N+](=O)[O-])cc2c(=O)[nH]c(Nc3ccc(Cl)c(Cl)c3)nc12	c18cc([N+](=O)[O-])cc2c(=O)[nH]c6nc12.c17ccc(Cl)c(Cl)c1.C=CC5.C48=O.N45.N67
NF-449	BRD-K36324071	O=C(Nc1cc(C(=O)Nc2ccc(S(=O)(=O)O)c(S(=O)(=O)O)c2)cc(C(=O)Nc2ccc(S(=O)(=O)O)c(S(=O)(=O)O)c2)c1)Nc1cc(C(=O)Nc2ccc(S(=O)(=O)O)c(S(=O)(=O)O)c2)cc(C(=O)Nc2ccc(S(=O)(=O)O)c(S(=O)(=O)O)c2)c1	c1%17ccc(S(=O)(=O)O)c(S(=O)(=O)O)c1.c1%18ccc(S(=O)(=O)O)c(S(=O)(=O)O)c1.c15ccc(S(=O)(=O)O)c(S(=O)(=O)O)c1.c16ccc(S(=O)(=O)O)c(S(=O)(=O)O)c1.c1%16cc7cc8c1.c14cc9cc%10c1.O=C3%11.C%127=O.C%138=O.C%149=O.C%15%10=O.N3%16.N%12%17.N%13%18.N%114.N%145.N%156
marmesin	BRD-K36377456	CC(C)(O)C1Cc2cc3ccc(=O)oc3cc2O1	C14Cc2cc3ccc(=O)oc3cc2O1.CC4(C)O
SB-206553	BRD-K36395411	Cn1ccc2cc3c(cc21)CCN3C(=O)Nc1cccnc1	Cn1ccc2cc3c(cc21)CCN34.c16cccnc1.C45=O.N56
PU-H71	BRD-K36529613	CC(C)NCCCn1c(Sc2cc3c(cc2I)OCO3)nc2c(N)ncnc21	n16c7nc2c(N)ncnc21.c18cc2c(cc1I)OCO2.C5CC6.CC4C.N45.S78
doxepin	BRD-K36616567	CN(C)CCC=C1c2ccccc2COc2ccccc21	C1=4c2ccccc2COc2ccccc21.C3CC=4.CN3C
tamibarotene	BRD-K36627727	CC1(C)CCC(C)(C)c2cc(NC(=O)c3ccc(C(=O)O)cc3)ccc21	CC1(C)CCC(C)(C)c2cc5ccc21.c16ccc7cc1.C46=O.C7(=O)O.N45
anabasine	BRD-K36638830	c1cncc(C2CCCCN2)c1	c1cncc3c1.C13CCCCN1
AG-957	BRD-K36737713	COC(=O)c1ccc(NCc2cc(O)ccc2O)cc1	c17cc(O)ccc1O.c16ccc5cc1.C36=O.CO3.N45.C47
GSK-1070916	BRD-K36740062	CCn1cc(-c2ccnc3[nH]c(-c4cccc(CN(C)C)c4)cc23)c(-c2ccc(NC(=O)N(C)C)cc2)n1	c1%13ccnc2[nH]c%11cc12.n19cc%13c%12n1.c1%11cccc%10c1.c1%12ccc8cc1.N7(C)C.C56=O.N6(C)C.CC9.C7%10.N58
hydroflumethiazide	BRD-K36862742	NS(=O)(=O)c1cc2c(cc1C(F)(F)F)NCNS2(=O)=O	NS(=O)(=O)c1cc2c(cc13)NCNS2(=O)=O.C3(F)(F)F
BD-1047	BRD-K36864847	CN(C)CCN(C)CCc1ccc(Cl)c(Cl)c1	c15ccc(Cl)c(Cl)c1.CN2C.C2C3.N34C.C4C5
glibenclamide	BRD-K36927236	COc1ccc(Cl)cc1C(=O)NCCc1ccc(S(=O)(=O)NC(=O)NC2CCCCC2)cc1	c1%11ccc(S8(=O)=O)cc1.c16ccc(Cl)cc1%10.C19CCCCC1.C3%10=O.C7C%11.C45=O.CO6.N37.N48.N59
m-chlorophenylbiguanide	BRD-K36965586	N=C(N)NC(=N)Nc1cccc(Cl)c1	N=C(N)NC(=N)N2.c12cccc(Cl)c1
isoreserpine	BRD-K37080523	COC(=O)C1C2CC3c4[nH]c5cc(OC)ccc5c4CCN3CC2CC(OC(=O)c2cc(OC)c(OC)c(OC)c2)C1OC	C1%15C%10C9CC2CN3CCc4c([nH]c5cc%11ccc45)C3CC21.c17cc%12c%13c%14c1.C6%15=O.C87=O.CO6.O%11C.O89.O%12C.O%13C.O%14C.O%10C
rivaroxaban	BRD-K37130656	O=C(NCC1CN(c2ccc(N3CCOCC3=O)cc2)C(=O)O1)c1ccc(Cl)s1	C17CN8C(=O)O1.c18ccc9cc1.N19CCOCC1=O.c16ccc(Cl)s1.O=C46.N45.C57
III606050	BRD-K37194137	COC1OC(CO)C(OC(=O)Nc2ccccc2)C(OC(=O)Nc2ccccc2-c2ccccc2)C1OC(=O)Nc1ccccc1-c1ccccc1	C1%16OC8C%17C%18C14.c16ccccc19.c17ccccc1%10.c15ccccc1.c19ccccc1.c1%10ccccc1.C3%13=O.C%11%14=O.C%12%15=O.CO%16.C8O.O3%17.N%135.O%11%18.N%146.O%124.N%157
rhamnetin	BRD-K37206356	COc1cc(O)c2c(=O)c(O)c(-c3ccc(O)c(O)c3)oc2c1	c14cc(O)c2c(=O)c(O)c5oc2c1.c15ccc(O)c(O)c1.CO4
clozapine	BRD-K37289225	CN1CCN(C2=Nc3cc(Cl)ccc3Nc3ccccc32)CC1	CN1CCN(C2=Nc3cc(Cl)ccc3Nc3ccccc32)CC1
kenpaullone	BRD-K37312348	O=C1Cc2c([nH]c3ccc(Br)cc23)-c2ccccc2N1	O=C1Cc2c([nH]c3ccc(Br)cc23)-c2ccccc2N1
hydrocotarnine	BRD-K37447567	COc1c2c(cc3c1OCO3)CCN(C)C2	c14c2c(cc3c1OCO3)CCN(C)C2.CO4
VU-0365114-2	BRD-K37456065	O=C1C(=O)N(Cc2ccc(-c3ccccc3)cc2)c2ccc(OC(F)(F)F)cc21	O=C1C(=O)N(C5)c2ccc4cc21.c15ccc6cc1.c16ccccc1.O4C(F)(F)F
idebenone	BRD-K37516142	COC1=C(OC)C(=O)C(CCCCCCCCCCO)=C(C)C1=O	COC1=C(OC)C(=O)C(CCCCCCCCCCO)=C(C)C1=O
zardaverine	BRD-K37561857	COc1cc(-c2ccc(=O)[nH]n2)ccc1OC(F)F	c13cc5ccc14.c15ccc(=O)[nH]n1.O4C(F)F.CO3
MRS-1220	BRD-K37618799	O=C(Cc1ccccc1)Nc1nc2ccc(Cl)cc2c2nc(-c3ccco3)nn12	c15nc2ccc(Cl)cc2c2nc7nn12.c16ccccc1.c17ccco1.O=C4C6.N45
hinokitiol	BRD-K37691127	CC(C)c1cccc(=O)c(O)c1	c12cccc(=O)c(O)c1.CC2C
SB-525334	BRD-K37720887	Cc1cccc(-c2[nH]c(C(C)(C)C)nc2-c2ccc3nccnc3c2)n1	c16ccc2nccnc2c1.Cc1cccc5n1.c15[nH]c4nc16.C4(C)(C)C
denbufylline	BRD-K37792168	CCCCn1c(=O)c2c(ncn2CC(C)=O)n(CCCC)c1=O	n13c(=O)c2c(ncn24)n5c1=O.CCCC3.C4C(C)=O.C5CCC
etoposide	BRD-K37798499	COc1cc(C2c3cc4c(cc3C(OC3OC5COC(C)OC5C(O)C3O)C3COC(=O)C23)OCO4)cc(OC)c1O	c17cc(C2c3cc4c(cc3C(O6)C3COC(=O)C23)OCO4)cc8c1O.C16OC2COC(C)OC2C(O)C1O.CO7.O8C
acepromazine	BRD-K37814297	CC(=O)c1ccc2c(c1)N(CCCN(C)C)c1ccccc1S2	c15ccc2c(c1)N3c1ccccc1S2.C3CC4.CC5=O.N4(C)C
3,3'-diindolylmethane	BRD-K37846922	c1ccc2c(Cc3c[nH]c4ccccc34)c[nH]c2c1	c1ccc2c5c[nH]c2c1.c16c[nH]c2ccccc12.C56
ceforanide	BRD-K37848908	NCc1ccccc1CC(=O)NC1C(=O)N2C(C(=O)O)=C(CSc3nnnn3CC(=O)O)CSC12	C16C(=O)N2C(C(=O)O)=C(C5)CSC12.c18ccccc19.c1%10nnnn17.C9C4=O.C7C(=O)O.NC8.N46.S5%10
LY-2183240	BRD-K37865504	CN(C)C(=O)n1nnnc1Cc1ccc(-c2ccccc2)cc1	C3(=O)n1nnnc14.c15ccc6cc1.c16ccccc1.CN3C.C45
paroxetine	BRD-K37991163	Fc1ccc(C2CCNCC2COc2ccc3c(c2)OCO3)cc1	c15ccc2c(c1)OCO2.Fc1ccc7cc1.C17CCNCC16.C46.O45
clocortolone-pivalate	BRD-K38003476	CC1CC2C3CC(F)C4=CC(=O)C=CC4(C)C3(Cl)C(O)CC2(C)C1C(=O)COC(=O)C(C)(C)C	CC1CC2C3CC(F)C4=CC(=O)C=CC4(C)C3(Cl)C(O)CC2(C)C17.C5(=O)C(C)(C)C.C7(=O)C6.O56
etamivan	BRD-K38055836	CCN(CC)C(=O)c1ccc(O)c(OC)c1	c16ccc(O)c3c1.N245.C26=O.CC4.C5C.O3C
bumetanide	BRD-K38197229	CCCCNc1cc(C(=O)O)cc(S(N)(=O)=O)c1Oc1ccccc1	c15cc6cc(S(N)(=O)=O)c12.c13ccccc1.CCCC4.C6(=O)O.N45.O23
paxilline	BRD-K38251852	CC(C)(O)C1OC2CCC3(C)C(O)(CCC4Cc5c([nH]c6ccccc56)C43C)C2=CC1=O	C17OC2CCC3(C)C(O)(CCC4Cc5c([nH]c6ccccc56)C43C)C2=CC1=O.CC7(C)O
domperidone	BRD-K38305202	O=c1[nH]c2ccccc2n1CCCN1CCC(n2c(=O)[nH]c3cc(Cl)ccc32)CC1	n16c(=O)[nH]c2cc(Cl)ccc21.O=c1[nH]c2ccccc2n15.N14CCC6CC1.C5CC4
phenacetin	BRD-K38323065	CCOc1ccc(NC(C)=O)cc1	c14ccc5cc1.C2(C)=O.CC3.O34.N25
imipramine	BRD-K38436528	CN(C)CCCN1c2ccccc2CCc2ccccc21	N14c2ccccc2CCc2ccccc21.C3CC4.CN3C
seneciphylline	BRD-K38449220	C=C1CC(=CC)C(=O)OC2CCN3CC=C(COC(=O)C1(C)O)C23	C=C1CC=4C(=O)OC2CCN3CC=C(COC(=O)C1(C)O)C23.C=4C
malonoben	BRD-K38477985	[C-]#[N+]C(C#N)=Cc1cc(C(C)(C)C)c(O)c(C(C)(C)C)c1	C=2c1cc3c(O)c4c1.[C-]#[N+]C=2C#N.C3(C)(C)C.C4(C)(C)C
A-443644	BRD-K38615104	Cc1n[nH]c2ccc(-c3cncc(OCC(N)Cc4c[nH]c5ccccc45)c3)cc12	Cc1n[nH]c2ccc9cc12.c18c[nH]c2ccccc12.c19cncc7c1.C6C(N)C8.O67
hesperidin	BRD-K38903228	COc1ccc(C2CC(=O)c3c(O)cc(OC4OC(COC5OC(C)C(O)C(O)C5O)C(O)C(O)C4O)cc3O2)cc1O	C1%12CC(=O)c2c(O)cc%10cc2O1.C17OC%11C(O)C(O)C1O.C18OC(C)C(O)C(O)C1O.c19ccc%12cc1O.CO9.O7%10.C6%11.O68
BCL2-inhibitor	BRD-K39111395	COc1ccc([N+][O-])c(CCc2cc(OC)ccc2[N+][O-])c1	c13ccc([N+][O-])c5c1.c16cc4ccc1[N+][O-].C5C6.CO3.O4C
bithionol	BRD-K39120595	Oc1c(Cl)cc(Cl)cc1Sc1cc(Cl)cc(Cl)c1O	Oc1c2cc(Cl)cc1Cl.c13cc(Cl)cc(Cl)c1O.S23
epirizole	BRD-K39339537	COc1cc(C)nc(-n2nc(C)cc2OC)n1	c13cc(C)nc5n1.n15nc(C)cc14.CO3.O4C
ethylestrenol	BRD-K39391626	CCC1(O)CCC2C3CCC4=CCCCC4C3CCC21C	C15(O)CCC2C3CCC4=CCCCC4C3CCC21C.CC5
dexchlorpheniramine	BRD-K39462424	CN(C)CCC(c1ccc(Cl)cc1)c1ccccn1	c14ccc(Cl)cc1.c13ccccn1.C2CC34.CN2C
GW-5074	BRD-K39520573	O=C1Nc2ccc(I)cc2C1=Cc1cc(Br)c(O)c(Br)c1	O=C1Nc2ccc(I)cc2C1=3.C=3c1cc(Br)c(O)c(Br)c1
avrainvillamide-analog-3	BRD-K39569857	CC1(C)C2=[N+]([O-])c3cc4c(cc3C2=CC23NC(=O)C5(CCCN5C2=O)CC13)OCO4	CC1(C)C2=[N+]([O-])c3cc4c(cc3C2=CC23NC(=O)C5(CCCN5C2=O)CC13)OCO4
artemether	BRD-K39621635	COC1OC2OC3(C)CCC4C(C)CCC(C1C)C24OO3	C15OC2OC3(C)CCC4C(C)CCC(C1C)C24OO3.CO5
amthamine	BRD-K39670393	Cc1nc(N)sc1CCN	Cc1nc(N)sc12.C2CN
L-161982	BRD-K39733634	CCCCc1nn(-c2ccccc2C(F)(F)F)c(=O)n1Cc1ccc(-c2ccccc2S(=O)(=O)NC(=O)c2sccc2C)cc1	c1%11ccccc1S4(=O)=O.c17nn%10c(=O)n16.c1%10ccccc18.c19ccc%11cc1.c15sccc1C.CCCC7.C8(F)(F)F.C35=O.C69.N34
erythromycin-estolate	BRD-K39746403	CCC(=O)OC1C(OC2C(C)C(OC3CC(C)(OC)C(O)C(C)O3)C(C)C(=O)OC(CC)C(C)(O)C(O)C(C)C(=O)C(C)CC2(C)O)OC(C)CC1N(C)C	C19C(C)C%10C(C)C(=O)OC%12C(C)(O)C(O)C(C)C(=O)C(C)CC1(C)O.C17CC5(C)C(O)C(C)O1.C18C%11CC(C)OC16.CCC4=O.N%11(C)C.O48.O69.O7%10.O5C.C%12C
VU-0366037-2	BRD-K39823328	O=C(Nc1ccc(NC(=O)c2ccccc2Cl)c(Cl)c1)c1ccccn1	c15ccc6c(Cl)c1.c18ccccc1Cl.c17ccccn1.O=C37.C48=O.N35.N46
loxapine	BRD-K39915878	CN1CCN(C2=Nc3ccccc3Oc3ccc(Cl)cc32)CC1	CN1CCN(C2=Nc3ccccc3Oc3ccc(Cl)cc32)CC1
ochratoxin-a	BRD-K39944607	CC1Cc2c(Cl)cc(C(=O)NC(Cc3ccccc3)C(=O)O)c(O)c2C(=O)O1	CC1Cc2c(Cl)cc6c(O)c2C(=O)O1.C5(C7)C(=O)O.c17ccccc1.C46=O.N45
doconexent	BRD-K39965020	CCC=CCC=CCC=CCC=CCC=CCC=CCCC(=O)O	C=6CCC(=O)O.C=1CC=2.C=2CC=3.C=3CC=4.C=4CC=5.C=5CC=6.CCC=1
loteprednol	BRD-K39983086	CCOC(=O)OC1(C(=O)OCCl)CCC2C3CCC4=CC(=O)C=CC4(C)C3C(O)CC21C	C19%10CCC2C3CCC4=CC(=O)C=CC4(C)C3C(O)CC21C.C56=O.C7%10=O.O7CCl.CC8.O58.O69
bisacodyl	BRD-K39987650	CC(=O)Oc1ccc(C(c2ccc(OC(C)=O)cc2)c2ccccn2)cc1	c15ccc8cc1.c19ccc6cc1.c17ccccn1.CC3=O.C789.C4(C)=O.O35.O46
torin-1	BRD-K40175214	CCC(=O)N1CCN(c2ccc(-n3c(=O)ccc4cnc5ccc(-c6cnc7ccccc7c6)cc5c43)cc2C(F)(F)F)CC1	n1%11c(=O)ccc2cnc3ccc%12cc3c21.c1%12cnc2ccccc2c1.c19ccc%11cc1%10.N18CCN9CC1.CCC8=O.C%10(F)(F)F
SAL-1	BRD-K40213712	O=c1[nH]c(=O)c2nc3ccccc3nc2[nH]1	O=c1[nH]c(=O)c2nc3ccccc3nc2[nH]1
vinburnine	BRD-K40227168	CCC12CCCN3CCc4c(n(c5ccccc45)C(=O)C1)C32	C126CCCN3CCc4c(n(c5ccccc45)C(=O)C1)C32.CC6
tyrphostin-A9	BRD-K40255344	CC(C)(C)c1cc(C=C(C#N)C#N)cc(C(C)(C)C)c1O	c13cc(C=2)cc4c1O.C=2(C#N)C#N.CC3(C)C.C4(C)(C)C
hyoscyamine	BRD-K40530731	CN1C2CCC1CC(OC(=O)C(CO)c1ccccc1)C2	CN1C2CCC1CC4C2.C3(=O)C5CO.c15ccccc1.O34
GR-79236	BRD-K40578143	OCC1OC(n2cnc3c(NC4CCCC4O)ncnc32)C(O)C1O	n18cnc2c5ncnc21.C17OC8C(O)C1O.C16CCCC1O.OC7.N56
larixinic-acid	BRD-K40619305	Cc1occc(=O)c1O	Cc1occc(=O)c1O
ZM-39923	BRD-K40624912	CC(C)N(CCC(=O)c1ccc2ccccc2c1)Cc1ccccc1	c16ccc2ccccc2c1.c17ccccc1.C4CC6=O.CC3C.N345.C57
mefloquine	BRD-K40645748	OC(c1cc(C(F)(F)F)nc2c(C(F)(F)F)cccc12)C1CCCCN1	c15cc4nc2c6cccc12.C13CCCCN1.C4(F)(F)F.C6(F)(F)F.OC35
L-165041	BRD-K40656405	CCCc1c(OCCCOc2ccc(OCC(=O)O)cc2)ccc(CC=O)c1O	c19c6ccc%10c1O.c17ccc8cc1.C3CC4.C5C(=O)O.CCC9.C%10C=O.O36.O47.O58
baeomycesic-acid	BRD-K40742111	COc1cc(C)c(C(=O)Oc2cc(C)c(O)c(C(=O)O)c2C)c(O)c1C=O	c14cc(C)c6c(O)c1C=O.c15cc(C)c(O)c7c1C.C36=O.C7(=O)O.CO4.O35
efavirenz	BRD-K40758068	O=C1Nc2ccc(Cl)cc2C(C#CC2CC2)(C(F)(F)F)O1	O=C1Nc2ccc(Cl)cc2C(C#CC2CC2)(C(F)(F)F)O1
QX-222	BRD-K40782193	Cc1cccc(C)c1NC(=O)C[N+](C)(C)C	Cc1cccc(C)c14.C2(=O)C3.[N+]3(C)(C)C.N24
ritanserin	BRD-K40887525	Cc1nc2sccn2c(=O)c1CCN1CCC(=C(c2ccc(F)cc2)c2ccc(F)cc2)CC1	C=4(c1ccc(F)cc1)c1ccc(F)cc1.Cc1nc2sccn2c(=O)c15.N13CCC=4CC1.C5C3
AR-C133057XX	BRD-K40892394	COc1ccnc(NC2CCN(C(=O)c3ccc(C#N)cc3)CC2)c1	c18ccc(C#N)cc1.c15ccnc6c1.C17CCN4CC1.C48=O.CO5.N67
cinanserin	BRD-K40901640	CN(C)CCCSc1ccccc1NC(=O)C=Cc1ccccc1	c17ccccc15.C=6c1ccccc1.C3CC4.C2(=O)C=6.CN3C.S47.N25
vincamine	BRD-K40902647	CCC12CCCN3CCc4c(n(c5ccccc45)C(O)(C(=O)OC)C1)C32	C127CCCN3CCc4c(n(c5ccccc45)C(O)(C6=O)C1)C32.CC7.O6C
BAPTA-AM	BRD-K40919711	CC(=O)OCOC(=O)CN(CC(=O)OCOC(C)=O)c1ccccc1OCCOc1ccccc1N(CC(=O)OCOC(C)=O)CC(=O)OCOC(C)=O	c1%10ccccc14.c15ccccc1%11.O2CO%12.C%12(=O)C6.C7C%13=O.O%13CO%14.C8C%15=O.O%15CO%16.C9C%17=O.O%17CO%18.CC2=O.N67%10.C%14(C)=O.C%19C3.N89%11.C%16(C)=O.C%18(C)=O.O%194.O35
cyanopindolol	BRD-K40965114	CC(C)(C)NCC(O)COc1cccc2[nH]c(C#N)cc12	c14cccc2[nH]c(C#N)cc12.C6C(O)C3.CC5(C)C.N56.O34
hexamethyleneamiloride	BRD-K40990712	N=C(N)NC(=O)c1nc(Cl)c(N2CCCCCC2)nc1N	c15nc(Cl)c4nc1N.N14CCCCCC1.N=C(N)N3.C35=O
parachlorophenol	BRD-K40992116	Oc1ccc(Cl)cc1	Oc1ccc(Cl)cc1
mecillinam	BRD-K41051431	CC1(C)SC2C(N=CN3CCCCCC3)C(=O)N2C1C(=O)O	CC1(C)SC2C(N=CN3CCCCCC3)C(=O)N2C14.C4(=O)O
N20C	BRD-K41143549	NC(=O)CNCCC(c1ccccc1)c1ccccc1	c14ccccc1.c15ccccc1.C3CC45.NC(=O)C2.N23
fenobam	BRD-K41160163	CN1CC(=O)N=C1NC(=O)Nc1cccc(Cl)c1	CN1CC(=O)N=C1N2.c14cccc(Cl)c1.C23=O.N34
deoxycholic-acid	BRD-K41170226	CC(CCC(=O)O)C1CCC2C3CCC4CC(O)CCC4(C)C3CC(O)C12C	C15CCC2C3CCC4CC(O)CCC4(C)C3CC(O)C12C.CC5CCC(=O)O
valproic-acid	BRD-K41260949	CCCC(CCC)C(=O)O	CCCC(CCC)C(=O)O
ZM-306416	BRD-K41337261	COc1cc2ncnc(Nc3ccc(Cl)cc3F)c2cc1OC	c14cc2ncnc6c2cc15.c17ccc(Cl)cc1F.CO4.N67.O5C
balsalazide	BRD-K41410256	O=C(O)CCNC(=O)c1ccc(N=Nc2ccc(O)c(C(=O)O)c2)cc1	c15ccc(N=Nc2ccc(O)c6c2)cc1.O=C(O)CC4.C35=O.C6(=O)O.N34
alfaxalone	BRD-K41445866	CC(=O)C1CCC2C3CCC4CC(O)CCC4(C)C3C(=O)CC12C	C15CCC2C3CCC4CC(O)CCC4(C)C3C(=O)CC12C.CC5=O
purvalanol-b	BRD-K41564320	CC(C)C(CO)Nc1nc(Nc2ccc(C(=O)O)c(Cl)c2)c2ncn(C(C)C)c2n1	c14nc5c2ncn8c2n1.c16ccc7c(Cl)c1.CC(C)C3CO.C7(=O)O.C8(C)C.N34.N56
SB-334867	BRD-K41567364	Cc1nc2ccc(NC(=O)Nc3ccnc4cccnc34)cc2o1	Cc1nc2ccc7cc2o1.c18ccnc2cccnc12.C56=O.N57.N68
ceramide	BRD-K41707108	CCCCCCCCCCCCCC=CC(O)C(CO)NC(C)=O	CCCCCCCCCCCCCC=3.C=3C(O)C2CO.C1(C)=O.N12
E-4031	BRD-K41713976	Cc1cccc(CCN2CCC(C(=O)c3ccc(NS(C)(=O)=O)cc3)CC2)n1	Cc1cccc9n1.N14CCC7CC1.c18ccc6cc1.S5(C)(=O)=O.C9C4.C78=O.N56
triclosan	BRD-K41731458	Oc1cc(Cl)ccc1Oc1ccc(Cl)cc1Cl	Oc1cc(Cl)ccc12.c13ccc(Cl)cc1Cl.O23
NVP-AUY922	BRD-K41859756	CCNC(=O)c1noc(-c2cc(C(C)C)c(O)cc2O)c1-c1ccc(CN2CCOCC2)cc1	c19cc7c(O)cc1O.c16noc9c1%10.c1%10ccc8cc1.N15CCOCC1.C36=O.C7(C)C.CC4.N34.C58
W-5	BRD-K41868777	NCCCCCCNS(=O)(=O)c1cccc2ccccc12	S4(=O)(=O)c1cccc2ccccc12.NCCCCCC3.N34
AS-605240	BRD-K41895714	O=C1NC(=O)C(=Cc2ccc3nccnc3c2)S1	C=4c1ccc2nccnc2c1.O=C1NC(=O)C=4S1
diphenoxylate	BRD-K41903098	CCOC(=O)C1(c2ccccc2)CCN(CCC(C#N)(c2ccccc2)c2ccccc2)CC1	C169CCN5CC1.C5CC78C#N.c19ccccc1.c17ccccc1.c18ccccc1.C36=O.CC4.O34
tyrphostin-1	BRD-K41996876	COc1ccc(C=C(C#N)C#N)cc1	c12ccc(C=3)cc1.C=3(C#N)C#N.CO2
daidzein	BRD-K42095107	O=c1c(-c2ccc(O)cc2)coc2cc(O)ccc12	O=c1c3coc2cc(O)ccc12.c13ccc(O)cc1
protriptyline	BRD-K42098891	CNCCCC1c2ccccc2C=Cc2ccccc21	C3CCC1c2ccccc2C=Cc2ccccc21.CN3
retrorsine	BRD-K42142750	CC=C1CC(C)C(O)(CO)C(=O)OCC2=CCN3CCC(OC1=O)C23	C1=4CC(C)C5(O)C(=O)OCC2=CCN3CCC(OC1=O)C23.CC=4.C5O
NNC-711	BRD-K42221274	O=C(O)C1=CCCN(CCON=C(c2ccccc2)c2ccccc2)C1	O3N=C(c1ccccc1)c1ccccc1.O=C(O)C1=CCCN4C1.C4C3
EO-1428	BRD-K42452249	Cc1ccccc1C(=O)c1ccc(Nc2ccc(Br)cc2N)cc1Cl	c16ccc3cc1Cl.c14ccc(Br)cc1N.Cc1ccccc15.C56=O.N34
CGP-57380	BRD-K42500029	Nc1ncnc2[nH]nc(Nc3ccc(F)cc3)c12	Nc1ncnc2[nH]nc4c12.c15ccc(F)cc1.N45
avrainvillamide-analog-2	BRD-K42573370	CC1(C)C2=[N+]([O-])c3cc(-c4ccccc4)ccc3C2=CC23NC(=O)C4(CCCN4C2=O)CC13	CC1(C)C2=[N+]([O-])c3cc5ccc3C2=CC23NC(=O)C4(CCCN4C2=O)CC13.c15ccccc1
Y-27152	BRD-K42679050	CC(=O)N(OCc1ccccc1)C1c2cc(C#N)ccc2OC(C)(C)C1O	CC(=O)N(O3)C1c2cc(C#N)ccc2OC(C)(C)C1O.c14ccccc1.C34
XE-991	BRD-K42748308	O=C1c2ccccc2C(Cc2ccncc2)(Cc2ccncc2)c2ccccc21	O=C1c2ccccc2C(C3)(C4)c2ccccc21.c13ccncc1.c14ccncc1
AMG-9810	BRD-K43068349	CC(C)(C)c1ccc(C=CC(=O)Nc2ccc3c(c2)OCCO3)cc1	c15ccc2c(c1)OCCO2.c17ccc(C=6)cc1.CC7(C)C.C=6C4=O.N45
myricetin	BRD-K43149758	O=c1c(O)c(-c2cc(O)c(O)c(O)c2)oc2cc(O)cc(O)c12	O=c1c(O)c3oc2cc(O)cc(O)c12.c13cc(O)c(O)c(O)c1
cholic-acid	BRD-K43164539	CC(CCC(=O)O)C1CCC2C3C(O)CC4CC(O)CCC4(C)C3CC(O)C12C	C15CCC2C3C(O)CC4CC(O)CCC4(C)C3CC(O)C12C.CC5CCC(=O)O
polydatin	BRD-K43236057	OCC1OC(Oc2cc(O)cc(C=Cc3ccc(O)cc3)c2)C(O)C(O)C1O	C17OC4C(O)C(O)C1O.c15cc(O)cc(C=6)c1.C=6c1ccc(O)cc1.OC7.O45
MDL-28170	BRD-K43245338	CC(C)C(NC(=O)OCc1ccccc1)C(=O)NC(C=O)Cc1ccccc1	CC(C)C6C4=O.c18ccccc1.c19ccccc1.C7(C=O)C9.C23=O.N36.O25.C58.N47
Ro-04-6790	BRD-K43290182	CNc1cc(NS(=O)(=O)c2ccc(N)cc2)nc(NC)n1	S3(=O)(=O)c1ccc(N)cc1.c14cc5nc6n1.CN4.N35.N6C
JTE-013	BRD-K43330982	Cc1nn(C)c2nc(NNC(=O)Nc3cc(Cl)nc(Cl)c3)cc(C(C)C)c12	Cc1nn(C)c2nc(NNC4=O)cc6c12.c15cc(Cl)nc(Cl)c1.C6(C)C.N45
daunorubicin	BRD-K43389675	COc1cccc2c1C(=O)c1c(O)c3c(c(O)c1C2=O)CC(O)(C(C)=O)CC3OC1CC(N)C(O)C(C)O1	c15cccc2c1C(=O)c1c(O)c3c(c(O)c1C2=O)CC6(O)CC3O4.C14CC(N)C(O)C(C)O1.C6(C)=O.CO5
tyrphostin-AG-527	BRD-K43405658	CC(NC(=O)C(C#N)=Cc1ccc(O)c(O)c1)c1ccccc1	C=4c1ccc(O)c(O)c1.C2(=O)C=4C#N.c15ccccc1.CC35.N23
byssochlamic-acid	BRD-K43468059	CCCC1CC2=C(CC(CC)CC3=C1C(=O)OC3=O)C(=O)OC2=O	C14CC2=C(CC5CC3=C1C(=O)OC3=O)C(=O)OC2=O.CCC4.C5C
cortisone	BRD-K43736954	CC12CCC(=O)C=C1CCC1C2C(=O)CC2(C)C1CCC2(O)C(=O)CO	CC12CCC(=O)C=C1CCC1C2C(=O)CC2(C)C1CCC23O.C3(=O)CO
dexketoprofen	BRD-K43764301	CC(C(=O)O)c1cccc(C(=O)c2ccccc2)c1	c15cccc3c1.c14ccccc1.CC5C(=O)O.C34=O
benzyl-quinazolin-4-yl-amine	BRD-K43796186	c1ccc(CNc2ncnc3ccccc23)cc1	c15ncnc2ccccc12.c1ccc6cc1.C46.N45
genistein	BRD-K43797669	O=c1c(-c2ccc(O)cc2)coc2cc(O)cc(O)c12	O=c1c3coc2cc(O)cc(O)c12.c13ccc(O)cc1
iobenguane	BRD-K43860855	N=C(N)NCc1cccc(I)c1	c13cccc(I)c1.N=C(N)N2.C23
pregnenolone	BRD-K43880410	CC(=O)C1CCC2C3CC=C4CC(O)CCC4(C)C3CCC12C	C15CCC2C3CC=C4CC(O)CCC4(C)C3CCC12C.CC5=O
dopamine	BRD-K43887077	NCCc1ccc(O)c(O)c1	c12ccc(O)c(O)c1.NCC2
PIT	BRD-K43978949	O=C1C(c2ccccn2)=[N+]([O-])c2ccccc21	O=C1C(c2ccccn2)=[N+]([O-])c2ccccc21
flufenamic-acid	BRD-K44067360	O=C(O)c1ccccc1Nc1cccc(C(F)(F)F)c1	c14ccccc12.c13cccc5c1.C5(F)(F)F.O=C4O.N23
Y-27632	BRD-K44084986	CC(N)C1CCC(C(=O)Nc2ccncc2)CC1	C16CCC5CC1.c14ccncc1.CC6N.C35=O.N34
tacrolimus	BRD-K44094599	C=CCC1C=C(C)CC(C)CC(OC)C2OC(O)(C(=O)C(=O)N3CCCCC3C(=O)OC(C(C)=CC3CCC(O)C(OC)C3)C(C)C(O)CC1=O)C(C)CC2OC	C18C=C(C)CC(C)CC4C2OC(O)(C(=O)C(=O)N3CCCCC3C(=O)OC(C=7C)C(C)C(O)CC1=O)C(C)CC26.C=7C1CCC(O)C5C1.C=CC8.O4C.O5C.O6C
nateglinide	BRD-K44353683	CC(C)C1CCC(C(=O)NC(Cc2ccccc2)C(=O)O)CC1	C16CCC5CC1.C4(C7)C(=O)O.c17ccccc1.CC6C.C35=O.N34
VU-0418946-1	BRD-K44432556	c1ccc(-c2ccc(CNc3nc(-c4ccccn4)nnc3-c3ccccc3)cc2)cc1	c16nc8nnc19.c1%10ccc7cc1.c1ccc%10cc1.c18ccccn1.c19ccccc1.C57.N56
pidotimod	BRD-K44442813	O=C1CCC(C(=O)N2CSCC2C(=O)O)N1	O=C1CCC4N1.N13CSCC15.C34=O.C5(=O)O
enalapril	BRD-K44497846	CCOC(=O)C(CCc1ccccc1)NC(C)C(=O)N1CCCC1C(=O)O	C2(=O)C5CC8.c18ccccc1.N13CCCC17.C6(C)C3=O.C7(=O)O.CC4.O24.N56
miglitol	BRD-K44779798	OCCN1CC(O)C(O)C(O)C1CO	N12CC(O)C(O)C(O)C13.OCC2.C3O
capsazepine	BRD-K44849676	Oc1cc2c(cc1O)CN(C(=S)NCCc1ccc(Cl)cc1)CCC2	Oc1cc2c(cc1O)CN(C(=S)N3)CCC2.c14ccc(Cl)cc1.C3C4
zolpidem	BRD-K44876623	Cc1ccc(-c2nc3ccc(C)cn3c2CC(=O)N(C)C)cc1	c16nc2ccc(C)cn2c15.Cc1ccc6cc1.C5C4=O.N4(C)C
Ro-16-6941	BRD-K44899736	NCCNC(=O)c1ccc(Cl)cc1	c14ccc(Cl)cc1.NCC3.C24=O.N23
famciclovir	BRD-K45033733	CC(=O)OCC(CCn1cnc2cnc(N)nc21)COC(C)=O	n17cnc2cnc(N)nc21.C5C(C6)CC7.CC3=O.C4(C)=O.O35.O46
W-13	BRD-K45068323	NCCCCNS(=O)(=O)c1ccc2c(Cl)cccc2c1	S4(=O)(=O)c1ccc2c(Cl)cccc2c1.NCCCC3.N34
Y-26763	BRD-K45117373	CC(=O)N(O)C1c2cc(C#N)ccc2OC(C)(C)C1O	CC(=O)N(O)C1c2cc(C#N)ccc2OC(C)(C)C1O
valsartan	BRD-K45158365	CCCCC(=O)N(Cc1ccc(-c2ccccc2-c2nn[nH]n2)cc1)C(C(=O)O)C(C)C	c16ccc8cc1.c18ccccc17.C5(C(=O)O)C(C)C.CCCCC3=O.c17nn[nH]n1.N345.C46
clofibrate	BRD-K45252063	CCOC(=O)C(C)(C)Oc1ccc(Cl)cc1	c15ccc(Cl)cc1.C2(=O)C4(C)C.CC3.O23.O45
ZD-7114	BRD-K45296539	COCCNC(=O)COc1ccc(OCCNCC(O)COc2ccccc2)cc1	c1%10ccc%11cc1.c1%12ccccc1.C5C(O)C9.C3(=O)C7.C6C%13.C8C4.CO6.N3%13.O7%10.O8%11.N45.O9%12
diethylstilbestrol	BRD-K45330754	CCC(=C(CC)c1ccc(O)cc1)c1ccc(O)cc1	CCC=2c1ccc(O)cc1.C=2(CC)c1ccc(O)cc1
betulinic-acid	BRD-K45401373	C=C(C)C1CCC2(C(=O)O)CCC3(C)C(CCC4C5(C)CCC(O)C(C)(C)C5CCC43C)C12	C=C(C)C1CCC26CCC3(C)C(CCC4C5(C)CCC(O)C(C)(C)C5CCC43C)C12.C6(=O)O
SCH-23390	BRD-K45435259	CN1CCc2cc(Cl)c(O)cc2C(c2ccccc2)C1	CN1CCc2cc(Cl)c(O)cc2C(c2ccccc2)C1
JZL-184	BRD-K45446451	O=C(Oc1ccc([N+](=O)[O-])cc1)N1CCC(C(O)(c2ccc3c(c2)OCO3)c2ccc3c(c2)OCO3)CC1	c16ccc([N+](=O)[O-])cc1.c18ccc2c(c1)OCO2.c19ccc2c(c1)OCO2.N15CCC7CC1.C789O.O=C45.O46
BP-554	BRD-K45479396	c1ccc(N2CCN(CCCOc3ccc4c(c3)OCO4)CC2)cc1	c16ccc2c(c1)OCO2.N18CCN7CC1.c1ccc8cc1.C7CC5.O56
diethylcarbamazine	BRD-K45542189	CCN(CC)C(=O)N1CCN(C)CC1	N13CCN(C)CC1.N245.C23=O.CC4.C5C
azaperone	BRD-K45861246	O=C(CCCN1CCN(c2ccccn2)CC1)c1ccc(F)cc1	N13CCN4CC1.c15ccc(F)cc1.O=C5CCC3.c14ccccn1
tetramethylsilane	BRD-K45988865	COc1cc(C=Cc2ccc(OC)cc2OC)cc(OC)c1	c13cc6cc(C=7)c1.C=7c1ccc4cc15.CO3.O4C.O5C.O6C
bezafibrate	BRD-K46018455	CC(C)(Oc1ccc(CCNC(=O)c2ccc(Cl)cc2)cc1)C(=O)O	c15ccc8cc1.c17ccc(Cl)cc1.CC4(C)C(=O)O.C8C6.C37=O.O45.N36
AZD-7762	BRD-K46056750	NC(=O)Nc1cc(-c2cccc(F)c2)sc1C(=O)NC1CCCNC1	c15cc8sc17.c18cccc(F)c1.C16CCCNC1.NC3=O.C47=O.N35.N46
eugenitol	BRD-K46068882	Cc1cc(=O)c2c(O)c(C)c(O)cc2o1	Cc1cc(=O)c2c(O)c(C)c(O)cc2o1
prednicarbate	BRD-K46137903	CCOC(=O)OC1(C(=O)COC(=O)CC)CCC2C3CCC4=CC(=O)C=CC4(C)C3C(O)CC21C	C19%11CCC2C3CCC4=CC(=O)C=CC4(C)C3C(O)CC21C.C%11(=O)C%10.C7(=O)CC.C56=O.CC8.O58.O69.O7%10
RS-67333	BRD-K46142322	CCCCN1CCC(CCC(=O)c2cc(Cl)c(N)cc2OC)CC1	c15cc(Cl)c(N)cc13.N14CCC6CC1.C6CC5=O.CCCC4.O3C
tolazoline	BRD-K46211610	c1ccc(CC2=NCCN2)cc1	c1ccc3cc1.C3C1=NCCN1
voriconazole	BRD-K46212057	CC(c1ncncc1F)C(O)(Cn1cncn1)c1ccc(F)cc1F	c14ccc(F)cc1F.CC3C4(O)C2.c13ncncc1F.n12cncn1
proadifen	BRD-K46317332	CCCC(C(=O)OCCN(CC)CC)(c1ccccc1)c1ccccc1	CCCC78C2=O.c17ccccc1.c18ccccc1.C3C4.N456.O23.C5C.C6C
O-3M3FBS	BRD-K46384212	Cc1cc(C)c(S(=O)(=O)Nc2ccccc2C(F)(F)F)c(C)c1	Cc1cc(C)c(S3(=O)=O)c(C)c1.c14ccccc15.C5(F)(F)F.N34
hymecromone	BRD-K46424862	Cc1cc(=O)oc2cc(O)ccc12	Cc1cc(=O)oc2cc(O)ccc12
valaciclovir	BRD-K46435977	CC(C)C(N)C(=O)OCCOCn1cnc2c(=O)[nH]c(N)nc21	n16cnc2c(=O)[nH]c(N)nc21.CC(C)C(N)C3=O.C4C5.O5C6.O34
GR-55562	BRD-K46441700	CN(C)CCCc1cc(C(=O)Nc2ccc(-c3ccncc3)cc2)ccc1O	c18cc7ccc1O.c16ccc9cc1.c19ccncc1.C5CC8.CN5C.C47=O.N46
SCH-442416	BRD-K46469693	COc1ccc(CCCn2ncc3c2nc(N)n2nc(-c4ccco4)nc32)cc1	n16ncc2c1nc(N)n1nc8nc21.c15ccc7cc1.c18ccco1.C7CC6.CO5
potassium-canrenoate	BRD-K46556543	CC12CCC(=O)C=C1C=CC1C2CCC2(C)C1CCC2(O)CCC(=O)O	CC12CCC(=O)C=C1C=CC1C2CCC2(C)C1CCC23O.C3CC(=O)O
RHO-kinase-inhibitor-II	BRD-K46678324	O=C(Nc1ccncc1)Nc1c(Cl)cc(Cl)cc1Cl	c15c(Cl)cc(Cl)cc1Cl.c14ccncc1.O=C23.N24.N35
alosetron	BRD-K46742498	Cc1[nH]cnc1CN1CCc2c(c3ccccc3n2C)C1=O	N14CCc2c(c3ccccc3n2C)C1=O.Cc1[nH]cnc15.C45
S-14506	BRD-K46766488	COc1ccc2cccc(N3CCN(CCNC(=O)c4ccc(F)cc4)CC3)c2c1	c16ccc2cccc9c2c1.N19CCN7CC1.c1%10ccc(F)cc1.C7C8.C5%10=O.CO6.N58
metyrapone	BRD-K46862739	CC(C)(C(=O)c1cccnc1)c1cccnc1	CC3(C)C2=O.c12cccnc1.c13cccnc1
phenazone	BRD-K46937689	Cc1cc(=O)n(-c2ccccc2)n1C	Cc1cc(=O)n3n1C.c13ccccc1
KI-8751	BRD-K47150025	COc1cc2nccc(Oc3ccc(NC(=O)Nc4ccc(F)cc4F)c(F)c3)c2cc1OC	c17cc2nccc8c2cc1%10.c19ccc%11c(F)c1.c1%12ccc(F)cc1F.C56=O.CO7.O89.N5%11.N6%12.O%10C
icosapent	BRD-K47192521	CCC=CCC=CCC=CCC=CCC=CCCCC(=O)O	C=5CCCC(=O)O.C=1CC=2.C=2CC=3.C=3CC=4.C=4CC=5.CCC=1
zimelidine	BRD-K47207162	CN(C)CC=C(c1ccc(Br)cc1)c1cccnc1	C=3(c1ccc(Br)cc1)c1cccnc1.CN2C.C2C=3
diphenhydramine	BRD-K47278471	CN(C)CCOC(c1ccccc1)c1ccccc1	c15ccccc1.c16ccccc1.CN4C.C4C2.C356.O23
methapyrilene	BRD-K47323024	CN(C)CCN(Cc1cccs1)c1ccccn1	c15ccccn1.c16cccs1.CN2C.C2C3.N345.C46
lysylphenylalanyl-tyrosine	BRD-K47328134	NCCCCC(N)C(=O)NC(Cc1ccccc1)C(=O)NC(Cc1ccc(O)cc1)C(=O)O	NCCCCC(N)C2=O.c17ccc(O)cc1.C4(C6)C3=O.c16ccccc1.C5(C7)C(=O)O.N24.N35
tetradecylthioacetic-acid	BRD-K47539947	CCCCCCCCCCCCCCSCC(=O)O	CCCCCCCCCCCCCC1.C2C(=O)O.S12
PP-1	BRD-K47598052	Cc1ccc(-c2nn(C(C)(C)C)c3ncnc(N)c23)cc1	c15nn4c2ncnc(N)c12.Cc1ccc5cc1.C4(C)(C)C
bromhexine	BRD-K47631482	CN(Cc1cc(Br)cc(Br)c1N)C1CCCCC1	c14cc(Br)cc(Br)c1N.C13CCCCC1.CN23.C24
flavoxate	BRD-K47639036	Cc1c(-c2ccccc2)oc2c(C(=O)OCCN3CCCCC3)cccc2c1=O	Cc1c8oc2c7cccc2c1=O.c18ccccc1.N16CCCCC1.C47=O.C5C6.O45
EMD-386088	BRD-K47659338	Cc1[nH]c2ccc(Cl)cc2c1C1=CCNCC1	Cc1[nH]c2ccc(Cl)cc2c1C1=CCNCC1
bromfenac	BRD-K47679368	Nc1c(CC(=O)O)cccc1C(=O)c1ccc(Br)cc1	Nc1c2cccc14.c13ccc(Br)cc1.C4C(=O)O.C23=O
evoxine	BRD-K47693913	COc1c2ccoc2nc2c(OC)c(OCC(O)C(C)(C)O)ccc12	c14c2ccoc2nc2c5c6ccc12.C3C(O)C(C)(C)O.CO4.O5C.O36
NBQX	BRD-K47717570	NS(=O)(=O)c1cccc2c1c([N+](=O)[O-])cc1nc(O)c(O)nc12	NS(=O)(=O)c1cccc2c1c([N+](=O)[O-])cc1nc(O)c(O)nc12
PD-168077	BRD-K47761761	Cc1cccc(C(=O)NCN2CCN(c3ccccc3C#N)CC2)c1	N4CN1CCN5CC1.c15ccccc1C#N.Cc1cccc6c1.C46=O
penciclovir	BRD-K47780086	Nc1nc(O)c2ncn(CCC(CO)CO)c2n1	Nc1nc(O)c2ncn3c2n1.C3CC(CO)CO
podophyllotoxin	BRD-K47869605	COc1cc(C2c3cc4c(cc3C(O)C3COC(=O)C23)OCO4)cc(OC)c1OC	c15cc(C2c3cc4c(cc3C(O)C3COC(=O)C23)OCO4)cc6c17.CO5.O6C.O7C
piribedil	BRD-K47936004	c1cnc(N2CCN(Cc3ccc4c(c3)OCO4)CC2)nc1	c17ccc2c(c1)OCO2.N16CCN5CC1.c1cnc6nc1.C57
tyrphostin-51	BRD-K47943470	N#CC(=Cc1cc(O)c(O)c(O)c1)C(N)=C(C#N)C#N	C=2c1cc(O)c(O)c(O)c1.N#CC=2C=3N.C=3(C#N)C#N
BX-795	BRD-K47983010	O=C(NCCCNc1nc(Nc2cccc(NC(=O)N3CCCC3)c2)ncc1I)c1cccs1	c1%10nc%11ncc1I.c1%12cccc%13c1.N17CCCC1.c15cccs1.C8CC9.O=C45.C67=O.N48.N9%10.N%11%12.N6%13
OBAA	BRD-K48029790	CCCCCCCCCCCCCCCCCCc1ccc(C(=O)C=CC(=O)O)cc1	CCCCCCCCCCCCCCCCCC4.c14ccc2cc1.C2(=O)C=3.C=3C(=O)O
2-(4-methoxybenzylthio)-6-methylpyrimidin-4-ol	BRD-K48115423	COc1ccc(CSc2nc(C)cc(O)n2)cc1	c16nc(C)cc(O)n1.c13ccc5cc1.CO3.C45.S46
propylthiouracil	BRD-K48168960	CCCc1cc(=O)[nH]c(=S)[nH]1	c12cc(=O)[nH]c(=S)[nH]1.CCC2
zonisamide	BRD-K48300629	NS(=O)(=O)Cc1noc2ccccc12	c13noc2ccccc12.NS(=O)(=O)C3
febuxostat	BRD-K48367671	Cc1nc(-c2ccc(OCC(C)C)c(C#N)c2)sc1C(=O)O	c16ccc4c(C#N)c1.Cc1nc6sc15.C3C(C)C.C5(=O)O.O34
U-0124	BRD-K48427617	[C-]#[N+]C(=C(N)SC)C(C#N)=C(N)SC	[C-]#[N+]C(=C(N)SC)C(C#N)=C(N)SC
NU-1025	BRD-K48692744	Cc1nc2c(O)cccc2c(=O)[nH]1	Cc1nc2c(O)cccc2c(=O)[nH]1
dilazep	BRD-K48722258	COc1cc(C(=O)OCCCN2CCCN(CCCOC(=O)c3cc(OC)c(OC)c(OC)c3)CC2)cc(OC)c1OC	c1%13cc8cc%17c15.c19cc%14c%15c%16c1.N16CCCN7CC1.C%11CC6.C7CC%12.C48=O.C%109=O.CO%13.O4%11.O%10%12.O%14C.O%15C.O%16C.O%17C.O5C
iloperidone	BRD-K48722833	COc1cc(C(C)=O)ccc1OCCCN1CCC(c2noc3cc(F)ccc23)CC1	c19noc2cc(F)ccc12.c15cc8ccc16.N17CCC9CC1.C4CC7.C8(C)=O.CO5.O46
PD-158780	BRD-K48735772	CNc1cc2c(Nc3cccc(Br)c3)ncnc2cn1	c14cc2c5ncnc2cn1.c16cccc(Br)c1.CN4.N56
icilin	BRD-K48869804	O=C1NC(c2cccc([N+](=O)[O-])c2)=CCN1c1ccccc1O	O=C1NC(c2cccc([N+](=O)[O-])c2)=CCN13.c13ccccc1O
BMS-641988	BRD-K48923948	CCS(=O)(=O)NC1CC2(C)OC1(C)C1C(=O)N(c3ccc(C#N)c(C(F)(F)F)c3)C(=O)C12	C15CC2(C)OC1(C)C1C(=O)N7C(=O)C12.c17ccc(C#N)c6c1.CCS4(=O)=O.C6(F)(F)F.N45
cetraxate	BRD-K48932581	NCC1CCC(C(=O)Oc2ccc(CCC(=O)O)cc2)CC1	C16CCC5CC1.c14ccc7cc1.C7CC(=O)O.C35=O.NC6.O34
epothilone	BRD-K48935217	CC(=Cc1csc(C)n1)C1CC2OC2(C)CCCC(C)C(O)C(C)C(=O)C(C)(C)C(O)CC(=O)O1	CC=3C1CC2OC2(C)CCCC(C)C(O)C(C)C(=O)C(C)(C)C(O)CC(=O)O1.C=3c1csc(C)n1
PSB-1115	BRD-K49027941	CCCn1c(=O)[nH]c2nc(-c3ccc(S(=O)(=O)O)cc3)[nH]c2c1=O	n14c(=O)[nH]c2nc5[nH]c2c1=O.c15ccc(S(=O)(=O)O)cc1.CCC4
CGS-15943	BRD-K49049886	Nc1nc2ccc(Cl)cc2c2nc(-c3ccco3)nn12	Nc1nc2ccc(Cl)cc2c2nc4nn12.c14ccco1
prazosin	BRD-K49111258	COc1cc2nc(N3CCN(C(=O)c4ccco4)CC3)nc(N)c2cc1OC	c16cc2nc8nc(N)c2cc17.N18CCN5CC1.c19ccco1.C59=O.CO6.O7C
BIBU-1361	BRD-K49294207	CCN(CC)CC1CCN(c2ncc3ncnc(Nc4ccc(F)c(Cl)c4)c3n2)CC1	c18ncc2ncnc9c2n1.c1%10ccc(F)c(Cl)c1.C1%11CCN8CC1.N567.CC5.C6C.C7%11.N9%10
dasatinib	BRD-K49328571	Cc1nc(Nc2ncc(C(=O)Nc3c(C)cccc3Cl)s2)cc(N2CCN(CCO)CC2)n1	Cc1nc6cc8n1.c19c(C)cccc1Cl.N18CCN5CC1.c17ncc%10s1.C4%10=O.C5CO.N67.N49
mofezolac	BRD-K49372556	COc1ccc(-c2noc(CC(=O)O)c2-c2ccc(OC)cc2)cc1	c13ccc6cc1.c16noc5c17.c17ccc4cc1.C5C(=O)O.CO3.O4C
levetiracetam	BRD-K49404994	CCC(C(N)=O)N1CCCC1=O	CCC2C(N)=O.N12CCCC1=O
bisindolylmaleimide	BRD-K49448285	O=C1NC(=O)C(c2c[nH]c3ccccc23)=C1c1c[nH]c2ccccc12	O=C1NC(=O)C(c2c[nH]c3ccccc23)=C1c1c[nH]c2ccccc12
prima-1-met	BRD-K49456190	COCC1(CO)C(=O)C2CCN1CC2	C145C(=O)C2CCN1CC2.CO3.C34.C5O
galantamine	BRD-K49481516	COc1ccc2c3c1OC1CC(O)C=CC31CCN(C)C2	c14ccc2c3c1OC1CC(O)C=CC31CCN(C)C2.CO4
immethridine	BRD-K49519092	c1cc(Cc2cnc[nH]2)ccn1	c1cc4ccn1.c13cnc[nH]1.C34
LY-2140023	BRD-K49519144	NC1(C(=O)O)CS(=O)(=O)C2C(C(=O)O)C21	NC13CS(=O)(=O)C2C4C21.C3(=O)O.C4(=O)O
tyrphostin-AG-18	BRD-K49657628	N#CC(C#N)=Cc1ccc(O)c(O)c1	C=2c1ccc(O)c(O)c1.N#CC=2C#N
clarithromycin	BRD-K49668410	CCC1OC(=O)C(C)C(OC2CC(C)(OC)C(O)C(C)O2)C(C)C(OC2OC(C)CC(N(C)C)C2O)C(C)(OC)CC(C)C(=O)C(C)C(O)C1(C)O	C1%10OC(=O)C(C)C7C(C)C8C4(C)CC(C)C(=O)C(C)C(O)C1(C)O.C15CC3(C)C(O)C(C)O1.C16OC(C)CC9C1O.N9(C)C.CC%10.O57.O3C.O68.O4C
BX-912	BRD-K49669041	O=C(Nc1cccc(Nc2ncc(Br)c(NCCc3c[nH]cn3)n2)c1)N1CCCC1	c17ncc(Br)c8n1.c19cccc%10c1.c1%11c[nH]cn1.N15CCCC1.O=C45.C6C%11.N49.N7%10.N68
ketanserin	BRD-K49671696	O=C(c1ccc(F)cc1)C1CCN(CCn2c(=O)[nH]c3ccccc3c2=O)CC1	n17c(=O)[nH]c2ccccc2c1=O.c16ccc(F)cc1.C15CCN4CC1.O=C56.C4C7
sorafenib	BRD-K49810818	CNC(=O)c1cccc(Oc2ccc(NC(=O)Nc3ccc(Cl)c(C(F)(F)F)c3)cc2)c1	c1%10ccc(Cl)c%12c1.c1%11cccc7c1.c18ccc9cc1.C%12(F)(F)F.C4%11=O.C56=O.CN4.O78.N59.N6%10
PD-0325901	BRD-K49865102	O=C(NOCC(O)CO)c1ccc(F)c(F)c1Nc1ccc(I)cc1F	c15ccc(F)c(F)c13.c14ccc(I)cc1F.O=C5NO2.C2C(O)CO.N34
gavestinel	BRD-K49890030	O=C(C=Cc1c(C(=O)O)[nH]c2cc(Cl)cc(Cl)c12)Nc1ccccc1	C=6c1c5[nH]c2cc(Cl)cc(Cl)c12.c14ccccc1.O=C3C=6.C5(=O)O.N34
GR-113808	BRD-K49945136	Cn1cc(C(=O)OCC2CCN(CCNS(C)(=O)=O)CC2)c2ccccc21	Cn1cc8c2ccccc21.C19CCN5CC1.S7(C)(=O)=O.C38=O.C5C6.O34.C49.N67
RS-67506	BRD-K50018155	COc1cc(N)c(Cl)cc1C(=O)CCC1CCN(CCNS(C)(=O)=O)CC1	c12cc(N)c(Cl)cc16.C17CCN3CC1.C6(=O)CC7.S5(C)(=O)=O.C3C4.CO2.N45
sildenafil	BRD-K50128260	CCCc1nn(C)c2c(=O)nc(-c3cc(S(=O)(=O)N4CCN(C)CC4)ccc3OCC)[nH]c12	c18nn(C)c2c(=O)nc9[nH]c12.c19cc(S7(=O)=O)ccc16.N17CCN(C)CC1.CCC8.O56.C5C
GBR-12935	BRD-K50135270	c1ccc(CCCN2CCN(CCOC(c3ccccc3)c3ccccc3)CC2)cc1	N16CCN7CC1.c1ccc8cc1.c19ccccc1.c1%10ccccc1.C8CC6.C7C4.C59%10.O45
NVP-TAE684	BRD-K50140147	COc1cc(N2CCC(N3CCN(C)CC3)CC2)ccc1Nc1ncc(Cl)c(Nc2ccccc2S(=O)(=O)C(C)C)n1	c19ccccc1S(=O)(=O)C(C)C.c14cc7ccc18.c15ncc(Cl)c6n1.N17CCC%10CC1.N1%10CCN(C)CC1.CO4.N58.N69
canertinib	BRD-K50168500	C=CC(=O)Nc1cc2c(Nc3ccc(F)c(Cl)c3)ncnc2cc1OCCCN1CCOCC1	c19cc2c8ncnc2cc16.c1%10ccc(F)c(Cl)c1.N17CCOCC1.C=CC4=O.C5CC7.N49.N8%10.O56
CS-1657	BRD-K50214219	Nc1ccc2c3c(cccc13)C(=O)NC2=O	Nc1ccc2c3c(cccc13)C(=O)NC2=O
tosyl-phenylalanyl-chloromethyl-ketone	BRD-K50311478	Cc1ccc(S(=O)(=O)NC(Cc2ccccc2)C(=O)CCl)cc1	Cc1ccc(S4(=O)=O)cc1.C3(C5)C(=O)CCl.c15ccccc1.N34
avrainvillamide-analog-6	BRD-K50324045	CC1(C)C=Cc2cc3c(cc2O1)[N+]([O-])=C1C3=CC2(CC1(C)C)NC(=O)C1CCCN1C2=O	CC1(C)C=Cc2cc3c(cc2O1)[N+]([O-])=C1C3=CC2(CC1(C)C)NC(=O)C1CCCN1C2=O
UCL-2077	BRD-K50325075	c1ccc(C(NCc2cccnc2)(c2ccccc2)c2ccccc2)cc1	c1ccc5cc1.c18cccnc1.c16ccccc1.c17ccccc1.C3567.N34.C48
7,4'-dihydroxyflavone	BRD-K50384076	O=c1cc(-c2ccc(O)cc2)oc2cc(O)ccc12	O=c1cc3oc2cc(O)ccc12.c13ccc(O)cc1
XMD-892	BRD-K50387473	CCOc1cc(N2CCC(O)CC2)ccc1Nc1ncc2c(n1)N(C)c1ccccc1C(=O)N2C	c15ncc2c(n1)N(C)c1ccccc1C(=O)N2C.c14cc6ccc17.N16CCC(O)CC1.CC3.O34.N57
fenofibrate	BRD-K50388907	CC(C)OC(=O)C(C)(C)Oc1ccc(C(=O)c2ccc(Cl)cc2)cc1	c16ccc7cc1.c18ccc(Cl)cc1.C3(=O)C5(C)C.CC4C.C78=O.O34.O56
meclofenamic-acid	BRD-K50398167	Cc1ccc(Cl)c(Nc2ccccc2C(=O)O)c1Cl	Cc1ccc(Cl)c3c1Cl.c14ccccc15.C5(=O)O.N34
eticlopride	BRD-K50417881	CCc1cc(Cl)c(OC)c(C(=O)NCC2CCCN2CC)c1O	c19cc(Cl)c4c7c1O.C18CCCN16.C37=O.CC9.O4C.N35.C58.C6C
clomethiazole	BRD-K50422030	Cc1ncsc1CCCl	Cc1ncsc12.C2CCl
berbamine	BRD-K50464341	COc1cc2c3cc1Oc1c(OC)c(OC)cc4c1C(Cc1ccc(OC(=O)c5ccc([N+](=O)[O-])cc5)c(c1)Oc1ccc(cc1)CC3N(C)CC2)N(C)CC4	c17cc2c3cc1Oc1c8c9cc4c1C(Cc1ccc%10c(c1)Oc1ccc(cc1)CC3N(C)CC2)N(C)CC4.c1%11ccc([N+](=O)[O-])cc1.C6%11=O.CO7.O8C.O9C.O6%10
SRC-kinase-inhibitor-I	BRD-K50495309	COc1cc2ncnc(Nc3ccc(Oc4ccccc4)cc3)c2cc1OC	c15cc2ncnc9c2cc18.c1%10ccc6cc1.c17ccccc1.CO5.N9%10.O67.O8C
epicatechin-gallate-(-)	BRD-K50660797	O=C(OC1Cc2c(O)cc(O)cc2OC1c1ccc(O)c(O)c1)c1cc(O)c(O)c(O)c1	C14Cc2c(O)cc(O)cc2OC16.c15cc(O)c(O)c(O)c1.c16ccc(O)c(O)c1.O=C35.O34
flupirtine	BRD-K50720187	CCOC(=O)Nc1ccc(NCc2ccc(F)cc2)nc1N	c18ccc7nc1N.c19ccc(F)cc1.C34=O.CC5.O35.N48.N67.C69
purvalanol-a	BRD-K50836978	CC(C)C(CO)Nc1nc(Nc2cccc(Cl)c2)c2ncn(C(C)C)c2n1	c14nc5c2ncn7c2n1.c16cccc(Cl)c1.CC(C)C3CO.C7(C)C.N34.N56
sulfafurazole	BRD-K50859149	Cc1noc(NS(=O)(=O)c2ccc(N)cc2)c1C	S3(=O)(=O)c1ccc(N)cc1.Cc1noc4c1C.N34
tropisetron	BRD-K50866992	CN1C2CCC1CC(OC(=O)c1c[nH]c3ccccc13)C2	CN1C2CCC1CC5C2.c16c[nH]c2ccccc12.C46=O.O45
GR-103691	BRD-K50891186	COc1ccccc1N1CCN(CCCCNC(=O)c2ccc(-c3ccc(C(C)=O)cc3)cc2)CC1	c15ccccc18.N18CCN6CC1.c19ccc%11cc1.c1%11ccc%10cc1.C6CCC7.C49=O.C%10(C)=O.CO5.N47
sumatriptan	BRD-K50938287	CNS(=O)(=O)Cc1ccc2[nH]cc(CCN(C)C)c2c1	c15ccc2[nH]cc6c2c1.S4(=O)(=O)C5.C6C3.N3(C)C.CN4
ropivacaine	BRD-K50938786	CCCN1CCCCC1C(=O)Nc1c(C)cccc1C	c14c(C)cccc1C.N13CCCCC15.CCC3.C25=O.N24
VAMA-37	BRD-K51018020	O=C(c1ccccc1)c1ccc(N2CCOCC2)cc1O	c15ccc3cc1O.c14ccccc1.N13CCOCC1.O=C45
aminoindazole	BRD-K51066026	Nc1ccc2c[nH]nc2c1	Nc1ccc2c[nH]nc2c1
AG-99	BRD-K51223576	N#CC(=Cc1ccc(O)c(O)c1)C(N)=O	C=2c1ccc(O)c(O)c1.N#CC=2C(N)=O
SA-792709	BRD-K51290057	CC(C)(C)c1cc(C(=O)C=Cc2ccc(C(=O)O)cc2)cc(C(C)(C)C)c1	c16cc3cc7c1.C=5c1ccc4cc1.CC6(C)C.C3(=O)C=5.C7(C)(C)C.C4(=O)O
KU-C103871	BRD-K51302260	O=c1c2cc(F)ccc2sn1-c1ccccc1Cl	O=c1c2cc(F)ccc2sn13.c13ccccc1Cl
palbociclib	BRD-K51313569	CC(=O)c1c(C)c2cnc(Nc3ccc(N4CCNCC4)cn3)nc2n(C2CCCC2)c1=O	c18c(C)c2cnc5nc2n9c1=O.c16ccc7cn1.N17CCNCC1.C19CCCC1.CC8=O.N56
fenbendazole	BRD-K51318897	COC(=O)Nc1nc2ccc(Sc3ccccc3)cc2[nH]1	c16nc2ccc7cc2[nH]1.c18ccccc1.C45=O.CO4.N56.S78
ST-638	BRD-K51476772	CCOc1cc(C=C(C#N)C(N)=O)cc(CSc2ccccc2)c1O	c14cc(C=6)cc7c1O.C=6(C#N)C(N)=O.c18ccccc1.CC3.O34.C57.S58
ritonavir	BRD-K51485625	CC(C)c1nc(CN(C)C(=O)NC(C(=O)NC(Cc2ccccc2)CC(O)C(Cc2ccccc2)NC(=O)OCc2cncs2)C(C)C)cs1	C%17(C8)CC(O)C4C9.C%16(C%12=O)C(C)C.c15nc6cs1.c18ccccc1.c19ccccc1.c17cncs1.CC5C.N%10%15C.C%10%11=O.C3%13=O.C%156.N%11%16.N%12%17.N%134.O3%14.C%147
Ro-25-6981	BRD-K51541829	CC(CN1CCC(Cc2ccccc2)CC1)C(O)c1ccc(O)cc1	N13CCC4CC1.c16ccc(O)cc1.CC(C3)C6O.c15ccccc1.C45
TPCA-1	BRD-K51575138	NC(=O)Nc1sc(-c2ccc(F)cc2)cc1C(N)=O	c14sc6cc15.c16ccc(F)cc1.NC3=O.C5(N)=O.N34
ilomastat	BRD-K51662849	CNC(=O)C(Cc1c[nH]c2ccccc12)NC(=O)C(CC(=O)NO)CC(C)C	C4(=O)C(CC(=O)NO)CC(C)C.c16c[nH]c2ccccc12.C3(=O)C5C6.CN3.N45
levosulpiride	BRD-K51671335	CCN1CCCC1CNC(=O)c1cc(S(N)(=O)=O)ccc1OC	c16cc(S(N)(=O)=O)ccc13.N14CCCC17.C26=O.CC4.C57.N25.O3C
erythromycin-ethylsuccinate	BRD-K51677086	CCOC(=O)CCC(=O)OC1C(OC2C(C)C(OC3CC(C)(OC)C(O)C(C)O3)C(C)C(=O)OC(CC)C(C)(O)C(O)C(C)C(=O)C(C)CC2(C)O)OC(C)CC1N(C)C	C1%13C(C)C%14C(C)C(=O)OC6C(C)(O)C(O)C(C)C(=O)C(C)CC1(C)O.C1%11CC9(C)C(O)C(C)O1.C1%12C5CC(C)OC1%10.C4(=O)CCC7=O.N5(C)C.CC8.O48.O7%12.O%10%13.O%11%14.O9C.C6C
diphencyprone	BRD-K51730347	O=c1c(-c2ccccc2)c1-c1ccccc1	c13ccccc1.c14ccccc1.O=c1c3c14
alfadolone-acetate	BRD-K51751936	CC(=O)OCC(=O)C1CCC2C3CCC4CC(O)CCC4(C)C3C(=O)CC12C	C17CCC2C3CCC4CC(O)CCC4(C)C3C(=O)CC12C.C6C7=O.CC5=O.O56
temefos	BRD-K51805276	COP(=S)(OC)Oc1ccc(Sc2ccc(OP(=S)(OC)OC)cc2)cc1	COP(=S)(O3)OC.c13ccc5cc1.c16ccc4cc1.O4P(=S)(OC)OC.S56
oxindole-I	BRD-K51816706	O=C1Nc2ccccc2C1=Cc1ccc[nH]1	O=C1Nc2ccccc2C1=3.C=3c1ccc[nH]1
iodophenpropit	BRD-K51918615	N=C(NCCc1ccc(I)cc1)SCCCc1c[nH]cn1	c15ccc(I)cc1.N=C(N2)S3.c14c[nH]cn1.C3CC4.C2C5
LM-1685	BRD-K51941867	COC(=O)c1cc2cc(S(C)(=O)=O)ccc2n1Cc1ccc(Cl)cc1	c14cc2cc(S(C)(=O)=O)ccc2n15.c16ccc(Cl)cc1.C34=O.CO3.C56
BIIB-021	BRD-K51967704	COc1c(C)cnc(Cn2cnc3c(Cl)nc(N)nc32)c1C	n15cnc2c(Cl)nc(N)nc21.c14c(C)cnc6c1C.CO4.C56
metronidazole	BRD-K52020312	Cc1ncc([N+](=O)[O-])n1CCO	Cc1ncc([N+](=O)[O-])n12.C2CO
oxibendazole	BRD-K52075715	CCCOc1ccc2nc(NC(=O)OC)[nH]c2c1	c16ccc2nc7[nH]c2c1.CCC5.C34=O.O56.N47.O3C
nandrolone	BRD-K52080565	CC12CCC3C4CCC(=O)C=C4CCC3C1CCC2O	CC12CCC3C4CCC(=O)C=C4CCC3C1CCC2O
anastrozole	BRD-K52172416	CC(C)(C#N)c1cc(Cn2cncn2)cc(C(C)(C)C#N)c1	c14cc5cc6c1.CC4(C)C#N.n13cncn1.C6(C)(C)C#N.C35
ICI-63197	BRD-K52219182	CCCn1c(=O)c(C)cn2nc(N)nc12	n13c(=O)c(C)cn2nc(N)nc12.CCC3
tacedinaline	BRD-K52313696	CC(=O)Nc1ccc(C(=O)Nc2ccccc2N)cc1	c15ccc7cc1.c16ccccc1N.CC3=O.C47=O.N35.N46
GR-159897	BRD-K52394958	COC1(CS(=O)c2ccccc2)CCN(CCc2c[nH]c3ccc(F)cc23)CC1	c17c[nH]c2ccc(F)cc12.C6S(=O)c1ccccc1.C146CCN5CC1.C5C7.CO4
amperozide	BRD-K52397688	CCNC(=O)N1CCN(CCCC(c2ccc(F)cc2)c2ccc(F)cc2)CC1	N14CCN6CC1.c17ccc(F)cc1.c18ccc(F)cc1.C6CCC78.C34=O.CC5.N35
alprostadil	BRD-K52459643	CCCCCC(O)C=CC1C(O)CC(=O)C1CCCCCCC(=O)O	C=2C1C(O)CC(=O)C13.C3CCCCCC(=O)O.CCCCCC(O)C=2
SC-19220	BRD-K52512893	CC(=O)NNC(=O)N1Cc2ccccc2Oc2ccc(Cl)cc21	N13Cc2ccccc2Oc2ccc(Cl)cc21.CC(=O)NNC3=O
NCH-51	BRD-K52522949	CC(C)C(=O)SCCCCCCC(=O)Nc1nc(-c2ccccc2)cs1	C4CCCCCC3=O.CC(C)C(=O)S4.c15nc6cs1.c16ccccc1.N35
STO-609	BRD-K52620403	O=C(O)c1ccc2c3c1cccc3c(=O)n1c3ccccc3nc21	c14ccc2c3c1cccc3c(=O)n1c3ccccc3nc21.O=C4O
lidocaine	BRD-K52662033	CCN(CC)CC(=O)Nc1c(C)cccc1C	c16c(C)cccc1C.C5C2=O.N345.CC3.C4C.N26
PCO-400	BRD-K52721684	CC1(C)Oc2ccc(C#N)cc2C(OC2=CC(=O)CC2)C1O	CC1(C)Oc2ccc(C#N)cc2C(OC2=CC(=O)CC2)C1O
cefdinir	BRD-K52735702	C=CC1=C(C(=O)O)N2C(=O)C(NC(=O)C(=NO)c3csc(N)n3)C2SC1	C=CC1=C(C(=O)O)N2C(=O)C5C2SC1.C4(=O)C(=NO)c1csc(N)n1.N45
TAK-715	BRD-K52751261	CCc1nc(-c2cccc(C)c2)c(-c2ccnc(NC(=O)c3ccccc3)c2)s1	c17nc8c9s1.c18cccc(C)c1.c19ccnc5c1.c16ccccc1.C46=O.CC7.N45
WHI-P154	BRD-K52850071	COc1cc2ncnc(Nc3ccc(O)c(Br)c3)c2cc1OC	c14cc2ncnc6c2cc15.c17ccc(O)c(Br)c1.CO4.N67.O5C
GDC-0941	BRD-K52911425	CS(=O)(=O)N1CCN(Cc2cc3nc(-c4cccc5[nH]ncc45)nc(N4CCOCC4)c3s2)CC1	c19cc2nc%10nc8c2s1.c1%10cccc2[nH]ncc12.N17CCN6CC1.N18CCOCC1.CS7(=O)=O.C69
rescinnamine	BRD-K52930707	COC(=O)C1C2CC3c4[nH]c5cc(OC)ccc5c4CCN3CC2CC(OC(=O)C=Cc2cc(OC)c(OC)c(OC)c2)C1OC	C1%15C%10C9CC2CN3CCc4c([nH]c5cc%11ccc45)C3CC21.C=7c1cc%12c%13c%14c1.C8(=O)C=7.C6%15=O.CO6.O%11C.O89.O%12C.O%13C.O%14C.O%10C
clomipramine	BRD-K52989797	CN(C)CCCN1c2ccccc2CCc2ccc(Cl)cc21	N14c2ccccc2CCc2ccc(Cl)cc21.C3CC4.CN3C
niridazole	BRD-K53123955	O=C1NCCN1c1ncc([N+](=O)[O-])s1	c12ncc([N+](=O)[O-])s1.O=C1NCCN12
trimetozine	BRD-K53220666	COc1cc(C(=O)N2CCOCC2)cc(OC)c1OC	c14cc7cc5c16.N13CCOCC1.C37=O.CO4.O5C.O6C
CITCO	BRD-K53263234	Clc1ccc(-c2nc3sccn3c2C=NOCc2ccc(Cl)c(Cl)c2)cc1	c16nc2sccn2c1C=NO4.c15ccc(Cl)c(Cl)c1.Clc1ccc6cc1.C45
vinpocetine	BRD-K53318339	CCOC(=O)C1=CC2(CC)CCCN3CCc4c(n1c1ccccc41)C32	C5(=O)C1=CC27CCCN3CCc4c(n1c1ccccc41)C32.CC6.O56.C7C
tivozanib	BRD-K53414658	COc1cc2nccc(Oc3ccc(NC(=O)Nc4cc(C)on4)c(Cl)c3)c2cc1OC	c17cc2nccc8c2cc1%10.c19ccc%12c(Cl)c1.c1%11cc(C)on1.C56=O.CO7.O89.N5%12.N6%11.O%10C
arctigenin	BRD-K53523901	COc1cc(CC2C(=O)OCC2Cc2ccc(OC)c(OC)c2)ccc1O	c13cc8ccc1O.c19ccc4c5c1.C16C(=O)OCC17.CO3.C68.C79.O4C.O5C
CNQX	BRD-K53545112	N#Cc1cc2nc(O)c(O)nc2cc1[N+](=O)[O-]	N#Cc1cc2nc(O)c(O)nc2cc1[N+](=O)[O-]
aurora-a-inhibitor-i	BRD-K53561341	CCN1CCN(C(=O)Cc2ccc(Nc3ncc(F)c(Nc4ccc(C(=O)Nc5ccccc5Cl)cc4)n3)cc2)CC1	c1%10ncc(F)c%11n1.N19CCN6CC1.c17ccc%12cc1.c1%13ccc%15cc1.c1%14ccccc1Cl.C6(=O)C7.C8%15=O.CC9.N%10%12.N%11%13.N8%14
carbofuran	BRD-K53570330	CNC(=O)Oc1cccc2c1OC(C)(C)C2	c15cccc2c1OC(C)(C)C2.C34=O.CN4.O35
MK-5108	BRD-K53665955	O=C(O)C1(Cc2cccc(Nc3nccs3)n2)CCC(Oc2cccc(Cl)c2F)CC1	C18%10CCC4CC1.c15cccc(Cl)c1F.c19cccc6n1.c17nccs1.O=C8O.C9%10.N67.O45
amitriptyline	BRD-K53737926	CN(C)CCC=C1c2ccccc2CCc2ccccc21	C1=4c2ccccc2CCc2ccccc21.C3CC=4.CN3C
triamcinolone	BRD-K53790871	CC1(C)OC2CC3C4CCC5=CC(=O)C=CC5(C)C4(F)C(O)CC3(C)C2(C(=O)CO)O1	CC1(C)OC2CC3C4CCC5=CC(=O)C=CC5(C)C4(F)C(O)CC3(C)C26O1.C6(=O)CO
risperidone	BRD-K53857191	Cc1nc2n(c(=O)c1CCN1CCC(c3noc4cc(F)ccc34)CC1)CCCC2	Cc1nc2n(c(=O)c16)CCCC2.c17noc2cc(F)ccc12.N15CCC7CC1.C6C5
MMPX	BRD-K53878242	COCc1nc2c(=O)n(C)c(=O)n(CC(C)C)c2[nH]1	c15nc2c(=O)n(C)c(=O)n4c2[nH]1.C4C(C)C.CO3.C35
SB-408124	BRD-K53913732	Cc1cc(NC(=O)Nc2ccc(N(C)C)cc2)c2cc(F)cc(F)c2n1	Cc1cc5c2cc(F)cc(F)c2n1.c16ccc7cc1.C34=O.N7(C)C.N35.N46
indirubin	BRD-K53959060	O=C1Nc2ccccc2C1=C1Nc2ccccc2C1=NO	C1=3Nc2ccccc2C1=NO.O=C1Nc2ccccc2C1=3
ruxolitinib	BRD-K53972329	N#CCC(C1CCCC1)n1cc(-c2ncnc3[nH]ccc23)cn1	c16ncnc2[nH]ccc12.n14cc6cn1.N#CCC45.C15CCCC1
ALX-5407	BRD-K53979406	CN(CCC(Oc1ccc(-c2ccccc2)cc1)c1ccc(F)cc1)CC(=O)O	c14ccc8cc1.c17ccc(F)cc1.c18ccccc1.C5CC37.C6C(=O)O.CN56.O34
remoxipride	BRD-K54094468	CCN1CCCC1CNC(=O)c1c(OC)ccc(Br)c1OC	c17c3ccc(Br)c14.N15CCCC18.C27=O.CC5.C68.N26.O3C.O4C
CMPD-1	BRD-K54095730	O=C(CCCc1ccc(-c2ccccc2F)cc1)Nc1ccc(O)cc1	c15ccc6cc1.c16ccccc1F.c14ccc(O)cc1.O=C3CCC5.N34
cirazoline	BRD-K54142781	c1ccc(C2CC2)c(OCC2=NCCN2)c1	c1ccc5c4c1.C3C1=NCCN1.C15CC1.O34
NS-1619	BRD-K54210043	O=c1[nH]c2cc(C(F)(F)F)ccc2n1-c1cc(C(F)(F)F)ccc1O	O=c1[nH]c2cc3ccc2n15.c15cc4ccc1O.C3(F)(F)F.C4(F)(F)F
dorsomorphin	BRD-K54233340	c1cc(-c2cnn3cc(-c4ccc(OCCN5CCCCC5)cc4)cnc23)ccn1	c19cnn2cc%10cnc12.c1%10ccc7cc1.c1cc9ccn1.N18CCCCC1.C6C8.O67
MK-1775	BRD-K54256913	C=CCn1c(=O)c2cnc(Nc3ccc(N4CCN(C)CC4)cc3)nc2n1-c1cccc(C(C)(C)O)n1	n18c(=O)c2cnc5nc2n1%10.c16ccc7cc1.N17CCN(C)CC1.c1%10cccc9n1.C9(C)(C)O.C=CC8.N56
zolmitriptan	BRD-K54314721	CN(C)CCc1c[nH]c2ccc(CC3COC(=O)N3)cc12	c16c[nH]c2ccc7cc12.C15COC(=O)N1.CN4C.C4C6.C57
tolterodine	BRD-K54316499	Cc1ccc(O)c(C(CCN(C(C)C)C(C)C)c2ccccc2)c1	Cc1ccc(O)c6c1.c17ccccc1.C67CC3.N345.C4(C)C.C5(C)C
SB-202190	BRD-K54330070	Oc1ccc(-c2nc(-c3ccc(F)cc3)c(-c3ccncc3)[nH]2)cc1	Oc1ccc4cc1.c14nc5c6[nH]1.c15ccc(F)cc1.c16ccncc1
robustic-acid	BRD-K54411430	COc1ccc(-c2c(O)c3c(OC)c4c(cc3oc2=O)OC(C)(C)C=C4)cc1	c17c(O)c2c6c3c(cc2oc1=O)OC(C)(C)C=C3.c15ccc7cc1.CO5.O6C
methimazole	BRD-K54416256	Cn1cc[nH]c1=S	Cn1cc[nH]c1=S
elvitegravir	BRD-K54472332	COc1cc2c(cc1Cc1cccc(Cl)c1F)c(=O)c(C(=O)O)cn2C(CO)C(C)C	c13cc2c(cc16)c(=O)c4cn25.c17cccc(Cl)c1F.C5(CO)C(C)C.C4(=O)O.CO3.C67
captopril	BRD-K54529596	CC(CS)C(=O)N1CCCC1C(=O)O	CC(CS)C2=O.N12CCCC13.C3(=O)O
R-59022	BRD-K54665485	Cc1nc2sccn2c(=O)c1CCN1CCC(=C(c2ccccc2)c2ccc(F)cc2)CC1	C=4(c1ccccc1)c1ccc(F)cc1.Cc1nc2sccn2c(=O)c15.N13CCC=4CC1.C5C3
BAY-36-7620	BRD-K54704028	C=C1CC2COC(=O)C2(Cc2ccc3ccccc3c2)C1	C=C1CC2COC(=O)C24C1.c15ccc2ccccc2c1.C45
nTZDpa	BRD-K54708045	O=C(O)c1c(Sc2ccccc2)c2cc(Cl)ccc2n1Cc1ccc(Cl)cc1	c13c6c2cc(Cl)ccc2n14.c15ccc(Cl)cc1.c17ccccc1.O=C3O.S67.C45
dosulepin	BRD-K54759182	CN(C)CCC=C1c2ccccc2CSc2ccccc21	C1=4c2ccccc2CSc2ccccc21.C3CC=4.CN3C
glycocholic-acid	BRD-K54771420	CC(CCC(=O)NCC(=O)O)C1CCC2C3C(O)CC4CC(O)CCC4(C)C3CC(O)C12C	C17CCC2C3C(O)CC4CC(O)CCC4(C)C3CC(O)C12C.CC7CCC5=O.C6C(=O)O.N56
trioxsalen	BRD-K54790157	Cc1cc2cc3c(C)cc(=O)oc3c(C)c2o1	Cc1cc2cc3c(C)cc(=O)oc3c(C)c2o1
CAY-10578	BRD-K54987996	O=C(O)CN1C(=O)c2c(I)c(I)c(I)c(I)c2C1=O	N13C(=O)c2c(I)c(I)c(I)c(I)c2C1=O.O=C(O)C3
pefloxacin	BRD-K55034111	CCn1cc(C(=O)O)c(=O)c2cc(F)c(N3CCN(C)CC3)cc21	n16cc5c(=O)c2cc(F)c4cc21.N14CCN(C)CC1.C5(=O)O.CC6
amoxicillin	BRD-K55044200	CC1(C)SC2C(NC(=O)C(N)c3ccc(O)cc3)C(=O)N2C1C(=O)O	CC1(C)SC2C5C(=O)N2C16.c17ccc(O)cc1.C4(=O)C7N.C6(=O)O.N45
fluphenazine	BRD-K55127134	OCCN1CCN(CCCN2c3ccccc3Sc3ccc(C(F)(F)F)cc32)CC1	N16c2ccccc2Sc2ccc7cc21.N14CCN5CC1.C5CC6.C7(F)(F)F.OCC4
benzylpenicillin	BRD-K55191674	CC1(C)SC2C(NC(=O)Cc3ccccc3)C(=O)N2C1C(=O)O	CC1(C)SC2C5C(=O)N2C16.c17ccccc1.C4(=O)C7.C6(=O)O.N45
abiraterone	BRD-K55301415	CC12CCC(O)CC1=CCC1C2CCC2(C)C(c3cccnc3)=CCC12	CC12CCC(O)CC1=CCC1C2CCC2(C)C(c3cccnc3)=CCC12
BU-224	BRD-K55344148	c1ccc2nc(C3=NCCN3)ccc2c1	c1ccc2nc(C3=NCCN3)ccc2c1
mirin	BRD-K55420858	NC1=NC(=O)C(=Cc2ccc(O)cc2)S1	C=3c1ccc(O)cc1.NC1=NC(=O)C=3S1
anpirtoline	BRD-K55424922	Clc1cccc(SC2CCNCC2)n1	Clc1cccc3n1.C14CCNCC1.S34
WAY-629	BRD-K55430733	c1cc2c3c(c1)c1c(n3CCNC2)CCCC1	c1cc2c3c(c1)c1c(n3CCNC2)CCCC1
TAS-301	BRD-K55454768	COc1ccc(C(=C2C(=O)Nc3ccccc32)c2ccc(OC)cc2)cc1	c14ccc(C=6c2ccc5cc2)cc1.C1=6C(=O)Nc2ccccc21.CO4.O5C
spiperone	BRD-K55468218	O=C(CCCN1CCC2(CC1)C(=O)NCN2c1ccccc1)c1ccc(F)cc1	N13CCC2(CC1)C(=O)NCN24.c15ccc(F)cc1.O=C5CCC3.c14ccccc1
epigallocatechin-gallate-(-)	BRD-K55591206	O=C(OC1Cc2c(O)cc(O)cc2OC1c1cc(O)c(O)c(O)c1)c1cc(O)c(O)c(O)c1	C14Cc2c(O)cc(O)cc2OC16.c16cc(O)c(O)c(O)c1.c15cc(O)c(O)c(O)c1.O=C35.O34
CO-101244	BRD-K55677650	Cc1ccc(CC2(O)CCN(CCOc3ccc(O)cc3)CC2)cc1	C17(O)CCN6CC1.Cc1ccc8cc1.c15ccc(O)cc1.C6C4.C78.O45
latrepirdine	BRD-K55703048	Cc1ccc2c(c1)c1c(n2CCc2ccc(C)nc2)CCN(C)C1	Cc1ccc2c(c1)c1c(n23)CCN(C)C1.c14ccc(C)nc1.C3C4
SCH-28080	BRD-K55748775	Cc1nc2c(OCc3ccccc3)cccn2c1CC#N	Cc1nc2c5cccn2c16.c17ccccc1.C6C#N.O45.C47
phenytoin	BRD-K55930204	O=C1NC(=O)C(c2ccccc2)(c2ccccc2)N1	O=C1NC(=O)C34N1.c13ccccc1.c14ccccc1
BAS-09104376	BRD-K55991774	Cc1ccc2nc(C(C#N)=Cc3ccc(C)o3)[nH]c2c1	Cc1ccc2nc(C=4C#N)[nH]c2c1.C=4c1ccc(C)o1
antimycin-a	BRD-K56001384	CCCCCC1C(=O)OC(C)C(NC(=O)c2cccc(NC=O)c2O)C(=O)OC(C)C1OC(=O)CC(C)C	C19C(=O)OC(C)C7C(=O)OC(C)C15.c18cccc6c1O.C3(=O)CC(C)C.CCCCC9.C48=O.N6C=O.N47.O35
RHC-80267	BRD-K56047318	O=C(NCCCCCCNC(=O)ON=C1CCCCC1)ON=C1CCCCC1	O3N=C1CCCCC1.O2N=C1CCCCC1.C6CCCCC7.O=C24.C35=O.N46.N57
EI-273	BRD-K56064827	COCc1cc(O)c(O)c(O)c1-c1c(COC)cc(O)c(O)c1O	c14cc(O)c(O)c(O)c16.c16c5cc(O)c(O)c1O.CO2.C24.C35.O3C
BU-226	BRD-K56115039	c1ccc2cc(C3=NCCN3)ncc2c1	c1ccc2cc(C3=NCCN3)ncc2c1
ABT-737	BRD-K56301217	CN(C)CCC(CSc1ccccc1)Nc1ccc(S(=O)(=O)NC(=O)c2ccc(N3CCN(Cc4ccccc4-c4ccc(Cl)cc4)CC3)cc2)cc1[N+](=O)[O-]	c1%14ccc(S%13(=O)=O)cc1[N+](=O)[O-].c1%16ccc%15cc1.N1%15CCN%11CC1.c16ccccc18.c18ccc(Cl)cc1.C9CC%10C%12.c17ccccc1.CN9C.C5%16=O.S%127.N%10%14.N5%13.C%116
amonafide	BRD-K56334280	CN(C)CCN1C(=O)c2cccc3cc(N)cc(c23)C1=O	N15C(=O)c2cccc3cc(N)cc(c23)C1=O.CN4C.C4C5
vemurafenib	BRD-K56343971	CCCS(=O)(=O)Nc1ccc(F)c(C(=O)c2c[nH]c3ncc(-c4ccc(Cl)cc4)cc23)c1F	c18c[nH]c2ncc9cc12.c16ccc(F)c7c1F.c19ccc(Cl)cc1.CCCS5(=O)=O.C78=O.N56
ZK-756326	BRD-K56403959	OCCOCCN1CCN(Cc2cccc(Oc3ccccc3)c2)CC1	N18CCN9CC1.c1%10cccc6c1.c17ccccc1.OCC4.C5C8.O45.C9%10.O67
calcipotriol	BRD-K56429665	C=C1C(=CC=C2CCCC3(C)C2CCC3C(C)C=CC(O)C2CC2)CC(O)CC1O	C1=5CCCC2(C)C7CCC12.C=C1C=4CC(O)CC1O.C7(C)C=6.C=6C8O.C=4C=5.C18CC1
NSC-94258	BRD-K56450366	O=c1cc(-c2ccccc2)oc2cc(O)ccc12	O=c1cc3oc2cc(O)ccc12.c13ccccc1
BMS-182874	BRD-K56509348	Cc1noc(NS(=O)(=O)c2cccc3c(N(C)C)cccc23)c1C	S4(=O)(=O)c1cccc2c6cccc12.Cc1noc5c1C.N6(C)C.N45
ambroxol	BRD-K56558538	Nc1c(Br)cc(Br)cc1CNC1CCC(O)CC1	Nc1c4cc(Br)cc1Br.C13CCC(O)CC1.C24.N23
QX-314	BRD-K56596464	CC[N+](CC)(CC)CC(=O)Nc1c(C)cccc1C	c17c(C)cccc1C.[N+]3456.C6C2=O.CC3.C4C.C5C.N27
clofazimine	BRD-K56614220	CC(C)N=c1cc2n(-c3ccc(Cl)cc3)c3ccccc3nc-2cc1Nc1ccc(Cl)cc1	CC(C)N=c1cc2n6c3ccccc3nc-2cc14.c16ccc(Cl)cc1.c15ccc(Cl)cc1.N45
phenethyl-isothiocyanate	BRD-K56700933	S=C=NCCc1ccccc1	c12ccccc1.S=C=NCC2
azauridine	BRD-K56745457	O=c1cnn(C2OC(CO)C(O)C2O)c(=O)[nH]1	O=c1cnn4c(=O)[nH]1.C14OC3C(O)C1O.C3O
dacinostat	BRD-K56957086	O=C(C=Cc1ccc(CN(CCO)CCc2c[nH]c3ccccc23)cc1)NO	c19c[nH]c2ccccc12.C=7c1ccc8cc1.O=C(C=7)NO.N456.C5CO.C6C9.C48
UK-356618	BRD-K57011718	Cc1cc(CCCC(CC(=O)NO)C(=O)NC(C(=O)NC(C)c2ccccc2)C(C)(C)C)ccc1-c1ccccc1	C7CCC(CC(=O)NO)C3=O.Cc1cc7ccc19.C5(C4=O)C(C)(C)C.c18ccccc1.c19ccccc1.C68C.N35.N46
tripelennamine	BRD-K57033106	CN(C)CCN(Cc1ccccc1)c1ccccn1	c16ccccc1.c15ccccn1.CN2C.C2C3.N345.C46
selumetinib	BRD-K57080016	Cn1cnc2c(F)c(Nc3ccc(Br)cc3Cl)c(C(=O)NOCCO)cc21	Cn1cnc2c(F)c5c7cc21.c16ccc(Br)cc1Cl.C7(=O)NO4.C4CO.N56
crotamiton	BRD-K57179821	CC=CC(=O)N(CC)c1ccccc1C	c14ccccc1C.C=5C2=O.N234.CC=5.C3C
indometacin	BRD-K57222227	COc1ccc2c(c1)c(CC(=O)O)c(C)n2C(=O)c1ccc(Cl)cc1	c13ccc2c(c1)c5c(C)n2C4=O.c14ccc(Cl)cc1.C5C(=O)O.CO3
PRE-084	BRD-K57304726	O=C(OCCN1CCOCC1)C1(c2ccccc2)CCCCC1	C167CCCCC1.N15CCOCC1.c17ccccc1.O=C36.C4C5.O34
prunetin	BRD-K57546357	COc1cc(O)c2c(=O)c(-c3ccc(O)cc3)coc2c1	c14cc(O)c2c(=O)c5coc2c1.c15ccc(O)cc1.CO4
pentoxifylline	BRD-K57569181	CC(=O)CCCCn1c(=O)c2c(ncn2C)n(C)c1=O	n13c(=O)c2c(ncn2C)n(C)c1=O.CC(=O)CCCC3
5-aminolevulinic-acid	BRD-K57631554	NCC(=O)CCC(=O)O	NCC(=O)CCC(=O)O
pentylenetetrazol	BRD-K57718010	C1CCc2nnnn2CC1	C1CCc2nnnn2CC1
fluocinonide	BRD-K57886322	CC(=O)OCC(=O)C12OC(C)(C)OC1CC1C3CC(F)C4=CC(=O)C=CC4(C)C3(F)C(O)CC12C	C127OC(C)(C)OC1CC1C3CC(F)C4=CC(=O)C=CC4(C)C3(F)C(O)CC12C.C6C7=O.CC5=O.O56
tyrphostin-AG-1295	BRD-K57926513	Cc1cc2ncc(-c3ccccc3)nc2cc1C	Cc1cc2ncc4nc2cc1C.c14ccccc1
nitrazepam	BRD-K57930253	O=C1CN=C(c2ccccc2)c2cc([N+](=O)[O-])ccc2N1	O=C1CN=C(c2ccccc2)c2cc([N+](=O)[O-])ccc2N1
Ro-90-7501	BRD-K58299615	Nc1ccc(-c2nc3ccc(-c4nc5ccc(N)cc5[nH]4)cc3[nH]2)cc1	c16nc2ccc7cc2[nH]1.c17nc2ccc(N)cc2[nH]1.Nc1ccc6cc1
AZD-6482	BRD-K58772419	Cc1cc(C(C)Nc2ccccc2C(=O)O)c2nc(N3CCOCC3)cc(=O)n2c1	Cc1cc8c2nc5cc(=O)n2c1.c16ccccc17.N15CCOCC1.C48C.C7(=O)O.N46
oxybenzone	BRD-K59037100	COc1ccc(C(=O)c2ccccc2)c(O)c1	c13ccc4c(O)c1.c15ccccc1.C45=O.CO3
chlorprothixene	BRD-K59058766	CN(C)CCC=C1c2ccccc2Sc2ccc(Cl)cc21	C1=4c2ccccc2Sc2ccc(Cl)cc21.C3CC=4.CN3C
SB-216763	BRD-K59184148	Cn1cc(C2=C(c3ccc(Cl)cc3Cl)C(=O)NC2=O)c2ccccc21	Cn1cc(C2=C(c3ccc(Cl)cc3Cl)C(=O)NC2=O)c2ccccc21
gabexate	BRD-K59256312	CCOC(=O)c1ccc(OC(=O)CCCCCNC(=N)N)cc1	C3(=O)CCCCC6.c17ccc5cc1.N6C(=N)N.C27=O.CC4.O24.O35
propentofylline	BRD-K59273480	CCCn1cnc2c1c(=O)n(CCCCC(C)=O)c(=O)n2C	n13cnc2c1c(=O)n4c(=O)n2C.C4CCCC(C)=O.CCC3
SB-366791	BRD-K59331372	COc1cccc(NC(=O)C=Cc2ccc(Cl)cc2)c1	C=6c1ccc(Cl)cc1.c14cccc5c1.C3(=O)C=6.CO4.N35
linopirdine	BRD-K59332007	O=C1N(c2ccccc2)c2ccccc2C1(Cc1ccncc1)Cc1ccncc1	O=C1N(c2ccccc2)c2ccccc2C1(C3)C4.c13ccncc1.c14ccncc1
tozasertib	BRD-K59369769	Cc1cc(Nc2cc(N3CCN(C)CC3)nc(Sc3ccc(NC(=O)C4CC4)cc3)n2)n[nH]1	c17cc8nc%11n1.N18CCN(C)CC1.c1%12ccc9cc1.Cc1cc6n[nH]1.C5%10=O.C1%10CC1.N67.S%11%12.N59
AM-281	BRD-K59419204	Cc1c(C(=O)NN2CCOCC2)nn(-c2ccc(Cl)cc2Cl)c1-c1ccc(I)cc1	C3(=O)NN1CCOCC1.Cc1c3nn4c15.c14ccc(Cl)cc1Cl.c15ccc(I)cc1
methotrexate	BRD-K59456551	CN(Cc1cnc2nc(N)nc(N)c2n1)c1ccc(C(=O)NC(CCC(=O)O)C(=O)O)cc1	c18cnc2nc(N)nc(N)c2n1.C5(CCC(=O)O)C(=O)O.c16ccc7cc1.CN46.C37=O.C48.N35
tyrphostin-AG-879	BRD-K59469039	CC(C)(C)c1cc(C=C(C#N)C(N)=S)cc(C(C)(C)C)c1O	c13cc(C=2)cc4c1O.C=2(C#N)C(N)=S.CC3(C)C.C4(C)(C)C
piperine	BRD-K59522102	O=C(C=CC=Cc1ccc2c(c1)OCO2)N1CCCCC1	C=5c1ccc2c(c1)OCO2.N13CCCCC1.O=C3C=4.C=4C=5
homoveratrylamine	BRD-K59570838	COc1ccc(CCN)cc1OC	c12ccc4cc13.C4CN.CO2.O3C
ubenimex	BRD-K59574735	CC(C)CC(NC(=O)C(O)C(N)Cc1ccccc1)C(=O)O	CC(C)CC3C(=O)O.C2(=O)C(O)C(N)C4.c14ccccc1.N23
phenothiazine	BRD-K59597909	c1ccc2c(c1)Nc1ccccc1S2	c1ccc2c(c1)Nc1ccccc1S2
VU-0420363-1	BRD-K59633790	CC(C)(C)NC(=O)C(c1cccnc1)N(C(=O)c1ccco1)c1ccc(C(C)(C)C)cc1	c16ccc9cc1.c18cccnc1.C2(=O)C58.c17ccco1.CC4(C)C.C9(C)(C)C.N356.C37=O.N24
NSC-119889	BRD-K59637651	O=C(O)c1c(Br)c(Br)c(Br)c(Br)c1-c1c2ccc(=O)cc-2oc2cc(O)ccc12	c14c2ccc(=O)cc-2oc2cc(O)ccc12.c13c4c(Br)c(Br)c(Br)c1Br.O=C3O
YM-298198	BRD-K59650319	Cc1c(C(=O)N(C)C2CCCCC2)sc2nc3ccc(N)cc3n12	Cc1c6sc2nc3ccc(N)cc3n12.C15CCCCC1.C46=O.N45C
MDL-29951	BRD-K59753853	O=C(O)CCc1c(C(=O)O)[nH]c2cc(Cl)cc(Cl)c12	c14c3[nH]c2cc(Cl)cc(Cl)c12.O=C(O)CC4.C3(=O)O
vindesine	BRD-K59753975	CCC1(O)CC2CN(CCc3c([nH]c4ccccc34)C(C(=O)OC)(c3cc4c(cc3OC)N(C)C3C(O)(C(N)=O)C(O)C5(CC)C=CCN6CCC43C65)C2)C1	C1%10(O)CC2CN(CCc3c([nH]c4ccccc34)C(C7=O)(c3cc4c(cc38)N(C)C3C9(O)C(O)C5%11C=CCN6CCC43C65)C2)C1.C9(N)=O.CC%10.O7C.O8C.C%11C
benzohydroxamic-acid	BRD-K59773493	O=C(NO)c1ccccc1	c12ccccc1.O=C2NO
calycanthine	BRD-K59851896	CN1CCC23c4ccccc4NC1C21CCN(C)C3Nc2ccccc21	CN1CCC23c4ccccc4NC1C21CCN(C)C3Nc2ccccc21
CHEMBL-374350	BRD-K59962020	Cc1cc2nc(NCCCO)n(CC(=O)c3cc(C(C)(C)C)c(O)c(C(C)(C)C)c3)c2cc1C	Cc1cc2nc5n7c2cc1C.c16cc8c(O)c9c1.C4CCO.C7C6=O.C8(C)(C)C.C9(C)(C)C.N45
irbesartan	BRD-K60038276	CCCCC1=NC2(CCCC2)C(=O)N1Cc1ccc(-c2ccccc2-c2nnn[nH]2)cc1	CCCCC1=NC2(CCCC2)C(=O)N13.c14ccc6cc1.c16ccccc15.c15nnn[nH]1.C34
N-methyllidocaine-iodide	BRD-K60060639	CC[N+](C)(CC)CC(=O)Nc1c(C)cccc1C	c16c(C)cccc1C.[N+]345C.C5C2=O.CC3.C4C.N26
tiagabine	BRD-K60160658	Cc1ccsc1C(=CCCN1CCCC(C(=O)O)C1)c1sccc1C	Cc1ccsc1C=4c1sccc1C.N12CCCC3C1.C=4CC2.C3(=O)O
z-prolyl-prolinal	BRD-K60174629	O=CC1CCCN1C(=O)C1CCCN1C(=O)OCc1ccccc1	O=CC1CCCN13.C16CCCN14.c17ccccc1.C36=O.C24=O.O25.C57
tyrphostin-AG-99	BRD-K60184833	N#CC(=Cc1ccc(O)c(O)c1)C(N)=O	C=2c1ccc(O)c(O)c1.N#CC=2C(N)=O
serdemetan	BRD-K60219430	c1cc(NCCc2c[nH]c3ccccc23)cc(Nc2ccncc2)c1	c18c[nH]c2ccccc12.c1cc5cc6c1.c17ccncc1.C4C8.N45.N67
MG-132	BRD-K60230970	CC(C)CC(C=O)NC(=O)C(CC(C)C)NC(=O)C(CC(C)C)NC(=O)OCc1ccccc1	C3(=O)C8CC(C)C.C4(=O)C9CC(C)C.CC(C)CC7C=O.c1%10ccccc1.C25=O.N37.N48.N59.O26.C6%10
dephostatin	BRD-K60274257	CN([N+][O-])c1cc(O)ccc1O	CN([N+][O-])c1cc(O)ccc1O
ITE	BRD-K60298136	COC(=O)c1csc(C(=O)c2c[nH]c3ccccc23)n1	c17c[nH]c2ccccc12.c15csc6n1.C45=O.C67=O.CO4
nelfinavir	BRD-K60460488	Cc1c(O)cccc1C(=O)NC(CSc1ccccc1)C(O)CN1CC2CCCCC2CC1C(=O)NC(C)(C)C	N16CC2CCCCC2CC19.Cc1c%10cccc1O.C5(C8)C(O)C6.c1%11ccccc1.C7(C)(C)C.C3%10=O.C49=O.N35.S8%11.N47
YC-1	BRD-K60476892	OCc1ccc(-c2nn(Cc3ccccc3)c3ccccc23)o1	c17nn4c2ccccc12.c15ccc7o1.c16ccccc1.OC5.C46
pravastatin	BRD-K60511616	CCC(C)C(=O)OC1CC(O)C=C2C=CC(C)C(CCC(O)CC(O)CC(=O)O)C21	C14CC(O)C=C2C=CC(C)C5C21.C5CC(O)CC(O)CC(=O)O.CCC(C)C3=O.O34
SU-11652	BRD-K60623809	CCN(CC)CCNC(=O)c1c(C)[nH]c(C=C2C(=O)Nc3ccc(Cl)cc32)c1C	C1=%10C(=O)Nc2ccc(Cl)cc21.c19c(C)[nH]c(C=%10)c1C.N567.C7C8.C49=O.CC5.C6C.N48
mometasone	BRD-K60640630	CC1CC2C3CCC4=CC(=O)C=CC4(C)C3(Cl)C(O)CC2(C)C1(OC(=O)c1ccco1)C(=O)CCl	CC1CC2C3CCC4=CC(=O)C=CC4(C)C3(Cl)C(O)CC2(C)C168.c17ccco1.C8(=O)CCl.C57=O.O56
MPEP	BRD-K60690191	Cc1cccc(C#Cc2ccccc2)n1	Cc1cccc(C#Cc2ccccc2)n1
desipramine	BRD-K60762818	CNCCCN1c2ccccc2CCc2ccccc21	N14c2ccccc2CCc2ccccc21.C3CC4.CN3
pergolide	BRD-K60770992	CCCN1CC(CSC)CC2c3cccc4[nH]cc(c34)CC21	N15CC7CC2c3cccc4[nH]cc(c34)CC21.CCC5.C67.S6C
veratridine	BRD-K60923938	COc1ccc(C(=O)OC2CCC3(C)C4CCC5C6(O)CC(O)C7(O)C(CN8CC(C)CCC8C7(C)O)C6(O)CC53OC24O)cc1OC	C1%10CCC2(C)C3CCC4C5(O)CC(O)C6(O)C(CN7CC(C)CCC7C6(C)O)C5(O)CC42OC13O.c1%11ccc%13cc1%12.C9%13=O.CO%11.O9%10.O%12C
SB-218795	BRD-K61097567	COC(=O)C(NC(=O)c1cc(-c2ccccc2)nc2ccccc12)c1ccccc1	c16cc8nc2ccccc12.c18ccccc1.c17ccccc1.C3(=O)C57.C46=O.CO3.N45
NBI-27914	BRD-K61177364	CCCN(CC1CC1)c1nc(C)nc(Nc2c(Cl)cc(Cl)cc2Cl)c1Cl	c15nc(C)nc6c1Cl.c17c(Cl)cc(Cl)cc1Cl.CCC3.N345.C18CC1.C48.N67
capecitabine	BRD-K61192372	CCCCCOC(=O)Nc1nc(=O)n(C2OC(C)C(O)C2O)cc1F	c16nc(=O)n7cc1F.C17OC(C)C(O)C1O.CCCCC5.C34=O.O35.N46
N-(3-acetamidophenyl)-3-chlorobenzamide	BRD-K61217870	CC(=O)Nc1cccc(NC(=O)c2cccc(Cl)c2)c1	c15cccc6c1.c17cccc(Cl)c1.CC3=O.C47=O.N35.N46
loperamide	BRD-K61250553	CN(C)C(=O)C(CCN1CCC(O)(c2ccc(Cl)cc2)CC1)(c1ccccc1)c1ccccc1	C3(=O)C56CC4.N14CCC7(O)CC1.c17ccc(Cl)cc1.c15ccccc1.c16ccccc1.CN3C
daphnetin	BRD-K61269089	O=c1ccc2ccc(O)c(O)c2o1	O=c1ccc2ccc(O)c(O)c2o1
endo-IWR-1	BRD-K61314889	O=C(Nc1cccc2cccnc12)c1ccc(N2C(=O)C3C4C=CC(C4)C3C2=O)cc1	N18C(=O)C2C3C=CC(C3)C2C1=O.c16cccc2cccnc12.c17ccc8cc1.O=C57.N56
SB-225002	BRD-K61323504	O=C(Nc1ccc([N+](=O)[O-])cc1O)Nc1ccccc1Br	c14ccc([N+](=O)[O-])cc1O.c15ccccc1Br.O=C23.N24.N35
vecuronium	BRD-K61341215	CC(=O)OC1CC2CCC3C(CCC4(C)C3CC([N+]3(C)CCCCC3)C4OC(C)=O)C2(C)CC1N1CCCCC1	C17CC2CCC3C(CCC4(C)C8C9CC34)C2(C)CC1%10.[N+]19(C)CCCCC1.N1%10CCCCC1.CC5=O.C6(C)=O.O57.O68
deguelin	BRD-K61401890	COc1cc2c(cc1OC)C1C(=O)c3ccc4c(c3OC1CO2)C=CC(C)(C)O4	c15cc2c(cc16)C1C(=O)c3ccc4c(c3OC1CO2)C=CC(C)(C)O4.CO5.O6C
epoxycholesterol	BRD-K61480498	CC(CCC1OC1(C)C)C1CCC2C3CC=C4CC(O)CCC4(C)C3CCC12C	C16CCC2C3CC=C4CC(O)CCC4(C)C3CCC12C.CC6CC5.C15OC1(C)C
avrainvillamide-analog-1	BRD-K61691971	CC1(C)C2=[N+]([O-])c3cc4nccnc4cc3C2=CC23NC(=O)C4(CCCN4C2=O)CC13	CC1(C)C2=[N+]([O-])c3cc4nccnc4cc3C2=CC23NC(=O)C4(CCCN4C2=O)CC13
VEGF-receptor-2-kinase-inhibitor-IV	BRD-K61737877	COc1ccc(-c2cnc3c(-c4ccsc4)cnn3c2)cc1	c16cnc2c7cnn2c1.c15ccc6cc1.c17ccsc1.CO5
7b-cis	BRD-K61829047	CCOC(=O)C=Cn1nnc(-c2cccc(Cl)c2)n1	C3(=O)C=Cn1nnc5n1.c15cccc(Cl)c1.CC4.O34
FG-7142	BRD-K61951118	CNC(=O)c1cc2c(cn1)[nH]c1ccccc12	c14cc2c(cn1)[nH]c1ccccc12.C34=O.CN3
niacin	BRD-K61993165	O=C(O)c1cccnc1SCCc1ccccc1	c13cccnc15.c14ccccc1.O=C3O.C2C4.S25
acitretin	BRD-K62012036	COc1cc(C)c(C=CC(C)=CC=CC(C)=CC(=O)O)c(C)c1C	c12cc(C)c(C=3)c(C)c1C.C=3C=4C.C=5C=6C.C=6C(=O)O.C=4C=5.CO2
N-methylquipazine	BRD-K62056274	CN1CCN(c2ccc3ccccc3n2)CC1	c14ccc2ccccc2n1.CN1CCN4CC1
anagrelide	BRD-K62200014	O=C1CN2Cc3c(ccc(Cl)c3Cl)N=C2N1	O=C1CN2Cc3c(ccc(Cl)c3Cl)N=C2N1
VUF-5681	BRD-K62206109	c1nc(CCCC2CCNCC2)c[nH]1	C14CCNCC1.c1nc3c[nH]1.C3CC4
T-98475	BRD-K62221994	CC(C)OC(=O)c1cn(Cc2c(F)cccc2F)c2sc(-c3ccc(NC(=O)C(C)C)cc3)c(CN(C)Cc3ccccc3)c2c1=O	c1%13cn%14c2sc7c5c2c1=O.c1%15c(F)cccc1F.c17ccc%12cc1.c16ccccc1.C8(=O)C(C)C.CC9C.C4%13=O.N%10%11C.O49.C%14%15.N8%12.C%105.C%116
lylamine	BRD-K62289640	CC(C)c1ccc2c(c1)CCC1C(C)(CN)CCCC21C	c14ccc2c(c1)CCC1C3(C)CCCC21C.CC4C.C3N
fluticasone-propionate	BRD-K62310379	CCC(=O)OC1(C(=O)SCF)C(C)CC2C3CC(F)C4=CC(=O)C=CC4(C)C3(F)C(O)CC21C	C167C(C)CC2C3CC(F)C4=CC(=O)C=CC4(C)C3(F)C(O)CC21C.C7(=O)SCF.CCC5=O.O56
DY-131	BRD-K62353524	CCN(CC)c1ccc(C=NNC(=O)c2ccc(O)cc2)cc1	c15ccc(C=NNC6=O)cc1.c16ccc(O)cc1.N345.CC3.C4C
dapsone	BRD-K62363391	Nc1ccc(S(=O)(=O)c2ccc(N)cc2)cc1	Nc1ccc(S(=O)(=O)c2ccc(N)cc2)cc1
rufloxacin	BRD-K62374253	CN1CCN(c2c(F)cc3c(=O)c(C(=O)O)cn4c3c2SCC4)CC1	c15c(F)cc2c(=O)c6cn3c2c1SCC3.CN1CCN5CC1.C6(=O)O
scoulerine	BRD-K62609077	COc1cc2c(cc1O)C1Cc3ccc(OC)c(O)c3CN1CC2	c14cc2c(cc1O)C1Cc3ccc5c(O)c3CN1CC2.CO4.O5C
guanaben-acetate	BRD-K62736196	N=C(N)NN=Cc1c(Cl)cccc1Cl	N=C(N)NN=Cc1c(Cl)cccc1Cl
LY-83583	BRD-K62792802	O=C1C(Nc2ccccc2)=CC(=O)c2ncccc21	O=C1C(N3)=CC(=O)c2ncccc21.c13ccccc1
PD-98059	BRD-K62810658	COc1cccc(-c2cc(=O)c3ccccc3o2)c1N	c15cc(=O)c2ccccc2o1.c14cccc5c1N.CO4
lomerizine	BRD-K62858456	COc1ccc(CN2CCN(C(c3ccc(F)cc3)c3ccc(F)cc3)CC2)c(OC)c1OC	c14ccc9c5c16.N17CCN8CC1.c1%10ccc(F)cc1.c1%11ccc(F)cc1.C8%10%11.CO4.C79.O5C.O6C
6-benzylaminopurine	BRD-K62929068	c1ccc(CNc2ncnc3nc[nH]c23)cc1	c15ncnc2nc[nH]c12.c1ccc6cc1.C46.N45
sphingosine	BRD-K62959606	CCCCCCCCCCCCCC=CC(O)C(N)CO	CCCCCCCCCCCCCC=1.C=1C(O)C(N)CO
tipifarnib-P2	BRD-K62965247	Cn1cncc1C(N)(c1ccc(Cl)cc1)c1ccc2c(c1)c(-c1cccc(Cl)c1)cc(=O)n2C	c15ccc2c(c1)c6cc(=O)n2C.c14ccc(Cl)cc1.c16cccc(Cl)c1.Cn1cncc13.C345N
cilomilast	BRD-K62982419	COc1ccc(C2(C#N)CCC(C(=O)O)CC2)cc1OC1CCCC1	C17(C#N)CCC6CC1.c14ccc7cc15.C13CCCC1.C6(=O)O.CO4.O35
lidoflazine	BRD-K62996583	Cc1cccc(C)c1NC(=O)CN1CCN(CCCC(c2ccc(F)cc2)c2ccc(F)cc2)CC1	Cc1cccc(C)c16.N14CCN5CC1.c17ccc(F)cc1.c18ccc(F)cc1.C5CCC78.C3(=O)C4.N36
ZSTK-474	BRD-K63068307	FC(F)c1nc2ccccc2n1-c1nc(N2CCOCC2)nc(N2CCOCC2)n1	c15nc2ccccc2n16.c16nc3nc4n1.N13CCOCC1.N14CCOCC1.FC5F
farnesylthioacetic-acid	BRD-K63089472	CC(C)=CCCC(C)=CCCC(C)=CCSCC(=O)O	C=3CCC=4C.C=4CCC=5C.C2C(=O)O.CC=3C.C=5C1.S12
JTE-907	BRD-K63150726	CCCCCOc1c(OC)ccc2cc(C(=O)NCc3ccc4c(c3)OCO4)c(=O)[nH]c12	c17c8ccc2cc%10c(=O)[nH]c12.c1%11ccc2c(c1)OCO2.CCCCC6.C5%10=O.O67.O8C.N59.C9%11
MNITMT	BRD-K63151507	Cn1cnnc1Sc1c([N+](=O)[O-])ncn1C	c13c([N+](=O)[O-])ncn1C.Cn1cnnc12.S23
norcyclobenzaprine	BRD-K63165456	CNCCC=C1c2ccccc2C=Cc2ccccc21	C1=4c2ccccc2C=Cc2ccccc21.C3CC=4.CN3
tipifarnib	BRD-K63195589	Cn1cncc1C(N)(c1ccc(Cl)cc1)c1ccc2c(c1)c(-c1cccc(Cl)c1)cc(=O)n2C	c15ccc2c(c1)c6cc(=O)n2C.c14ccc(Cl)cc1.c16cccc(Cl)c1.Cn1cncc13.C345N
docetaxel	BRD-K63265447	CC(=O)OC12COC1CC(O)C1(C)C(=O)C(O)C3=C(C)C(OC(=O)C(O)C(NC(=O)OC(C)(C)C)c4ccccc4)CC(O)(C(OC(=O)c4ccccc4)C21)C3(C)C	C12%14COC1CC(O)C1(C)C(=O)C(O)C3=C(C)C%15CC(O)(C%16C21)C3(C)C.C9(=O)C(O)C68.c18ccccc1.c17ccccc1.C%13(C)(C)C.CC5=O.C%10%12=O.C%117=O.O5%14.O9%15.N%126.O%10%13.O%11%16
orlistat	BRD-K63343048	CCCCCCCCCCCC(CC1OC(=O)C1CCCCCC)OC(=O)C(CC(C)C)NC=O	CCCCCCCCCCCC3C5.C2(=O)C4CC(C)C.C15OC(=O)C16.C6CCCCC.N4C=O.O23
methoxsalen	BRD-K63430059	COc1c2occc2cc2ccc(=O)oc12	c13c2occc2cc2ccc(=O)oc12.CO3
semaxanib	BRD-K63504947	Cc1cc(C)c(C=C2C(=O)Nc3ccccc32)[nH]1	C1=4C(=O)Nc2ccccc21.Cc1cc(C)c(C=4)[nH]1
T-0156	BRD-K63516691	COC(=O)c1c(-c2cc(OC)c(OC)c(OC)c2)c2ccnc(OCc3ncccn3)c2c(=O)n1Cc1ccnc(C)c1	c1%12c6c2ccnc8c2c(=O)n1%13.c16cc9c%10c%11c1.c15ccnc(C)c1.c1%14ncccn1.C4%12=O.CO4.O9C.O%10C.O%11C.O78.C7%14.C%135
AM-630	BRD-K63533170	COc1ccc(C(=O)c2c(C)n(CCN3CCOCC3)c3cc(I)ccc23)cc1	c17c(C)n8c2cc(I)ccc12.c14ccc6cc1.N15CCOCC1.C67=O.C8C5.CO4
erythromycin	BRD-K63550407	CCC1OC(=O)C(C)C(OC2CC(C)(OC)C(O)C(C)O2)C(C)C(OC2OC(C)CC(N(C)C)C2O)C(C)(O)CC(C)C(=O)C(C)C(O)C1(C)O	C19OC(=O)C(C)C6C(C)C7C(C)(O)CC(C)C(=O)C(C)C(O)C1(C)O.C14CC3(C)C(O)C(C)O1.C15OC(C)CC8C1O.N8(C)C.CC9.O46.O3C.O57
bufalin	BRD-K63606607	CC12CCC(O)CC1CCC1C2CCC2(C)C(c3ccc(=O)oc3)CCC12O	CC12CCC(O)CC1CCC1C2CCC2(C)C4CCC12O.c14ccc(=O)oc1
etacrynic-acid	BRD-K63630713	C=C(CC)C(=O)c1ccc(OCC(=O)O)c(Cl)c1Cl	c14ccc3c(Cl)c1Cl.C=C(CC)C4=O.C2C(=O)O.O23
cefuroxime	BRD-K63641886	CON=C(C(=O)NC1C(=O)N2C(C(=O)O)=C(COC(N)=O)CSC12)c1ccco1	C16C(=O)N2C(C(=O)O)=C(C5)CSC12.CON=C(C4=O)c1ccco1.C3(N)=O.N46.O35
triflupromazine	BRD-K63675182	CN(C)CCCN1c2ccccc2Sc2ccc(C(F)(F)F)cc21	N14c2ccccc2Sc2ccc5cc21.C3CC4.C5(F)(F)F.CN3C
10-hydroxycamptothecin	BRD-K63784565	CCC1(O)C(=O)OCc2c1cc1n(c2=O)Cc2cc3cc(O)ccc3nc2-1	CCC1(O)C(=O)OCc2c1cc1n(c2=O)Cc2cc3cc(O)ccc3nc2-1
arecaidine-but-2-ynyl-ester	BRD-K63792901	CC#CCOC(=O)C1=CCCN(C)C1	C2(=O)C1=CCCN(C)C1.CC#CC3.O23
raloxifene	BRD-K63828191	O=C(c1ccc(OCCN2CCCCC2)cc1)c1c(-c2ccc(O)cc2)sc2cc(O)ccc12	c17c8sc2cc(O)ccc12.c16ccc4cc1.c18ccc(O)cc1.N15CCCCC1.O=C67.C3C5.O34
thioperamide	BRD-K63874012	S=C(NC1CCCCC1)N1CCC(c2c[nH]cn2)CC1	S=C(N3)N1CCC4CC1.C13CCCCC1.c14c[nH]cn1
eicosatrienoic-acid	BRD-K63913457	CCC=CCC=CCC=CCCCCCCCCCC(=O)O	C=3CCCCCCCCCC(=O)O.C=1CC=2.C=2CC=3.CCC=1
AS-604850	BRD-K63915849	O=C1NC(=O)C(=Cc2ccc3c(c2)OC(F)(F)O3)S1	C=4c1ccc2c(c1)OC(F)(F)O2.O=C1NC(=O)C=4S1
barasertib-HQPA	BRD-K63923597	CCN(CCO)CCCOc1ccc2c(Nc3cc(CC(=O)Nc4cccc(F)c4)[nH]n3)ncnc2c1	c18ccc2c%12ncnc2c1.c1%14cccc(F)c1.c1%13cc6[nH]n1.C%11CC7.C6C5=O.N9%10%11.C%10CO.CC9.O78.N%12%13.N5%14
dihydrosamidin	BRD-K63945320	CC(=O)OC1c2c(ccc3ccc(=O)oc23)OC(C)(C)C1OC(=O)CC(C)C	O4C1c2c(ccc3ccc(=O)oc23)OC(C)(C)C16.C5(=O)CC(C)C.CC4=O.O56
etifenin	BRD-K63979671	CCc1cccc(CC)c1NC(=O)CN(CC(=O)O)CC(=O)O	c17cccc8c16.C2(=O)C3.C4C(=O)O.C5C(=O)O.N345.CC7.C8C.N26
linoleamide	BRD-K64044582	CCCCCC=CCC=CCCCCCCCC(N)=O	C=2CCCCCCCC(N)=O.CCCCCC=1.C=1CC=2
gefitinib	BRD-K64052750	COc1cc2ncnc(Nc3ccc(F)c(Cl)c3)c2cc1OCCCN1CCOCC1	c15cc2ncnc8c2cc16.c19ccc(F)c(Cl)c1.N17CCOCC1.C4CC7.CO5.N89.O46
ZD-2079	BRD-K64157027	O=C(O)Cc1ccc(OCCNCC(O)c2ccccc2)cc1	c17ccc4cc1.c18ccccc1.O=C(O)C7.C6C8O.C3C5.O34.N56
GW-4064	BRD-K64245000	CC(C)c1onc(-c2c(Cl)cccc2Cl)c1COc1ccc(C=Cc2cccc(C(=O)O)c2)c(Cl)c1	c14ccc(C=6)c(Cl)c1.c19c(Cl)cccc1Cl.C=6c1cccc5c1.c17onc9c18.CC7C.C5(=O)O.C38.O34
MW-STK33-3B	BRD-K64310881	CCOc1ccccc1C(=O)Nc1cc(Cl)ccc1O	c15cc(Cl)ccc1O.c14ccccc16.C26=O.CC3.O34.N25
CFM-1571	BRD-K64341947	COc1ccc(NC(=O)c2cc(OCCCN(C)C)nn2Cc2ccccc2)cc1	c16ccc8cc1.c19cc5nn1%10.c1%11ccccc1.C4CC7.C39=O.N7(C)C.CO6.N38.O45.C%10%11
ivachtin	BRD-K64402243	CC(=O)OCCN1C(=O)c2c(C)nc3ccc(S(=O)(=O)N4CCOCC4)cc3c2C1=O	N18C(=O)c2c(C)nc3ccc(S7(=O)=O)cc3c2C1=O.N17CCOCC1.CC5=O.C6C8.O56
GANT-58	BRD-K64451768	c1cc(-c2sc(-c3ccncc3)c(-c3ccncc3)c2-c2ccncc2)ccn1	c14sc5c6c17.c1cc4ccn1.c15ccncc1.c16ccncc1.c17ccncc1
toltrazuril	BRD-K64514229	Cc1cc(-n2c(=O)[nH]c(=O)n(C)c2=O)ccc1Oc1ccc(SC(F)(F)F)cc1	n15c(=O)[nH]c(=O)n(C)c1=O.Cc1cc5ccc13.c14ccc6cc1.S6C(F)(F)F.O34
heliomycin	BRD-K64517075	Cc1cc(O)c2c3c4c(cc(O)c13)C(C)(C)C(=O)c1c(O)cc(O)c(c1-4)C2=O	Cc1cc(O)c2c3c4c(cc(O)c13)C(C)(C)C(=O)c1c(O)cc(O)c(c1-4)C2=O
apicidin	BRD-K64606589	CCC(=O)CCCCCC1NC(=O)C2CCCCN2C(=O)C(C(C)CC)NC(=O)C(Cc2cn(OC)c3ccccc23)NC1=O	C14NC(=O)C2CCCCN2C(=O)C5NC(=O)C6NC1=O.c17cn(OC)c2ccccc12.CCC(=O)CCCCC4.C5(C)CC.C67
EMF-BCA1-57	BRD-K64610608	COc1ccc(S(=O)(=O)N(C)CC2Oc3c(NC(=O)Nc4cccc5ccccc45)cccc3C(=O)N(C(C)CO)CC2C)cc1	C1%14Oc2c%11cccc2C(=O)N%13CC1C.c18ccc(S%10(=O)=O)cc1.c1%12cccc2ccccc12.C%13(C)CO.N9%10C.C67=O.CO8.C9%14.N6%11.N7%12
salicin	BRD-K64614248	OCc1ccccc1OC1OC(CO)C(O)C(O)C1O	C12OC4C(O)C(O)C1O.c15ccccc13.OC5.O23.C4O
JNJ-16259685	BRD-K64670467	COC1CCC(C(=O)c2ccc3nc4c(cc3c2)CCCO4)CC1	c17ccc2nc3c(cc2c1)CCCO3.C15CCC6CC1.C67=O.CO5
MBCQ	BRD-K64746805	Clc1ccc2ncnc(NCc3ccc4c(c3)OCO4)c2c1	Clc1ccc2ncnc6c2c1.c17ccc2c(c1)OCO2.N56.C57
etazolate	BRD-K64755930	CCOC(=O)c1cnc2c(cnn2CC)c1NN=C(C)C	c15cnc2c(cnn26)c1NN=C(C)C.C35=O.CC4.O34.C6C
TG-100115	BRD-K64785675	Nc1nc(N)c2nc(-c3cccc(O)c3)c(-c3cccc(O)c3)nc2n1	Nc1nc(N)c2nc4c5nc2n1.c14cccc(O)c1.c15cccc(O)c1
PHA-793887	BRD-K64800655	CC(C)CC(=O)Nc1n[nH]c2c1CN(C(=O)C1CCN(C)CC1)C2(C)C	c15n[nH]c2c1CN4C2(C)C.C16CCN(C)CC1.CC(C)CC3=O.C46=O.N35
ML-167	BRD-K64835161	Cc1ccc(CNc2ncnc3ccc(-c4ccc(CO)o4)cc23)o1	c16ncnc2ccc9cc12.Cc1ccc7o1.c19ccc8o1.C57.N56.C8O
XMD-885	BRD-K64857848	COc1cc(N2CCN(C)CC2)ccc1Nc1ncc2c(n1)N(C)c1ccccc1C(=O)N2C	c14ncc2c(n1)N(C)c1ccccc1C(=O)N2C.c13cc5ccc16.N15CCN(C)CC1.CO3.N46
ispinesib	BRD-K64881305	Cc1ccc(C(=O)N(CCCN)C(c2nc3cc(Cl)ccc3c(=O)n2Cc2ccccc2)C(C)C)cc1	c19nc2cc(Cl)ccc2c(=O)n18.Cc1ccc7cc1.c1%10ccccc1.C69C(C)C.C5CCN.C47=O.N456.C8%10
BI-2536	BRD-K64890080	CCC1C(=O)N(C)c2cnc(Nc3ccc(C(=O)NC4CCN(C)CC4)cc3OC)nc2N1C1CCCC1	C1%12C(=O)N(C)c2cnc7nc2N1%10.c18ccc%11cc16.C19CCN(C)CC1.C1%10CCCC1.C5%11=O.CC%12.N78.N59.O6C
ebelactone-b	BRD-K64935403	CCC(C)C(O)C(C)C(=O)C(C)C=C(C)CC(C)C1OC(=O)C1CC	CCC(C)C(O)C(C)C(=O)C(C)C=2.C=2(C)CC3C.C13OC(=O)C14.C4C
progesterone	BRD-K64994968	CC(=O)C1CCC2C3CCC4=CC(=O)CCC4(C)C3CCC12C	C15CCC2C3CCC4=CC(=O)CCC4(C)C3CCC12C.CC5=O
nabumetone	BRD-K65146499	COc1ccc2cc(CCC(C)=O)ccc2c1	c13ccc2cc4ccc2c1.C4CC(C)=O.CO3
GP-1a	BRD-K65285700	Cc1ccc2c(c1)Cc1c(C(=O)NN3CCCCC3)nn(-c3ccc(Cl)cc3Cl)c1-2	Cc1ccc2c(c1)Cc1c4nn5c1-2.C4(=O)NN1CCCCC1.c15ccc(Cl)cc1Cl
retinyl-acetate	BRD-K65331431	CC(=O)OCC=C(C)C=CC=C(C)C=CC1=C(C)CCCC1(C)C	C=7C1=C(C)CCCC1(C)C.C=4(C)C=5.C=6(C)C=7.CC2=O.C3C=4.C=5C=6.O23
meprylcaine	BRD-K65417056	CCCNC(C)(C)COC(=O)c1ccccc1	c16ccccc1.C5(C)(C)C3.CCC4.C26=O.N45.O23
CCT-018159	BRD-K65503129	CCc1cc(-c2n[nH]c(C)c2-c2ccc3c(c2)OCCO3)c(O)cc1O	c16ccc2c(c1)OCCO2.c14cc5c(O)cc1O.c15n[nH]c(C)c16.CC4
icariin	BRD-K65639003	COc1ccc(-c2oc3c(CC=C(C)C)c(OC4OC(CO)C(O)C(O)C4O)cc(O)c3c(=O)c2OC2OC(C)C(O)C(O)C2O)cc1	c1%13oc2c%12c8cc(O)c2c(=O)c19.C15OC%11C(O)C(O)C1O.C16OC(C)C(O)C(O)C1O.c17ccc%13cc1.C%12C=%10.C=%10(C)C.CO7.O58.C%11O.O69
CGP-7930	BRD-K65786282	CC(C)(CO)Cc1cc(C(C)(C)C)c(O)c(C(C)(C)C)c1	c12cc3c(O)c4c1.CC(C)(C2)CO.C3(C)(C)C.C4(C)(C)C
diphenyleneiodonium	BRD-K65814004	c1ccc2c(c1)[I+]c1ccccc1-2	c1ccc2c(c1)[I+]c1ccccc1-2
KU-C103904N	BRD-K65910366	CCc1ccc(S(=O)(=O)NCc2ccc(C(=O)NCCN(Cc3ccccc3)C(C)C)cc2)cc1	c1%14ccc(S%12(=O)=O)cc1.c15ccc%13cc1.c16ccccc1.C4%13=O.C8C9.N9%10%11.C%11(C)C.CC%14.N7%12.C75.N48.C%106
oxantel	BRD-K66019333	CN1CCCN=C1C=Cc1cccc(O)c1	CN1CCCN=C1C=2.C=2c1cccc(O)c1
FGIN-1-43	BRD-K66093087	CCCCCCN(CCCCCC)C(=O)Cc1c(-c2ccc(Cl)cc2)[nH]c2ccc(Cl)cc12	c16c7[nH]c2ccc(Cl)cc12.c17ccc(Cl)cc1.CCCCCC4.C5CCCCC.C3(=O)C6.N345
afatinib	BRD-K66175015	CN(C)CC=CC(=O)Nc1cc2c(Nc3ccc(F)c(Cl)c3)ncnc2cc1OC1CCOC1	c19cc2c8ncnc2cc16.c1%10ccc(F)c(Cl)c1.C15CCOC1.C=%11C4=O.CN7C.C7C=%11.N49.N8%10.O56
lobeline	BRD-K66206289	CN1C(CC(=O)c2ccccc2)CCCC1CC(O)c1ccccc1	CN1C4CCCC15.c13ccccc1.c16ccccc1.C4C3=O.C5C6O
fluvastatin	BRD-K66296774	CC(C)n1c(C=CC(O)CC(O)CC(=O)O)c(-c2ccc(F)cc2)c2ccccc21	n14c(C=3)c5c2ccccc21.C=3C(O)CC(O)CC(=O)O.c15ccc(F)cc1.CC4C
zoxazolamine	BRD-K66353228	Nc1nc2cc(Cl)ccc2o1	Nc1nc2cc(Cl)ccc2o1
pazufloxacin	BRD-K66412701	CC1COc2c(C3(N)CC3)c(F)cc3c(=O)c(C(=O)O)cn1c23	CC1COc2c5c(F)cc3c(=O)c4cn1c23.C15(N)CC1.C4(=O)O
moxifloxacin	BRD-K66615216	COc1c(N2CC3CCCNC3C2)c(F)cc2c(=O)c(C(=O)O)cn(C3CC3)c12	c14c5c(F)cc2c(=O)c6cn7c12.N15CC2CCCNC2C1.C6(=O)O.C17CC1.CO4
lawsone	BRD-K66707493	O=C1CC(=O)c2ccccc2C1=O	O=C1CC(=O)c2ccccc2C1=O
17-beta-estradiol	BRD-K66766661	CCCCC(=O)OC1CCC2C3CCc4cc(O)ccc4C3CCC12C	C16CCC2C3CCc4cc(O)ccc4C3CCC12C.CCCCC5=O.O56
ICI-162846	BRD-K66782112	NC(=O)CCCCn1ccc(N=C(N)NCC(F)(F)F)n1	n13ccc(N=C(N)N2)n1.NC(=O)CCCC3.C2C(F)(F)F
fludarabine	BRD-K66788707	Nc1nc(F)nc2c1ncn2C1OC(CO)C(O)C1O	Nc1nc(F)nc2c1ncn24.C14OC3C(O)C1O.C3O
quinoclamine	BRD-K66792149	NC1=C(Cl)C(=O)c2ccccc2C1=O	NC1=C(Cl)C(=O)c2ccccc2C1=O
pifithrin-alpha	BRD-K66874953	Cc1ccc(C(=O)Cn2c3c(sc2=N)CCCC3)cc1	n15c2c(sc1=N)CCCC2.Cc1ccc4cc1.C4(=O)C5
linezolid	BRD-K66876909	CC(=O)NCC1CN(c2ccc(N3CCOCC3)c(F)c2)C(=O)O1	c18ccc6c(F)c1.C17CN8C(=O)O1.N16CCOCC1.CC4=O.N45.C57
ipidacrine	BRD-K66896231	Nc1c2c(nc3c1CCC3)CCCC2	Nc1c2c(nc3c1CCC3)CCCC2
fraxidin	BRD-K66944906	COc1cc2ccc(=O)oc2c(OC)c1OC	c13cc2ccc(=O)oc2c4c15.CO3.O4C.O5C
oleoylethanolamide	BRD-K66956375	CCCCCCCCC=CCCCCCCCC(=O)NCCO	C=3CCCCCCCC1=O.CCCCCCCCC=3.C2CO.N12
luzindole	BRD-K67013324	CC(=O)NCCc1c(Cc2ccccc2)[nH]c2ccccc12	c16c5[nH]c2ccccc12.c17ccccc1.CC3=O.C4C6.N34.C57
cilostazol	BRD-K67017579	O=C1CCc2cc(OCCCCc3nnnn3C3CCCCC3)ccc2N1	O=C1CCc2cc5ccc2N1.c16nnnn17.C17CCCCC1.C4CCC6.O45
altretamine	BRD-K67043667	CN(C)c1nc(N(C)C)nc(N(C)C)n1	c12nc3nc4n1.CN2C.N3(C)C.N4(C)C
milrinone	BRD-K67080878	Cc1[nH]c(=O)c(C#N)cc1-c1ccncc1	Cc1[nH]c(=O)c(C#N)cc12.c12ccncc1
pivmecillinam	BRD-K67100011	CC(C)(C)C(=O)OCOC(=O)C1N2C(=O)C(N=CN3CCCCCC3)C2SC1(C)C	C16N2C(=O)C(N=CN3CCCCCC3)C2SC1(C)C.CC(C)(C)C4=O.O4CO5.C56=O
phenylbutyrate	BRD-K67102207	O=C(O)CCCc1ccccc1	O=C(O)CCC2.c12ccccc1
toremifene	BRD-K67174588	CN(C)CCOc1ccc(C(=C(CCCl)c2ccccc2)c2ccccc2)cc1	c14ccc(C=6c2ccccc2)cc1.C=6(CCCl)c1ccccc1.CN5C.C5C3.O34
adipiodone	BRD-K67261995	O=C(CCCCC(=O)Nc1c(I)cc(I)c(C(=O)O)c1I)Nc1c(I)cc(I)c(C(=O)O)c1I	c14c(I)cc(I)c6c1I.c15c(I)cc(I)c7c1I.O=C2CCCCC3=O.C6(=O)O.C7(=O)O.N34.N25
picotamide	BRD-K67277431	COc1ccc(C(=O)NCc2cccnc2)cc1C(=O)NCc1cccnc1	c15ccc8cc19.c1%10cccnc1.c1%11cccnc1.C38=O.C49=O.CO5.N36.C6%10.N47.C7%11
SB-431542	BRD-K67298865	NC(=O)c1ccc(-c2nc(-c3ccc4c(c3)OCO4)c(-c3ccccn3)[nH]2)cc1	c18ccc2c(c1)OCO2.c15ccc7cc1.c17nc8c6[nH]1.c16ccccn1.NC5=O
TC-2559	BRD-K67352070	CCOc1cncc(C=CCCNC)c1	c13cncc(C=5)c1.C=5CC4.CC2.O23.N4C
SIB-1893	BRD-K67439147	Cc1cccc(C=Cc2ccccc2)n1	Cc1cccc(C=3)n1.C=3c1ccccc1
flurofamide	BRD-K67445247	NP(N)(=O)NC(=O)c1ccc(F)cc1	NP(N)(=O)NC2=O.c12ccc(F)cc1
tyrphostin-AG-126	BRD-K67506692	N#CC(C#N)=Cc1ccc([N+](=O)[O-])c(O)c1	C=2c1ccc([N+](=O)[O-])c(O)c1.N#CC=2C#N
PQ-401	BRD-K67537649	COc1ccc(Cl)cc1NC(=O)Nc1cc(C)nc2ccccc12	c17cc(C)nc2ccccc12.c15ccc(Cl)cc16.C34=O.CO5.N36.N47
KU-0063794	BRD-K67566344	COc1ccc(-c2ccc3c(N4CCOCC4)nc(N4CC(C)OC(C)C4)nc3n2)cc1CO	c19ccc2c6nc7nc2n1.c15ccc9cc18.N17CC(C)OC(C)C1.N16CCOCC1.CO5.C8O
GDC-0879	BRD-K67578145	OCCn1cc(-c2ccc3c(c2)CCC3=NO)c(-c2ccncc2)n1	c16ccc2c(c1)CCC2=NO.n14cc6c5n1.c15ccncc1.OCC4
olopatadine	BRD-K67637637	CN(C)CCC=C1c2ccccc2COc2ccc(CC(=O)O)cc21	C1=4c2ccccc2COc2ccc5cc21.C3CC=4.C5C(=O)O.CN3C
CI-966	BRD-K67680372	O=C(O)C1=CCCN(CCOC(c2ccc(C(F)(F)F)cc2)c2ccc(C(F)(F)F)cc2)C1	O=C(O)C1=CCCN5C1.c16ccc8cc1.c17ccc9cc1.C8(F)(F)F.C9(F)(F)F.C5C3.C467.O34
haloperidol	BRD-K67783091	O=C(CCCN1CCC(O)(c2ccc(Cl)cc2)CC1)c1ccc(F)cc1	N13CCC5(O)CC1.c15ccc(Cl)cc1.c14ccc(F)cc1.O=C4CCC3
ZM-323881	BRD-K67831364	Cc1cc(F)c(Nc2ncnc3cc(OCc4ccccc4)ccc23)cc1O	c17ncnc2cc6ccc12.Cc1cc(F)c8cc1O.c19ccccc1.N78.O56.C59
pevonedistat	BRD-K67844266	NS(=O)(=O)OCC1CC(n2ccc3c(NC4CCc5ccccc54)ncnc32)CC1O	n19ccc2c7ncnc21.N7C1CCc2ccccc21.C18CC9CC1O.NS(=O)(=O)O6.C68
guanabenz	BRD-K67847053	N=C(N)NN=Cc1c(Cl)cccc1Cl	N=C(N)NN=Cc1c(Cl)cccc1Cl
AR-A014418	BRD-K67860401	COc1ccc(CNC(=O)Nc2ncc([N+](=O)[O-])s2)cc1	c17ncc([N+](=O)[O-])s1.c15ccc8cc1.C34=O.CO5.C68.N36.N47
PI-103	BRD-K67868012	Oc1cccc(-c2nc(N3CCOCC3)c3oc4ncccc4c3n2)c1	c16nc5c2oc3ncccc3c2n1.Oc1cccc6c1.N15CCOCC1
eprosartan	BRD-K67977190	CCCCc1ncc(C=C(Cc2cccs2)C(=O)O)n1Cc1ccc(C(=O)O)cc1	c16ncc(C=4)n15.c18ccc3cc1.C=4(C7)C(=O)O.c17cccs1.CCCC6.C3(=O)O.C58
MK-2206	BRD-K68065987	NC1(c2ccc(-c3nc4ccn5c(=O)[nH]nc5c4cc3-c3ccccc3)cc2)CCC1	c16nc2ccn3c(=O)[nH]nc3c2cc18.c17ccc6cc1.c18ccccc1.NC17CCC1
palmitoylethanolamide	BRD-K68095457	CCCCCCCCCCCCCCCC(=O)NCCO	CCCCCCCCCCCCCCCC1=O.C2CO.N12
CGS-20625	BRD-K68103045	COc1ccc(-n2nc3c4c([nH]cc-3c2=O)CCCCC4)cc1	n16nc2c3c([nH]cc-2c1=O)CCCCC3.c15ccc6cc1.CO5
terbinafine	BRD-K68132782	CN(CC=CC#CC(C)(C)C)Cc1cccc2ccccc12	c16cccc2ccccc12.C=5C#CC(C)(C)C.CN34.C3C=5.C46
NSC-95397	BRD-K68143200	O=C1C(SCCO)=C(SCCO)C(=O)c2ccccc21	O=C1C(S3)=C(S4)C(=O)c2ccccc21.C3CO.C4CO
torin-2	BRD-K68174511	Nc1ccc(-c2ccc3ncc4ccc(=O)n(-c5cccc(C(F)(F)F)c5)c4c3c2)cn1	c18ccc2ncc3ccc(=O)n7c3c2c1.Nc1ccc8cn1.c17cccc6c1.C6(F)(F)F
GR-46611	BRD-K68190965	COc1ccc(CNC(=O)C=Cc2ccc3[nH]cc(CCN(C)C)c3c2)cc1	C=8c1ccc2[nH]cc%10c2c1.c15ccc9cc1.C4(=O)C=8.C%10C7.N7(C)C.CO5.C69.N46
ALW-II-38-3	BRD-K68191783	Cc1cn(-c2cc(C(=O)Nc3ccc(C)c(NC(=O)c4ccno4)c3)cc(C(F)(F)F)c2)cn1	c1%12cc%10cc%11c1.c17ccc(C)c8c1.Cc1cn%12cn1.c19ccno1.C%11(F)(F)F.C5%10=O.C69=O.N57.N68
trichostatin-a	BRD-K68202742	CC(C=CC(=O)NO)=CC(C)C(=O)c1ccc(N(C)C)cc1	c13ccc2cc1.C=4C(C)C3=O.C=5C(=O)NO.CC=4C=5.N2(C)C
TTNPB	BRD-K68246049	CC(=Cc1ccc(C(=O)O)cc1)c1ccc2c(c1)C(C)(C)CCC2(C)C	CC=4c1ccc2c(c1)C(C)(C)CCC2(C)C.C=4c1ccc3cc1.C3(=O)O
brimonidine	BRD-K68264559	Brc1c(NC2=NCCN2)ccc2nccnc12	Brc1c3ccc2nccnc12.N3C1=NCCN1
ponalrestat	BRD-K68332390	O=C(O)Cc1nn(Cc2ccc(Br)cc2F)c(=O)c2ccccc12	c14nn3c(=O)c2ccccc12.c15ccc(Br)cc1F.O=C(O)C4.C35
tyrphostin-AG-1478	BRD-K68336408	COc1cc2ncnc(Nc3cccc(Cl)c3)c2cc1OC	c14cc2ncnc6c2cc15.c17cccc(Cl)c1.CO4.N67.O5C
W-9	BRD-K68341547	NCCCCCCNS(=O)(=O)c1ccc2c(Cl)cccc2c1	S4(=O)(=O)c1ccc2c(Cl)cccc2c1.NCCCCCC3.N34
ZK-93426	BRD-K68392338	CCOC(=O)c1ncc2[nH]c3cccc(OC(C)C)c3c2c1C	c18ncc2[nH]c3cccc7c3c2c1C.C48=O.C6(C)C.CC5.O45.O67
ML-9	BRD-K68402494	O=S(=O)(c1cccc2c(Cl)cccc12)N1CCCNCC1	O=S3(=O)c1cccc2c(Cl)cccc12.N13CCCNCC1
KIN001-055	BRD-K68407802	COc1cc2ncnc(Nc3cc(Br)c(O)c(Br)c3)c2cc1OC	c14cc2ncnc6c2cc15.c17cc(Br)c(O)c(Br)c1.CO4.N67.O5C
EMF-BCA1-60	BRD-K68437527	CC1CN(C(C)CO)C(=O)c2cccc(NC(=O)Nc3cccc4ccccc34)c2OC1CN(C)S(=O)(=O)c1ccc(Cl)cc1	CC1CN%11C(=O)c2cccc9c2OC1%12.c1%10cccc2ccccc12.S8(=O)(=O)c1ccc(Cl)cc1.C%11(C)CO.C56=O.N78C.N59.N6%10.C7%12
ENMD-2076	BRD-K68488863	Cc1cc(Nc2cc(N3CCN(C)CC3)nc(C=Cc3ccccc3)n2)n[nH]1	c15cc6nc(C=7)n1.N16CCN(C)CC1.C=7c1ccccc1.Cc1cc4n[nH]1.N45
dicycloverine	BRD-K68507560	CCN(CC)CCOC(=O)C1(C2CCCCC2)CCCCC1	C18(C2CCCCC2)CCCCC1.N567.C7C4.C38=O.CC5.C6C.O34
deracoxib	BRD-K68558722	COc1ccc(-c2cc(C(F)F)nn2-c2ccc(S(N)(=O)=O)cc2)cc1F	c15ccc(S(N)(=O)=O)cc1.c13ccc6cc1F.c16cc4nn15.C4(F)F.CO3
dydrogesterone	BRD-K68620903	CC(=O)C1CCC2C3C=CC4=CC(=O)CCC4(C)C3CCC12C	C15CCC2C3C=CC4=CC(=O)CCC4(C)C3CCC12C.CC5=O
FR-180204	BRD-K68756823	Nc1[nH]nc2nnc(-c3c(-c4ccccc4)nn4ccccc34)cc12	Nc1[nH]nc2nnc5cc12.c15c6nn2ccccc12.c16ccccc1
quetiapine	BRD-K68867920	OCCOCCN1CCN(C2=Nc3ccccc3Sc3ccccc32)CC1	N16CCN(C2=Nc3ccccc3Sc3ccccc32)CC1.OCC4.C5C6.O45
phosphodiesterase-V-inhibitor-II	BRD-K68873215	CCCCN1C(=O)C2Cc3c([nH]c4ccccc34)C(c3ccc(OC)cc3)N2C1=O	N16C(=O)C2Cc3c([nH]c4ccccc34)C(c3ccc5cc3)N2C1=O.CCCC6.O5C
PF-3845	BRD-K68997413	O=C(Nc1cccnc1)N1CCC(Cc2cccc(Oc3ccc(C(F)(F)F)cn3)c2)CC1	N15CCC9CC1.c1%10cccc7c1.c16ccc%11cn1.c18cccnc1.C%11(F)(F)F.O=C45.N48.C9%10.O67
diprotin-a	BRD-K69032158	CCC(C)C(N)C(=O)N1CCCC1C(=O)NC(C(=O)O)C(C)CC	CCC(C)C(N)C2=O.C4(C(=O)O)C(C)CC.N12CCCC15.C35=O.N34
NAN-190	BRD-K69195780	COc1ccccc1N1CCN(CCCCN2C(=O)c3ccccc3C2=O)CC1	N17C(=O)c2ccccc2C1=O.c14ccccc16.N16CCN5CC1.C5CCC7.CO4
L-690488	BRD-K69328504	CC(C)(C)C(=O)OCOP(=O)(OCOC(=O)C(C)(C)C)C(C)(Oc1ccc(O)cc1)P(=O)(OCOC(=O)C(C)(C)C)OCOC(=O)C(C)(C)C	O2COP(=O)(OCO3)C6(C)P(=O)(OCO4)OCO5.c17ccc(O)cc1.CC(C)(C)C2=O.C3(=O)C(C)(C)C.C4(=O)C(C)(C)C.C5(=O)C(C)(C)C.O67
ryanodine	BRD-K69556541	CC1CCC2(O)C3(C)CC4(O)OC2(C1O)C1(O)C3(O)C(OC(=O)c2ccc[nH]2)C(O)(C(C)C)C41C	CC1CCC2(O)C3(C)CC4(O)OC2(C1O)C1(O)C3(O)C6C8(O)C41C.c17ccc[nH]1.C57=O.C8(C)C.O56
thiethylperazine	BRD-K69600043	CCSc1ccc2c(c1)N(CCCN1CCN(C)CC1)c1ccccc1S2	c16ccc2c(c1)N3c1ccccc1S2.N14CCN(C)CC1.C3CC4.CC5.S56
idarubicin	BRD-K69650333	CC(=O)C1(O)Cc2c(O)c3c(c(O)c2C(OC2CC(N)C(O)C(C)O2)C1)C(=O)c1ccccc1C3=O	C15(O)Cc2c(O)c3c(c(O)c2C(O4)C1)C(=O)c1ccccc1C3=O.C14CC(N)C(O)C(C)O1.CC5=O
mestinon	BRD-K69688083	CN(C)C(=O)Oc1ccc[n+](C)c1	c14ccc[n+](C)c1.CN3C.C23=O.O24
curcumin	BRD-K69690935	COc1ccc(C=CC(=O)CC(=O)C=Cc2cccc(O)c2OC)cc1O	c13ccc(C=5)cc1O.C=6c1cccc(O)c14.C=5C(=O)CC(=O)C=6.CO3.O4C
LY-341495	BRD-K69763916	NC(CC1c2ccccc2Oc2ccccc21)(C(=O)O)C1CC1C(=O)O	NC4(CC1c2ccccc2Oc2ccccc21)C(=O)O.C14CC13.C3(=O)O
trap-101	BRD-K69837166	CCn1c(=O)n(C2=C(CO)CN(CC3CCCCCCC3)CC2)c2ccccc21	n15c(=O)n(C2=C(CO)CN4CC2)c2ccccc21.C16CCCCCCC1.CC5.C46
ISOX	BRD-K69840642	CC(C)(C)OC(=O)Nc1ccc(-c2cc(C(=O)NCCCCCCC(=O)NO)no2)cc1	C7CCCCCC(=O)NO.c18ccc%10cc1.c1%10cc9no1.CC6(C)C.C34=O.C59=O.O36.N48.N57
AZD-8055	BRD-K69932463	COc1ccc(-c2ccc3c(N4CCOCC4C)nc(N4CCOCC4C)nc3n2)cc1CO	c19ccc2c6nc7nc2n1.c15ccc9cc18.N16CCOCC1C.N17CCOCC1C.CO5.C8O
L-692585	BRD-K70241288	CC(O)CNC(C)(C)CC(=O)NC1CCc2ccccc2N(Cc2ccc(-c3ccccc3-c3nn[nH]n3)cc2)C1=O	C17CCc2ccccc2N(C8)C1=O.C6(C)(C)CC4=O.c18ccc%10cc1.c1%10ccccc19.c19nn[nH]n1.CC(O)C5.N56.N47
U-99194	BRD-K70281171	CCCN(CCC)C1Cc2cc(OC)c(OC)cc2C1	C17Cc2cc3c4cc2C1.CCC5.N567.C6CC.O3C.O4C
escitalopram	BRD-K70301876	CN(C)CCCC1(c2ccc(F)cc2)OCc2cc(C#N)ccc21	C3CCC1(c2ccc(F)cc2)OCc2cc(C#N)ccc21.CN3C
benzoxiquine	BRD-K70327191	O=C(Oc1cccc2cccnc12)c1ccccc1	c14cccc2cccnc12.c15ccccc1.O=C35.O34
amantadine	BRD-K70330367	NC12CC3CC(CC(C3)C1)C2	NC12CC3CC(CC(C3)C1)C2
aripiprazole	BRD-K70358946	O=C1CCc2ccc(OCCCCN3CCN(c4cccc(Cl)c4Cl)CC3)cc2N1	O=C1CCc2ccc6cc2N1.c18cccc(Cl)c1Cl.N17CCN8CC1.C5CCC7.O56
erlotinib	BRD-K70401845	C#Cc1cccc(Nc2ncnc3cc(OCCOC)c(OCCOC)cc23)c1	c1%10ncnc2cc8c9cc12.C#Cc1cccc%11c1.C4C5.C6C7.N%10%11.O48.O5C.O69.O7C
flupentixol	BRD-K70487031	OCCN1CCN(CCC=C2c3ccccc3Sc3ccc(C(F)(F)F)cc32)CC1	C1=6c2ccccc2Sc2ccc7cc21.N14CCN5CC1.C5CC=6.C7(F)(F)F.OCC4
rimcazole	BRD-K70490179	CC1CN(CCCn2c3ccccc3c3ccccc32)CC(C)N1	n15c2ccccc2c2ccccc21.CC1CN4CC(C)N1.C4CC5
ranitidine	BRD-K70505054	CNC(=C[N+](=O)[O-])NCCSCc1ccc(CN(C)C)o1	CNC(=C[N+](=O)[O-])N2.c16ccc7o1.C2C4.N3(C)C.S45.C56.C37
HMN-214	BRD-K70511574	COc1ccc(S(=O)(=O)N(C(C)=O)c2ccccc2C=Cc2cc[n+]([O-])cc2)cc1	c14ccc(S5(=O)=O)cc1.c16ccccc1C=7.C=7c1cc[n+]([O-])cc1.N356.C3(C)=O.CO4
zosuquidar	BRD-K70557564	OC(COc1cccc2ncccc12)CN1CCN(C2c3ccccc3C3C(c4ccccc42)C3(F)F)CC1	N17CCN(C2c3ccccc3C3C(c4ccccc42)C3(F)F)CC1.c16cccc2ncccc12.OC(C5)C7.O56
H-9	BRD-K70577657	NCCNS(=O)(=O)c1cccc2cnccc12	S4(=O)(=O)c1cccc2cnccc12.NCC3.N34
trazodone	BRD-K70778732	O=c1n(CCCN2CCN(c3cccc(Cl)c3)CC2)nc2ccccn12	O=c1n6nc2ccccn12.N14CCN5CC1.c15cccc(Cl)c1.C6CC4
solanine	BRD-K70881766	CC1CCC2C(C)C3C(CC4C5CC=C6CC(OC7OC(CO)C(O)C(OC8OC(CO)C(O)C(O)C8O)C7OC7OC(C)C(O)C(O)C7O)CCC6(C)C5CCC43C)N2C1	CC1CCC2C(C)C3C(CC4C5CC=C6CC%12CCC6(C)C5CCC43C)N2C1.C19OC%15C(O)C%13C1%14.C1%10OC%16C(O)C(O)C1O.C1%11OC(C)C(O)C(O)C1O.O9%12.C%15O.O%10%13.C%16O.O%11%14
nimetazepam	BRD-K70883034	CN1C(=O)CN=C(c2ccccc2)c2cc([N+](=O)[O-])ccc21	CN1C(=O)CN=C(c2ccccc2)c2cc([N+](=O)[O-])ccc21
BIBX-1382	BRD-K70914287	CN1CCC(Nc2ncc3ncnc(Nc4ccc(F)c(Cl)c4)c3n2)CC1	c15ncc2ncnc6c2n1.c17ccc(F)c(Cl)c1.CN1CCC8CC1.N58.N67
cefoxitin	BRD-K70976396	COC1(NC(=O)Cc2cccs2)C(=O)N2C(C(=O)O)=C(COC(N)=O)CSC21	C167C(=O)N2C(C(=O)O)=C(C5)CSC21.c18cccs1.C4(=O)C8.C3(N)=O.CO6.N47.O35
hippeastrine	BRD-K71003802	CN1CCC2=CC(O)C3OC(=O)c4cc5c(cc4C3C21)OCO5	CN1CCC2=CC(O)C3OC(=O)c4cc5c(cc4C3C21)OCO5
masitinib	BRD-K71035033	Cc1ccc(NC(=O)c2ccc(CN3CCN(C)CC3)cc2)cc1Nc1nc(-c2cccnc2)cs1	Cc1ccc7cc18.c19ccc%10cc1.N15CCN(C)CC1.c16nc%11cs1.c1%11cccnc1.C49=O.N47.C5%10.N68
duloxetine	BRD-K71103788	CNCCC(Oc1cccc2ccccc12)c1cccs1	c14cccc2ccccc12.C5CC36.c16cccs1.CN5.O34
PSB-06126	BRD-K71266197	Nc1c(S(=O)(=O)O)cc(Nc2cccc3ccccc23)c2c1C(=O)c1ccccc1C2=O	Nc1c(S(=O)(=O)O)cc4c2c1C(=O)c1ccccc1C2=O.c15cccc2ccccc12.N45
zafirlukast	BRD-K71289571	COc1cc(C(=O)NS(=O)(=O)c2ccccc2C)ccc1Cc1cn(C)c2ccc(NC(=O)OC3CCCC3)cc12	c15cn(C)c2ccc%11cc12.S%10(=O)(=O)c1ccccc1C.c19cc%12ccc1%13.C18CCCC1.C6%12=O.C47=O.CO9.N6%10.C%135.N7%11.O48
clobenpropit	BRD-K71430621	N=C(NCc1ccc(Cl)cc1)SCCCc1c[nH]cn1	c15ccc(Cl)cc1.N=C(N2)S3.c14c[nH]cn1.C3CC4.C25
diclofenamide	BRD-K71499074	NS(=O)(=O)c1cc(Cl)c(Cl)c(S(N)(=O)=O)c1	NS(=O)(=O)c1cc(Cl)c(Cl)c(S(N)(=O)=O)c1
SNS-314	BRD-K71512533	O=C(Nc1cccc(Cl)c1)Nc1ncc(CCNc2ncnc3ccsc23)s1	c18ncnc2ccsc12.c19cccc(Cl)c1.c17ncc%10s1.O=C45.C%10C6.N49.N57.N68
GW-9508	BRD-K71534238	O=C(O)CCc1ccc(NCc2cccc(Oc3ccccc3)c2)cc1	c18ccc7cc1.c19cccc4c1.c15ccccc1.O=C(O)CC8.N67.C69.O45
PNU-120596	BRD-K71731651	COc1cc(OC)c(NC(=O)Nc2cc(C)on2)cc1Cl	c15cc6c8cc1Cl.c17cc(C)on1.C34=O.CO5.O6C.N38.N47
carbamazepine	BRD-K71799949	NC(=O)N1c2ccccc2C=Cc2ccccc21	N13c2ccccc2C=Cc2ccccc21.NC3=O
epothilone-a	BRD-K71823332	CC(=Cc1csc(C)n1)C1CC2OC2CCCC(C)C(O)C(C)C(=O)C(C)(C)C(O)CC(=O)O1	CC=3C1CC2OC2CCCC(C)C(O)C(C)C(=O)C(C)(C)C(O)CC(=O)O1.C=3c1csc(C)n1
CDK2-5-inhibitor	BRD-K71860425	Nc1cc(Nc2ccc(S(N)(=O)=O)cc2)ncn1	c14ccc(S(N)(=O)=O)cc1.Nc1cc3ncn1.N34
marbofloxacin	BRD-K71926323	CN1CCN(c2c(F)cc3c(=O)c(C(=O)O)cn4c3c2OCN4C)CC1	c15c(F)cc2c(=O)c6cn3c2c1OCN3C.CN1CCN5CC1.C6(=O)O
MRS-1754	BRD-K72024482	CCCn1c(=O)c2[nH]c(-c3ccc(OCC(=O)Nc4ccc(C#N)cc4)cc3)nc2n(CCC)c1=O	n19c(=O)c2[nH]c%11nc2n%10c1=O.c18ccc(C#N)cc1.c1%11ccc7cc1.C6C5=O.CCC9.C%10CC.O67.N58
probucol	BRD-K72029282	CC(C)(Sc1cc(C(C)(C)C)c(O)c(C(C)(C)C)c1)Sc1cc(C(C)(C)C)c(O)c(C(C)(C)C)c1	c18cc4c(O)c5c1.c19cc6c(O)c7c1.CC23C.C4(C)(C)C.C5(C)(C)C.C6(C)(C)C.C7(C)(C)C.S28.S39
peucedanin	BRD-K72034655	COc1c(C(C)C)oc2cc3oc(=O)ccc3cc12	c14c5oc2cc3oc(=O)ccc3cc12.C5(C)C.CO4
vidarabine	BRD-K72093121	Nc1ncnc2c1ncn2C1OC(CO)C(O)C1O	Nc1ncnc2c1ncn24.C14OC3C(O)C1O.C3O
quinapril	BRD-K72222507	CCOC(=O)C(CCc1ccccc1)NC(C)C(=O)N1Cc2ccccc2CC1C(=O)O	N14Cc2ccccc2CC18.C3(=O)C6CC9.c19ccccc1.C7(C)C4=O.C8(=O)O.CC5.O35.N67
QW-BI-011	BRD-K72264770	COC(=O)c1ccc2c(c1)nc(NC(=O)c1ccccc1)n2CCCc1ccccc1	c16ccc2c(c1)nc5n28.c17ccccc1.c19ccccc1.C8CC9.C36=O.C47=O.CO3.N45
WZ-4002	BRD-K72420232	C=CC(=O)Nc1cccc(Oc2nc(Nc3ccc(N4CCN(C)CC4)cc3OC)ncc2Cl)c1	c16nc9ncc1Cl.c1%11ccc%12cc18.c1%10cccc7c1.N1%12CCN(C)CC1.C=CC5=O.N5%10.O67.N9%11.O8C
JAK3-inhibitor-I	BRD-K72541103	OCc1cc2ncnc(Nc3ccc(O)cc3)c2cc1CO	c16cc2ncnc4c2cc17.c15ccc(O)cc1.OC6.N45.C7O
fluvoxamine	BRD-K72676686	COCCCCC(=NOCCN)c1ccc(C(F)(F)F)cc1	C2CCCC(=NO3)c1ccc4cc1.C4(F)(F)F.C3CN.CO2
ZM-447439	BRD-K72703948	COc1cc2c(Nc3ccc(NC(=O)c4ccccc4)cc3)ncnc2cc1OCCCN1CCOCC1	c17cc2c%10ncnc2cc18.c1%11ccc%12cc1.c1%13ccccc1.N19CCOCC1.C6CC9.C5%13=O.CO7.N%10%11.N5%12.O68
arcyriaflavin-a	BRD-K72726508	O=C1NC(=O)c2c1c1c3ccccc3[nH]c1c1[nH]c3ccccc3c21	O=C1NC(=O)c2c1c1c3ccccc3[nH]c1c1[nH]c3ccccc3c21
tyrphostin-AG-555	BRD-K72783841	N#CC(=Cc1ccc(O)c(O)c1)C(=O)NCCCc1ccccc1	C=4c1ccc(O)c(O)c1.N#CC=4C2=O.c15ccccc1.C3CC5.N23
cinalukast	BRD-K72816382	CCC(CC)(CC(=O)Nc1cccc(C=Cc2nc(C3CCC3)cs2)c1)C(=O)O	CCC(CC)(CC4=O)C(=O)O.c15cccc(C=6)c1.C=6c1nc7cs1.C17CCC1.N45
SSR-69071	BRD-K72895815	COc1cc(C(C)C)c2c(c1)S(=O)(=O)N(COc1cc(=O)n3cccc(OCCN4CCCCC4)c3n1)C2=O	c17cc%11c2c(c1)S(=O)(=O)N%10C2=O.c16cc(=O)n2cccc8c2n1.N19CCCCC1.C%11(C)C.C%10O6.C5C9.CO7.O58
zidovudine	BRD-K72903603	Cc1cn(C2CC(N=[N+]=[N-])C(CO)O2)c(=O)[nH]c1=O	Cc1cn4c(=O)[nH]c1=O.C14CC(N=[N+]=[N-])C3O1.C3O
diazoxide	BRD-K73109821	CC1=Nc2ccc(Cl)cc2S(=O)(=O)N1	CC1=Nc2ccc(Cl)cc2S(=O)(=O)N1
urapidil	BRD-K73196317	COc1ccccc1N1CCN(CCCNc2cc(=O)n(C)c(=O)n2C)CC1	c16cc(=O)n(C)c(=O)n1C.c13ccccc17.N17CCN4CC1.C4CC5.CO3.N56
ICI-199441	BRD-K73290745	CN(C(=O)Cc1ccc(Cl)c(Cl)c1)C(CN1CCCC1)c1ccccc1	c15ccc(Cl)c(Cl)c1.c16ccccc1.N14CCCC1.C2(=O)C5.C36C4.CN23
WZ-3146	BRD-K73293050	C=CC(=O)Nc1cccc(Oc2nc(Nc3ccc(N4CCN(C)CC4)cc3)ncc2Cl)c1	c16nc8ncc1Cl.c19cccc7c1.c1%10ccc%11cc1.N1%11CCN(C)CC1.C=CC5=O.N59.O67.N8%10
PF-04217903	BRD-K73319509	OCCn1cc(-c2cnc3nnn(Cc4ccc5ncccc5c4)c3n2)cn1	c19cnc2nnn7c2n1.c18ccc2ncccc2c1.n16cc9cn1.OCC6.C78
quinisocaine	BRD-K73391359	CCCCc1cc2ccccc2c(OCCN(C)C)n1	c16cc2ccccc2c4n1.CCCC6.C3C5.N5(C)C.O34
ARP-101	BRD-K73395020	CC(C)ON(C(C(=O)NO)C(C)C)S(=O)(=O)c1ccc(-c2ccccc2)cc1	O3N(C(C(=O)NO)C(C)C)S(=O)(=O)c1ccc4cc1.c14ccccc1.CC3C
purmorphamine	BRD-K73397362	c1ccc2c(Oc3nc(Nc4ccc(N5CCOCC5)cc4)c4ncn(C5CCCCC5)c4n3)cccc2c1	c16nc8c2ncn%11c2n1.c1ccc2c7cccc2c1.c19ccc%10cc1.N1%10CCOCC1.C1%11CCCCC1.O67.N89
corticosterone	BRD-K73589401	CC12CCC(=O)C=C1CCC1C2C(O)CC2(C)C(C(=O)CO)CCC12	CC12CCC(=O)C=C1CCC1C2C(O)CC2(C)C3CCC12.C3(=O)CO
nizatidine	BRD-K73589491	CNC(=C[N+](=O)[O-])NCCSCc1csc(CN(C)C)n1	CNC(=C[N+](=O)[O-])N2.c16csc7n1.C2C4.N3(C)C.S45.C56.C37
skatole	BRD-K73824630	Cc1c[nH]c2ccccc12	Cc1c[nH]c2ccccc12
cinacalcet	BRD-K73838513	CC(NCCCc1cccc(C(F)(F)F)c1)c1cccc2ccccc12	c15cccc2ccccc12.c16cccc7c1.C4CC6.C7(F)(F)F.CC35.N34
hydrocortisone	BRD-K73978287	CC12CCC(=O)C=C1CCC1C2C(O)CC2(C)C1CCC2(O)C(=O)COC(=O)CCC(=O)O	CC12CCC(=O)C=C1CCC1C2C(O)CC2(C)C1CCC25O.C3(=O)CCC(=O)O.C5(=O)C4.O34
BI-78D3	BRD-K73982490	O=[N+]([O-])c1cnc(Sc2nnc(O)n2-c2ccc3c(c2)OCCO3)s1	c14ccc2c(c1)OCCO2.O=[N+]([O-])c1cnc5s1.c16nnc(O)n14.S56
isoquercetin	BRD-K73991644	O=c1c(OC2OC(CO)C(O)C(O)C2O)c(-c2ccc(O)c(O)c2)oc2cc(O)cc(O)c12	O=c1c4c6oc2cc(O)cc(O)c12.C13OC5C(O)C(O)C1O.c16ccc(O)c(O)c1.O34.C5O
telmisartan	BRD-K73999723	CCCc1nc2c(C)cc(-c3nc4ccccc4n3C)cc2n1Cc1ccc(-c2ccccc2C(=O)O)cc1	c17nc2c(C)cc9cc2n16.c19nc2ccccc2n1C.c18ccc%10cc1.c1%10ccccc15.CCC7.C5(=O)O.C68
acetohydroxamic-acid	BRD-K74112339	O=C(Cc1ccccc1)NO	c12ccccc1.O=C(C2)NO
oligomycin-a	BRD-K74133369	CCC1C=CC=CCC(C)C(O)C(C)(O)C(=O)C(C)C(O)C(C)C(=O)C(C)C(O)C(C)C=CC(=O)OC2C(C)C(CC1)OC1(CCC(C)C(CC(C)O)O1)C2C	C14C=CC=CCC(C)C(O)C(C)(O)C(=O)C(C)C(O)C(C)C(=O)C(C)C(O)C(C)C=CC(=O)OC2C(C)C(CC1)OC1(CCC(C)C3O1)C2C.C3C(C)O.CC4
naftifine	BRD-K74141488	CN(CC=Cc1ccccc1)Cc1cccc2ccccc12	c16cccc2ccccc12.C=5c1ccccc1.CN34.C3C=5.C46
irsogladine	BRD-K74195153	Nc1nc(N)nc(-c2cc(Cl)ccc2Cl)n1	Nc1nc3nc(N)n1.c13cc(Cl)ccc1Cl
ergocryptine	BRD-K74212935	CC(C)CC1C(=O)N2CCCC2C2(O)OC(NC(=O)C3C=C4c5cccc6[nH]cc(c56)CC4N(C)C3)(C(C)C)C(=O)N12	C1%10C(=O)N2CCCC2C2(O)OC8%11C(=O)N12.C19C=C2c3cccc4[nH]cc(c34)CC2N(C)C1.CC(C)C%10.C79=O.C%11(C)C.N78
UNC-0321	BRD-K74236984	COc1cc2c(NC3CCN(C)CC3)nc(N3CCCN(C)CC3)nc2cc1OCCOCCN(C)C	c17cc2c%10nc%11nc2cc18.N1%11CCCN(C)CC1.C1%12CCN(C)CC1.C4C5.C6C9.N9(C)C.CO7.N%10%12.O48.O56
IKK-2-inhibitor-V	BRD-K74305673	O=C(Nc1cc(C(F)(F)F)cc(C(F)(F)F)c1)c1cc(Cl)ccc1O	c13cc5cc6c1.c14cc(Cl)ccc1O.C5(F)(F)F.C6(F)(F)F.O=C24.N23
NSC-632839	BRD-K74402642	Cc1ccc(C=C2CNCC(=Cc3ccc(C)cc3)C2=O)cc1	Cc1ccc(C=4)cc1.C1=4CNCC=5C1=O.C=5c1ccc(C)cc1
1,2-dichlorobenzene	BRD-K74430258	Clc1cccc(C=NC=Nc2cccc(Cl)c2)c1	Clc1cccc(C=NC=Nc2cccc(Cl)c2)c1
azithromycin	BRD-K74501079	CCC1OC(=O)C(C)C(OC2CC(C)(OC)C(O)C(C)O2)C(C)C(OC2OC(C)CC(N(C)C)C2O)C(C)(O)CC(C)CN(C)C(C)C(O)C1(C)O	C19OC(=O)C(C)C6C(C)C7C(C)(O)CC(C)CN(C)C(C)C(O)C1(C)O.C14CC3(C)C(O)C(C)O1.C15OC(C)CC8C1O.N8(C)C.CC9.O46.O3C.O57
pazopanib	BRD-K74514084	Cc1ccc(Nc2nccc(N(C)c3ccc4c(C)n(C)nc4c3)n2)cc1S(N)(=O)=O	Cc1ccc7cc1S(N)(=O)=O.c18ccc2c(C)n(C)nc2c1.c15nccc6n1.N68C.N57
APHA-compound-8	BRD-K74733595	Cn1cc(C(=O)Cc2ccccc2)cc1C=CC(=O)NO	Cn1cc3cc1C=4.c15ccccc1.C=4C(=O)NO.C3(=O)C5
WT-171	BRD-K74761218	O=C(CCCCCCC(=O)NN=Cc1ccc(N(c2ccccc2)c2ccccc2)cc1)NO	O=C(CCCCCCC(=O)NN=Cc1ccc3cc1)NO.c14ccccc1.c15ccccc1.N345
bosentan	BRD-K74763371	COc1ccccc1Oc1c(NS(=O)(=O)c2ccc(C(C)(C)C)cc2)nc(-c2ncccn2)nc1OCCO	S8(=O)(=O)c1ccc%10cc1.c17c4nc%11nc19.c15ccccc16.c1%11ncccn1.C%10(C)(C)C.C3CO.CO5.O67.N89.O34
tomelukast	BRD-K74765201	CCCc1c(OCCCCc2nnn[nH]2)ccc(C(C)=O)c1O	c17c4ccc5c1O.C3CCC6.c16nnn[nH]1.CCC7.C5(C)=O.O34
brinzolamide	BRD-K74913225	CCNC1CN(CCCOC)S(=O)(=O)c2sc(S(N)(=O)=O)cc21	N4C1CN5S(=O)(=O)c2sc(S(N)(=O)=O)cc21.C5CC3.CC4.O3C
procainamide	BRD-K75089421	CCN(CC)CCNC(=O)c1ccc(N)cc1	c17ccc(N)cc1.N345.C5C6.C27=O.CC3.C4C.N26
acetyl-geranygeranyl-cysteine	BRD-K75181824	CC(=O)NC(CSCC=C(C)CCC=C(C)CCC=C(C)CCC=C(C)C)C(=O)O	C2(C3)C(=O)O.C=5(C)CCC=6.C=6(C)CCC=7.C=7(C)CCC=8.CC1=O.C4C=5.C=8(C)C.N12.S34
alisertib	BRD-K75295174	COc1cc(Nc2ncc3c(n2)-c2ccc(Cl)cc2C(c2c(F)cccc2OC)=NC3)ccc1C(=O)O	c16ncc2c(n1)-c1ccc(Cl)cc1C(c1c5cccc1F)=NC2.c14cc7ccc18.C8(=O)O.CO4.N67.O5C
GS-39783	BRD-K75478907	CSc1nc(NC2CCCC2)c([N+](=O)[O-])c(NC2CCCC2)n1	c17nc3c([N+](=O)[O-])c4n1.C15CCCC1.C16CCCC1.CS7.N35.N46
FTI-276	BRD-K75532464	CSCCC(NC(=O)c1ccc(NCC(N)CS)cc1-c1ccccc1)C(=O)O	c17ccc6cc18.C5CC3C(=O)O.c18ccccc1.C4C(N)CS.C27=O.CS5.N23.N46
talipexole	BRD-K75615183	C=CCN1CCc2nc(N)sc2CC1	N13CCc2nc(N)sc2CC1.C=CC3
metoclopramide	BRD-K75641298	CCN(CC)CCNC(=O)c1cc(Cl)c(N)cc1OC	c18cc(Cl)c(N)cc13.N456.C6C7.C28=O.CC4.C5C.N27.O3C
rizatriptan	BRD-K75699339	CN(C)CCc1c[nH]c2ccc(Cn3cncn3)cc12	c16c[nH]c2ccc7cc12.n15cncn1.CN4C.C4C6.C57
pizotifen	BRD-K75958195	CN1CCC(=C2c3ccccc3CCc3sccc32)CC1	C1=4c2ccccc2CCc2sccc21.CN1CCC=4CC1
tyrphostin-AG-1296	BRD-K76064317	COc1cc2ncc(-c3ccccc3)nc2cc1OC	c14cc2ncc6nc2cc15.c16ccccc1.CO4.O5C
benzydamine	BRD-K76133116	NCc1ccccc1	c12ccccc1.NC2
losartan	BRD-K76205745	CCCCc1nc(Cl)c(CO)n1Cc1ccc(-c2ccccc2-c2nnn[nH]2)cc1	c14nc(Cl)c5n13.c16ccc8cc1.c18ccccc17.c17nnn[nH]1.CCCC4.C5O.C36
MAPP-D-erythro	BRD-K76274772	CCCCCCCCCCCCCC(=O)NC(C)C(O)c1ccccc1	CCCCCCCCCCCCCC2=O.c14ccccc1.C3(C)C4O.N23
phenazopyridine	BRD-K76304753	Nc1ccc(N=Nc2ccccc2)c(N)n1	Nc1ccc(N=Nc2ccccc2)c(N)n1
enrofloxacin	BRD-K76534306	CCN1CCN(c2cc3c(cc2F)c(=O)c(C(=O)O)cn3C2CC2)CC1	c15cc2c(cc1F)c(=O)c6cn27.N14CCN5CC1.C6(=O)O.C17CC1.CC4
PHTPP	BRD-K76568384	Oc1ccc(-c2c(-c3ccccc3)nn3c(C(F)(F)F)cc(C(F)(F)F)nc23)cc1	c17c6nn2c4cc5nc12.Oc1ccc7cc1.c16ccccc1.C4(F)(F)F.C5(F)(F)F
fraxetin	BRD-K76587808	COc1cc2ccc(=O)oc2c(O)c1O	c13cc2ccc(=O)oc2c(O)c1O.CO3
fasudil	BRD-K76617868	O=S(=O)(c1cccc2cnccc12)N1CCCNCC1	O=S3(=O)c1cccc2cnccc12.N13CCCNCC1
homoharringtonine	BRD-K76674262	COC(=O)CC(O)(CCCC(C)(C)O)C(=O)OC1C(OC)=CC23CCCN2CCc2cc4c(cc2C13)OCO4	C17C(OC)=CC23CCCN2CCc2cc4c(cc2C13)OCO4.C5(=O)CC(O)(CCCC(C)(C)O)C6=O.CO5.O67
HNHA	BRD-K76698671	O=C(CCCCCCSc1ccc2ccccc2c1)NO	O=C(CCCCCC3)NO.c14ccc2ccccc2c1.S34
isotretinoin	BRD-K76723084	CC(C=CC1=C(C)CCCC1(C)C)=CC=CC(C)=CC(=O)O	C=3C1=C(C)CCCC1(C)C.CC=2C=3.C=4C=5C.C=5C(=O)O.C=2C=4
nimesulide	BRD-K76775527	CS(=O)(=O)Nc1ccc([N+](=O)[O-])cc1Oc1ccccc1	c15ccc([N+](=O)[O-])cc12.c13ccccc1.CS4(=O)=O.N45.O23
SB-415286	BRD-K76805682	O=C1NC(=O)C(c2ccccc2[N+](=O)[O-])=C1Nc1ccc(O)c(Cl)c1	O=C1NC(=O)C(c2ccccc2[N+](=O)[O-])=C1N3.c13ccc(O)c(Cl)c1
nicergoline	BRD-K76810206	COC12CC(COC(=O)c3cncc(Br)c3)CN(C)C1Cc1cn(C)c3cccc2c13	C126CC8CN(C)C1Cc1cn(C)c3cccc2c13.c17cncc(Br)c1.C47=O.CO6.C58.O45
RS-17053	BRD-K76840893	CC(C)(Cc1c[nH]c2ccc(Cl)cc12)NCCOc1ccccc1OCC1CC1	c1%10c[nH]c2ccc(Cl)cc12.c15ccccc16.CC7(C)C%10.C8C3.C19CC1.N78.O35.O46.C49
benzanthrone	BRD-K76872913	O=C1c2ccccc2-c2cccc3cccc1c23	O=C1c2ccccc2-c2cccc3cccc1c23
VU-0418947-2	BRD-K76907295	c1ccc(-c2cccc(CNc3nc(-c4ccccn4)nnc3-c3ccccc3)c2)cc1	c16nc8nnc19.c1%10cccc7c1.c1ccc%10cc1.c18ccccn1.c19ccccc1.C57.N56
CP-724714	BRD-K76908866	COCC(=O)NCC=Cc1ccc2ncnc(Nc3ccc(Oc4ccc(C)nc4)c(C)c3)c2c1	C=%12c1ccc2ncnc%10c2c1.c1%11ccc7c(C)c1.c18ccc(C)nc1.C6C5=O.C9C=%12.CO6.N59.N%10%11.O78
WYE-354	BRD-K77008974	COC(=O)Nc1ccc(-c2nc(N3CCOCC3)c3cnn(C4CCN(C(=O)OC)CC4)c3n2)cc1	c1%12nc9c2cnn%11c2n1.c1%10ccc%12cc1.C1%11CCN8CC1.N19CCOCC1.C57=O.C68=O.CO5.N7%10.O6C
PD-169316	BRD-K77133231	O=[N+]([O-])c1ccc(-c2nc(-c3ccc(F)cc3)c(-c3ccncc3)[nH]2)cc1	O=[N+]([O-])c1ccc4cc1.c14nc5c6[nH]1.c15ccc(F)cc1.c16ccncc1
proxyfan	BRD-K77171813	c1ccc(COCCCc2cnc[nH]2)cc1	c1ccc6cc1.c15cnc[nH]1.C4CC5.C36.O34
calcifediol	BRD-K77175907	C=C1CCC(O)CC1=CC=C1CCCC2(C)C1CCC2C(C)CCCC(C)(C)O	C1=4CCCC2(C)C5CCC12.C5(C)CCCC(C)(C)O.C=C1CCC(O)CC1=3.C=3C=4
reversine	BRD-K77286328	c1nc2c(NC3CCCCC3)nc(Nc3ccc(N4CCOCC4)cc3)nc2[nH]1	c1nc2c5nc6nc2[nH]1.c17ccc8cc1.C19CCCCC1.N18CCOCC1.N59.N67
xanthohumol	BRD-K77390737	COc1cc(O)c(CC=C(C)C)c(O)c1C(=O)C=Cc1ccc(O)cc1	c12cc(O)c6c(O)c13.C=5c1ccc(O)cc1.C3(=O)C=5.C6C=4.C=4(C)C.CO2
etomoxir	BRD-K77625572	O=C(O)C1(CCCCCCOc2ccc(Cl)cc2)CO1	C6CCCCC3.c14ccc(Cl)cc1.C156CO1.O=C5O.O34
naphazoline	BRD-K77641333	c1ccc2c(CC3=NCCN3)cccc2c1	c1ccc2c4cccc2c1.C4C1=NCCN1
SB-200646	BRD-K77677632	Cn1ccc2cc(NC(=O)Nc3cccnc3)ccc21	Cn1ccc2cc6ccc21.c17cccnc1.C45=O.N46.N57
tiabendazole	BRD-K77695569	c1ccc2[nH]c(-c3cscn3)nc2c1	c1ccc2[nH]c4nc2c1.c14cscn1
moxonidine	BRD-K77771411	COc1nc(C)nc(Cl)c1NC1=NCCN1	c12nc(C)nc(Cl)c13.N3C1=NCCN1.CO2
hydroxyfasudil	BRD-K77793136	O=S(=O)(c1cccc2c(O)nccc12)N1CCCNCC1	O=S3(=O)c1cccc2c(O)nccc12.N13CCCNCC1
entinostat	BRD-K77908580	Nc1ccccc1NC(=O)c1ccc(CNC(=O)OCc2cccnc2)cc1	Nc1ccccc18.c19ccc%10cc1.c1%11cccnc1.C49=O.C35=O.N48.C7%10.N57.O36.C6%11
quipazine	BRD-K77925998	c1ccc2nc(N3CCNCC3)ccc2c1	c1ccc2nc4ccc2c1.N14CCNCC1
fluspirilene	BRD-K77947974	O=C1NCN(c2ccccc2)C12CCN(CCCC(c1ccc(F)cc1)c1ccc(F)cc1)CC2	O=C1NCN4C12CCN3CC2.c15ccc(F)cc1.c16ccc(F)cc1.c14ccccc1.C3CCC56
mebendazole	BRD-K77987382	COC(=O)Nc1nc2ccc(C(=O)c3ccccc3)cc2[nH]1	c16nc2ccc7cc2[nH]1.c18ccccc1.C45=O.C78=O.CO4.N56
ganglioside	BRD-K77998258	COC(=O)c1c(OC)cc2c(c1C)Oc1c(Cl)c(OC(C)=O)c(Cl)c(C)c1C(=O)O2	c17c5cc2c(c1C)Oc1c(Cl)c6c(Cl)c(C)c1C(=O)O2.C37=O.C4(C)=O.CO3.O5C.O46
W-12	BRD-K78084463	NCCCCNS(=O)(=O)c1ccc2ccccc2c1	S4(=O)(=O)c1ccc2ccccc2c1.NCCCC3.N34
NNC-55-0396	BRD-K78122587	CC(C)C1c2ccc(F)cc2CCC1(CCN(C)CCCc1nc2ccccc2[nH]1)OC(=O)C1CC1	CC(C)C1c2ccc(F)cc2CCC149.c18nc2ccccc2[nH]1.C6CC8.C9C5.N56C.C37=O.C17CC1.O34
menadione	BRD-K78126613	CC1=CC(=O)c2ccccc2C1=O	CC1=CC(=O)c2ccccc2C1=O
NM-PP1	BRD-K78278890	CC(C)(C)n1nc(Cc2cccc3ccccc23)c2c(N)ncnc21	n14nc5c2c(N)ncnc21.c16cccc2ccccc12.CC4(C)C.C56
anandamide	BRD-K78280988	CCCCCC=CCC=CCC=CCCCCCCC(=O)NCCO	C=5CCCCCCC1=O.CCCCCC=3.C=3CC=4.C=4CC=5.C2CO.N12
osthol	BRD-K78294846	COc1ccc2ccc(=O)oc2c1CC=C(C)C	c13ccc2ccc(=O)oc2c15.C5C=4.C=4(C)C.CO3
Ro-3306	BRD-K78373679	O=C1N=C(NCc2cccs2)SC1=Cc1ccc2ncccc2c1	C=4c1ccc2ncccc2c1.O=C1N=C(N3)SC1=4.c15cccs1.C35
crizotinib	BRD-K78431006	CC(Oc1cc(-c2cnn(C3CCNCC3)c2)cnc1N)c1c(Cl)ccc(F)c1Cl	c16c(Cl)ccc(F)c1Cl.c15cc8cnc1N.c18cnn7c1.C17CCNCC1.CC46.O45
olmesartan-medoxomil	BRD-K78485176	CCCc1nc(C(C)(C)O)c(C(=O)OCc2oc(=O)oc2C)n1Cc1ccc(-c2ccccc2-c2nn[nH]n2)cc1	c18nc9c6n17.c1%10oc(=O)oc1C.c1%11ccc4cc1.c14ccccc1%12.c1%12nn[nH]n1.C9(C)(C)O.CCC8.C36=O.O35.C5%10.C7%11
manumycin-a	BRD-K78599730	CCCCC(C)C=C(C)C=C(C)C(=O)NC1=CC(O)(C=CC=CC=CC(=O)NC2C(=O)CCC2=O)C2OC2C1=O	N3C1=CC(O)(C=8)C2OC2C1=O.CCCCC(C)C=6.C15C(=O)CCC1=O.C=7(C)C3=O.C=6(C)C=7.C=%10C4=O.C=8C=9.C=9C=%10.N45
EXO-1	BRD-K78633253	COC(=O)c1ccccc1NC(=O)c1ccc(F)cc1	c15ccccc14.c16ccc(F)cc1.C25=O.C36=O.CO2.N34
LY-320135	BRD-K78637815	COc1ccc(-c2oc3cc(OC)ccc3c2C(=O)c2ccc(C#N)cc2)cc1	c18oc2cc5ccc2c16.c17ccc(C#N)cc1.c14ccc8cc1.C67=O.CO4.O5C
ixazomib	BRD-K78659596	CC(C)CC(NC(=O)CNC(=O)c1cc(Cl)ccc1Cl)B(O)O	CC(C)CC4B(O)O.c16cc(Cl)ccc1Cl.C2(=O)C5.C36=O.N24.N35
leflunomide	BRD-K78692225	Cc1oncc1C(=O)Nc1ccc(C(F)(F)F)cc1	c13ccc5cc1.Cc1oncc14.C5(F)(F)F.C24=O.N23
austricine	BRD-K78838262	CC1=CC(=O)C2=C(C)CC(O)C3C(C)C(=O)OC3C12	CC1=CC(=O)C2=C(C)CC(O)C3C(C)C(=O)OC3C12
FPL-64176	BRD-K78959463	COC(=O)c1c(C)[nH]c(C)c1C(=O)c1ccccc1Cc1ccccc1	c13c(C)[nH]c(C)c14.c15ccccc16.c17ccccc1.C23=O.C45=O.CO2.C67
CGP-60474	BRD-K79090631	OCCCNc1cc(-c2ccnc(Nc3cccc(Cl)c3)n2)ccn1	c15cc8ccn1.c18ccnc6n1.c17cccc(Cl)c1.OCCC4.N45.N67
nitrofural	BRD-K79092138	NC(=O)NN=Cc1ccc([N+](=O)[O-])o1	NC(=O)NN=Cc1ccc([N+](=O)[O-])o1
proxymetacaine	BRD-K79116891	CCCOc1ccc(C(=O)OCCN(CC)CC)cc1N	c15ccc9cc1N.CCC3.C29=O.C4C6.N678.O35.O24.C7C.C8C
ioxaglic-acid	BRD-K79124250	CNC(=O)c1c(I)c(C(=O)NCC(=O)Nc2c(I)c(C(=O)O)c(I)c(C(=O)NCCO)c2I)c(I)c(N(C)C(C)=O)c1I	c14c(I)c%15c(I)c5c1I.c1%14c(I)c6c(I)c7c1I.C%12C9=O.C34=O.C85=O.C6(=O)O.C%107=O.C%13CO.N%11%15C.C%11(C)=O.CN3.N8%12.N9%14.N%10%13
albendazole	BRD-K79131256	CCCSc1ccc2[nH]c(NC(=O)OC)nc2c1	c17ccc2[nH]c6nc2c1.CCC5.C34=O.S57.N46.O3C
dibenzepin	BRD-K79145749	CN(C)CCN1C(=O)c2ccccc2N(C)c2ccccc21	C3CN1C(=O)c2ccccc2N(C)c2ccccc21.CN3C
decitabine	BRD-K79254416	Nc1ncn(C2CC(O)C(CO)O2)c(=O)n1	Nc1ncn4c(=O)n1.C14CC(O)C3O1.C3O
indolophenanthridine	BRD-K79353516	CN1Cc2ccccc2C2c3cccc4[nH]cc(c34)CC21	CN1Cc2ccccc2C2c3cccc4[nH]cc(c34)CC21
PSB-069	BRD-K79366068	Nc1c(S(=O)(=O)O)cc(Nc2ccc(Cl)cc2)c2c1C(=O)c1ccccc1C2=O	Nc1c(S(=O)(=O)O)cc3c2c1C(=O)c1ccccc1C2=O.c14ccc(Cl)cc1.N34
enzastaurin	BRD-K79404599	Cn1cc(C2=C(c3cn(C4CCN(Cc5ccccn5)CC4)c4ccccc34)C(=O)NC2=O)c2ccccc21	Cn1cc(C2=C(c3cn8c4ccccc34)C(=O)NC2=O)c2ccccc21.C18CCN6CC1.c17ccccn1.C67
benperidol	BRD-K79425933	O=C(CCCN1CCC(n2c(=O)[nH]c3ccccc32)CC1)c1ccc(F)cc1	n16c(=O)[nH]c2ccccc21.N14CCC6CC1.c15ccc(F)cc1.O=C5CCC4
acetyl-farnesyl-cysteine	BRD-K79437791	CC(=O)NC(CSCC=C(C)CCC=C(C)CCC=C(C)C)C(=O)O	C2(C3)C(=O)O.C=5(C)CCC=6.C=6(C)CCC=7.CC1=O.C4C=5.C=7(C)C.N12.S34
metformin	BRD-K79602928	CN(C)C(=N)NC(=N)N	CN(C)C(=N)NC(=N)N
Ro-10-5824	BRD-K79684402	Cc1ncc(CN2CC=C(c3ccccc3)CC2)c(N)n1	N14CC=C(c2ccccc2)CC1.Cc1ncc5c(N)n1.C45
PF-543	BRD-K79877282	Cc1cc(CS(=O)(=O)c2ccccc2)cc(OCc2ccc(CN3CCCC3CO)cc2)c1	C8S(=O)(=O)c1ccccc1.Cc1cc5cc8c1.c19ccc%10cc1.N16CCCC17.O45.C49.C6%10.C7O
GW-583340	BRD-K79930101	CS(=O)(=O)CCNCc1nc(-c2ccc3ncnc(Nc4ccc(OCc5cccc(F)c5)c(Cl)c4)c3c2)cs1	c1%14ccc2ncnc%10c2c1.c1%11ccc7c(Cl)c1.c1%13cccc(F)c1.CS(=O)(=O)CC8.c1%12nc%14cs1.N89.C9%12.N%10%11.O67.C6%13
DPPE	BRD-K80315159	CCN(CC)CCOc1ccc(Cc2ccccc2)cc1	c14ccc8cc1.c19ccccc1.N567.C7C3.CC5.C6C.O34.C89
eicosadienoic-acid	BRD-K80325895	CCCCCC=CCC=CCCCCCCCCCC(=O)O	C=2CCCCCCCCCC(=O)O.CCCCCC=1.C=1CC=2
cephaeline	BRD-K80348542	CCC1CN2CCc3cc(OC)c(OC)cc3C2CC1CC1NCCc2cc(O)c(OC)cc21	C17CN2CCc3cc4c5cc3C2CC18.C8C1NCCc2cc(O)c6cc21.CC7.O4C.O5C.O6C
gliquidone	BRD-K80396088	COc1ccc2c(c1)C(=O)N(CCc1ccc(S(=O)(=O)NC(=O)NC3CCCCC3)cc1)C(=O)C2(C)C	c16ccc2c(c1)C(=O)N9C(=O)C2(C)C.c1%10ccc(S7(=O)=O)cc1.C18CCCCC1.C9C%10.C45=O.CO6.N47.N58
triciribine	BRD-K80431395	CN1N=C(N)c2cn(C3OC(CO)C(O)C3O)c3ncnc1c23	CN1N=C(N)c2cn5c3ncnc1c23.C15OC4C(O)C1O.C4O
zamifenacin	BRD-K80451230	c1ccc(C(OC2CCCN(CCc3ccc4c(c3)OCO4)C2)c2ccccc2)cc1	c1%10ccc2c(c1)OCO2.C16CCCN7C1.c1ccc8cc1.c19ccccc1.C589.C7C%10.O56
triacsin-c	BRD-K80527266	CCCC=CCC=CC=CC=NN[NH2+][O-]	C=3C=NN[NH2+][O-].CCCC=1.C=1CC=2.C=2C=3
SB-258585	BRD-K80639402	COc1ccc(NS(=O)(=O)c2ccc(I)cc2)cc1N1CCN(C)CC1	S4(=O)(=O)c1ccc(I)cc1.c13ccc5cc16.N16CCN(C)CC1.CO3.N45
M2-PK-activator	BRD-K80672993	Nc1cccc(S(=O)(=O)N2CCCN(S(=O)(=O)c3ccc4c(c3)OCCO4)CC2)c1	S6(=O)(=O)c1ccc2c(c1)OCCO2.Nc1cccc(S5(=O)=O)c1.N15CCCN6CC1
lavendustin-c	BRD-K80725632	O=C(O)c1cc(NCc2cc(O)ccc2O)ccc1O	c15cc4ccc1O.c16cc(O)ccc1O.O=C5O.N34.C36
RS-16566	BRD-K80725821	CC(C)n1cnc2c(C(=O)NC3CN4CCC3CC4)cc(Cl)cc21	n18cnc2c7cc(Cl)cc21.C16CN2CCC1CC2.CC8C.C57=O.N56
resveratrol	BRD-K80738081	Oc1ccc(C=Cc2cc(O)cc(O)c2)cc1	C=3c1cc(O)cc(O)c1.Oc1ccc(C=3)cc1
Ro-19-4605	BRD-K80778372	CN1Cc2c(C(=O)OC(C)(C)C)ncn2-c2ccsc2C1=O	CN1Cc2c5ncn2-c2ccsc2C1=O.C4(C)(C)C.C35=O.O34
pyrrolidine-dithiocarbamate	BRD-K80970344	S=C(S)N1CCCC1	S=C(S)N1CCCC1
taurocholic-acid	BRD-K81062487	CC(CCC(=O)NCCS(=O)(=O)O)C1CCC2C3C(O)CC4CC(O)CCC4(C)C3CC(O)C12C	C17CCC2C3C(O)CC4CC(O)CCC4(C)C3CC(O)C12C.CC7CCC5=O.C6CS(=O)(=O)O.N56
edrophonium	BRD-K81128206	CC[N+](C)(C)c1cccc(O)c1	c13cccc(O)c1.[N+]23(C)C.CC2
cerivastatin	BRD-K81169441	COCc1c(C(C)C)nc(C(C)C)c(C=CC(O)CC(O)CC(=O)O)c1-c1ccc(F)cc1	c16c4nc5c(C=3)c17.C=3C(O)CC(O)CC(=O)O.c17ccc(F)cc1.C4(C)C.C5(C)C.CO2.C26
herniarin	BRD-K81209159	COc1ccc2ccc(=O)oc2c1	c13ccc2ccc(=O)oc2c1.CO3
AG-494	BRD-K81209512	N#CC(=Cc1ccc(O)c(O)c1)C(=O)Nc1ccccc1	C=4c1ccc(O)c(O)c1.N#CC=4C2=O.c13ccccc1.N23
SCH-58261	BRD-K81225797	Nc1nc2c(cnn2CCc2ccccc2)c2nc(-c3ccco3)nn12	Nc1nc2c(cnn24)c2nc6nn12.c15ccccc1.c16ccco1.C4C5
dantrolene	BRD-K81272440	O=C1CN(N=Cc2ccc(-c3ccc([N+](=O)[O-])cc3)o2)C(=O)N1	O=C1CN(N=Cc2ccc4o2)C(=O)N1.c14ccc([N+](=O)[O-])cc1
TCS-359	BRD-K81376179	COc1ccc(C(=O)Nc2sc3c(c2C(N)=O)CCCC3)cc1OC	c17sc2c(c19)CCCC2.c15ccc8cc16.C48=O.C9(N)=O.CO5.N47.O6C
vorinostat	BRD-K81418486	O=C(CCCCCCC(=O)Nc1ccccc1)NO	O=C(CCCCCCC2=O)NO.c13ccccc1.N23
tacrine	BRD-K81473089	Nc1c2c(nc3ccccc13)CCCC2	Nc1c2c(nc3ccccc13)CCCC2
dicyclohexylurea	BRD-K81521265	O=C(NC1CCCCC1)NC1CCCCC1	C14CCCCC1.C15CCCCC1.O=C23.N24.N35
nilotinib	BRD-K81528515	Cc1cn(-c2cc(NC(=O)c3ccc(C)c(Nc4nccc(-c5cccnc5)n4)c3)cc(C(F)(F)F)c2)cn1	c1%12cc8cc%11c1.c1%10ccc(C)c9c1.c17nccc%13n1.Cc1cn%12cn1.c1%13cccnc1.C%11(F)(F)F.C6%10=O.N68.N79
halcinonide	BRD-K81709173	CC1(C)OC2CC3C4CCC5=CC(=O)CCC5(C)C4(F)C(O)CC3(C)C2(C(=O)CCl)O1	CC1(C)OC2CC3C4CCC5=CC(=O)CCC5(C)C4(F)C(O)CC3(C)C26O1.C6(=O)CCl
AQ-RA741	BRD-K81729199	CCN(CC)CCCCC1CCN(CC(=O)N2c3ccccc3C(=O)Nc3cccnc32)CC1	N14c2ccccc2C(=O)Nc2cccnc21.C19CCN8CC1.C7CCC9.C8C4=O.N567.CC5.C6C
VX-222	BRD-K81783531	CC1CCC(C(=O)N(c2cc(C#CC(C)(C)C)sc2C(=O)O)C2CCC(O)CC2)CC1	c14cc(C#CC(C)(C)C)sc16.CC1CCC7CC1.C15CCC(O)CC1.C37=O.N345.C6(=O)O
estrone	BRD-K81839095	CC12CCC3c4ccc(O)cc4CCC3C1CCC2=O	CC12CCC3c4ccc(O)cc4CCC3C1CCC2=O
scandenin	BRD-K81847782	COc1c(CC=C(C)C)c2c(c3oc(=O)c(-c4ccc(O)cc4)c(O)c13)C=CC(C)(C)O2	c15c7c2c(c3oc(=O)c8c(O)c13)C=CC(C)(C)O2.c18ccc(O)cc1.C7C=6.C=6(C)C.CO5
roxatidine-acetate	BRD-K81855038	CC(=O)OCC(=O)NCCCOc1cccc(CN2CCCCC2)c1	c17cccc%10c1.N19CCCCC1.C5C4=O.C8CC6.CC3=O.O35.N48.O67.C9%10
CP-93129	BRD-K81876028	O=c1ccc2[nH]cc(C3=CCNCC3)c2[nH]1	O=c1ccc2[nH]cc(C3=CCNCC3)c2[nH]1
triclabendazole	BRD-K81916719	CSc1nc2cc(Cl)c(Oc3cccc(Cl)c3Cl)cc2[nH]1	c16nc2cc(Cl)c4cc2[nH]1.c15cccc(Cl)c1Cl.CS6.O45
sertraline	BRD-K82036761	CNC1CCC(c2ccc(Cl)c(Cl)c2)c2ccccc21	CNC1CCC(c2ccc(Cl)c(Cl)c2)c2ccccc21
SB-239063	BRD-K82091397	COc1nccc(-c2c(-c3ccc(F)cc3)ncn2C2CCC(O)CC2)n1	c14nccc6n1.c16c7ncn15.c17ccc(F)cc1.C15CCC(O)CC1.CO4
vincristine	BRD-K82109576	CCC1(O)CC2CN(CCc3c([nH]c4ccccc34)C(C(=O)OC)(c3cc4c(cc3OC)N(C=O)C3C(O)(C(=O)OC)C(OC(C)=O)C5(CC)C=CCN6CCC43C65)C2)C1	C1%13(O)CC2CN(CCc3c([nH]c4ccccc34)C(C7=O)(c3cc4c(cc3%11)N(C=O)C3C%12(O)C%10C5%14C=CCN6CCC43C65)C2)C1.C8%12=O.C9(C)=O.CC%13.O7C.O%11C.O8C.O9%10.C%14C
elesclomol	BRD-K82135108	CN(NC(=O)CC(=O)NN(C)C(=S)c1ccccc1)C(=S)c1ccccc1	CN(NC(=O)CC(=O)NN(C)C(=S)c1ccccc1)C(=S)c1ccccc1
flucytosine	BRD-K82143716	Nc1nc(=O)[nH]cc1F	Nc1nc(=O)[nH]cc1F
lofepramine	BRD-K82147103	CN(CCCN1c2ccccc2CCc2ccccc21)CC(=O)c1ccc(Cl)cc1	N14c2ccccc2CCc2ccccc21.c16ccc(Cl)cc1.C3CC4.C5C6=O.CN35
andarine	BRD-K82164249	CC(=O)Nc1ccc(OCC(C)(O)C(=O)Nc2ccc([N+](=O)[O-])c(C(F)(F)F)c2)cc1	c18ccc([N+](=O)[O-])c9c1.c17ccc6cc1.C5C(C)(O)C4=O.C9(F)(F)F.CC3=O.N37.O56.N48
medroxyprogesterone	BRD-K82216340	CC(=O)OC1(C(C)=O)CCC2C3CC(C)C4=CC(=O)CCC4(C)C3CCC21C	C167CCC2C3CC(C)C4=CC(=O)CCC4(C)C3CCC21C.CC5=O.C7(C)=O.O56
propofol	BRD-K82255054	CC(C)c1cccc(C(C)C)c1O	c12cccc3c1O.CC2C.C3(C)C
desloratadine	BRD-K82357231	Clc1ccc2c(c1)CCc1cccnc1C2=C1CCNCC1	Clc1ccc2c(c1)CCc1cccnc1C2=3.C1=3CCNCC1
acetylcholine	BRD-K82381502	CC(=O)OCC[N+](C)(C)C	[N+]3(C)(C)C.CC1=O.C2C3.O12
carmoxirole	BRD-K82484965	O=C(O)c1ccc2[nH]cc(CCCCN3CC=C(c4ccccc4)CC3)c2c1	N15CC=C(c2ccccc2)CC1.c16ccc2[nH]cc7c2c1.C7CCC5.O=C6O
ricinine	BRD-K82561139	COc1ccn(C)c(=O)c1C#N	c12ccn(C)c(=O)c1C#N.CO2
tolmetin	BRD-K82562631	Cc1ccc(C(=O)c2ccc(CC(=O)O)n2C)cc1	Cc1ccc4cc1.c13ccc5n1C.C5C(=O)O.C34=O
dipropyl-dopamine	BRD-K82577285	CCCN(CCC)CCc1ccc(O)c(O)c1	c15ccc(O)c(O)c1.CCC2.N234.C3CC.C4C5
RG-13022	BRD-K82688027	COc1ccc(C=C(C#N)c2cccnc2)cc1OC	c13ccc(C=5)cc14.C=5(C#N)c1cccnc1.CO3.O4C
olomoucine	BRD-K82731415	Cn1cnc2c(NCc3ccccc3)nc(NCCO)nc21	Cn1cnc2c6nc7nc21.c18ccccc1.C5CO.N46.C48.N57
navitoclax	BRD-K82746043	CC1(C)CCC(c2ccc(Cl)cc2)=C(CN2CCN(c3ccc(C(=O)NS(=O)(=O)c4ccc(NC(CCN5CCOCC5)CSc5ccccc5)c(S(=O)(=O)C(F)(F)F)c4)cc3)CC2)C1	S%12(=O)(=O)c1ccc%14c(S(=O)(=O)C(F)(F)F)c1.CC1(C)CCC(c2ccc(Cl)cc2)=C(C8)C1.N18CCN%13CC1.c1%13ccc%15cc1.C9(C%11)CC%10.N1%10CCOCC1.c17ccccc1.C6%15=O.N6%12.N9%14.S%117
loratadine	BRD-K82795137	CCOC(=O)N1CCC(=C2c3ccc(Cl)cc3CCc3cccnc32)CC1	C1=7c2ccc(Cl)cc2CCc2cccnc21.N15CCC=7CC1.C45=O.CC6.O46
Ro-15-4513	BRD-K82823076	CCOC(=O)c1ncn2c1CN(C)C(=O)c1cc(N=[N+]=[N-])ccc1-2	c15ncn2c1CN(C)C(=O)c1cc(N=[N+]=[N-])ccc1-2.C35=O.CC4.O34
PD-407824	BRD-K82823804	O=C1NC(=O)c2c1c(-c1ccccc1)cc1[nH]c3ccc(O)cc3c21	O=C1NC(=O)c2c1c4cc1[nH]c3ccc(O)cc3c21.c14ccccc1
repaglinide	BRD-K82846253	CCOc1cc(CC(=O)NC(CC(C)C)c2ccccc2N2CCCCC2)ccc1C(=O)O	c15cc9ccc18.c1%10ccccc17.C6%10CC(C)C.N17CCCCC1.C9C3=O.C8(=O)O.CC4.O45.N36
prostaglandin-b2	BRD-K82865713	CCCCCC(O)C=CC1=C(CC=CCCCC(=O)O)C(=O)CC1	C=2C1=C(CC=3)C(=O)CC1.CCCCCC(O)C=2.C=3CCCC(=O)O
rosuvastatin	BRD-K82941592	CC(C)c1nc(N(C)S(C)(=O)=O)nc(-c2ccc(F)cc2)c1C=CC(O)CC(O)CC(=O)O	c16nc4nc7c1C=5.C=5C(O)CC(O)CC(=O)O.c17ccc(F)cc1.S3(C)(=O)=O.CC6C.N34C
GW-0742	BRD-K82983861	Cc1cc(SCc2sc(-c3ccc(C(F)(F)F)c(F)c3)nc2C)ccc1OCC(=O)O	Cc1cc9ccc15.c1%10ccc8c(F)c1.c17sc%10nc1C.C8(F)(F)F.C4C(=O)O.S69.C67.O45
VU-0415374-1	BRD-K83010055	COc1cc(NC(=O)c2ccccn2)ccc1NC(=O)c1ccccc1Cl	c15cc6ccc17.c19ccccc1Cl.c18ccccn1.C38=O.C49=O.CO5.N36.N47
GR-135531	BRD-K83023055	COC(=O)Nc1ccc2[nH]cc(CCNC(C)=O)c2c1	c17ccc2[nH]cc8c2c1.C34=O.C8C6.C5(C)=O.CO3.N47.N56
RS-102895	BRD-K83063356	O=C1Nc2ccccc2C2(CCN(CCc3ccc(C(F)(F)F)cc3)CC2)O1	O=C1Nc2ccccc2C2(CCN4CC2)O1.c15ccc6cc1.C6(F)(F)F.C4C5
olmesartan	BRD-K83144676	CCCc1nc(C(C)(C)O)c(C(=O)O)n1Cc1ccc(-c2ccccc2-c2nn[nH]n2)cc1	c15nc6c3n14.c17ccc9cc1.c19ccccc18.c18nn[nH]n1.C6(C)(C)O.CCC5.C3(=O)O.C47
CAY-10618	BRD-K83289131	O=C(CCCCCCCn1cc(-c2cccnc2)nn1)Nc1ccccc1-c1ccccc1	O=C3CCCCCCC5.c14ccccc17.n15cc6nn1.c16cccnc1.c17ccccc1.N34
protopine	BRD-K83302049	CN1CCc2cc3c(cc2C(=O)Cc2ccc4c(c2C1)OCO4)OCO3	CN1CCc2cc3c(cc2C(=O)Cc2ccc4c(c2C1)OCO4)OCO3
L-693403	BRD-K83322645	c1ccc(CN2CCC3(CCc4ccccc43)CC2)cc1	N15CCC2(CCc3ccccc32)CC1.c1ccc6cc1.C56
FK-888	BRD-K83508485	CN(Cc1ccccc1)C(=O)C(Cc1ccc2ccccc2c1)NC(=O)C1CC(O)CN1C(=O)c1cn(C)c2ccccc12	c1%11ccc2ccccc2c1.c19cn(C)c2ccccc12.C18CC(O)CN15.c1%10ccccc1.C3(=O)C7C%11.CN36.C48=O.C59=O.C6%10.N47
pargyline	BRD-K83597974	C#CCN(C)Cc1ccccc1	c14ccccc1.C#CC2.N23C.C34
entacapone	BRD-K83636919	CCN(CC)C(=O)C(C#N)=Cc1cc(O)c(O)c([N+](=O)[O-])c1	C=5c1cc(O)c(O)c([N+](=O)[O-])c1.C2(=O)C=5C#N.N234.CC3.C4C
SANT-1	BRD-K83637872	Cc1nn(-c2ccccc2)c(C)c1C=NN1CCN(Cc2ccccc2)CC1	Cc1nn5c(C)c1C=NN1CCN3CC1.c15ccccc1.c14ccccc1.C34
pirarubicin	BRD-K83794624	COc1cccc2c1C(=O)c1c(O)c3c(c(O)c1C2=O)CC(O)(C(=O)CO)CC3OC1CC(N)C(OC2CCCCO2)C(C)O1	c17cccc2c1C(=O)c1c(O)c3c(c(O)c1C2=O)CC8(O)CC3O4.C14CC(N)C6C(C)O1.C15CCCCO1.C8(=O)CO.CO7.O56
JNJ-26481585	BRD-K83837640	Cn1cc(CNCC2CCN(c3ncc(C(=O)NO)cn3)CC2)c2ccccc21	Cn1cc9c2ccccc21.C18CCN6CC1.c16ncc7cn1.C7(=O)NO.C49.N45.C58
MLN-8054	BRD-K83963101	O=C(O)c1ccc(Nc2ncc3c(n2)-c2ccc(Cl)cc2C(c2c(F)cccc2F)=NC3)cc1	c14ncc2c(n1)-c1ccc(Cl)cc1C(c1c(F)cccc1F)=NC2.c16ccc5cc1.O=C6O.N45
JWE-035	BRD-K83972459	CCN1CCN(Cc2ccc(Nc3ncc4c(n3)N(C)c3ccccc3C(=O)N4C)cc2C(F)(F)F)CC1	c17ncc2c(n1)N(C)c1ccccc1C(=O)N2C.c19ccc8cc1%10.N15CCN6CC1.C%10(F)(F)F.CC5.C69.N78
alvespimycin	BRD-K83988098	COC1C=CC=C(C)C(=O)NC2=CC(=O)C(NCCN(C)C)=C(CC(C)CC(OC)C(O)C(C)C=C(C)C1OC(N)=O)C2=O	C14C=CC=C(C)C(=O)NC2=CC(=O)C(N7)=C(CC(C)CC5C(O)C(C)C=C(C)C16)C2=O.C7C8.N8(C)C.C3(N)=O.CO4.O5C.O36
CG-930	BRD-K84085265	OC1CCC(Nc2ncc3nc(Nc4c(F)cc(F)cc4F)n(C4CCOC4)c3n2)CC1	c15ncc2nc6n9c2n1.c17c(F)cc(F)cc1F.OC1CCC8CC1.C19CCOC1.N58.N67
VU-0400193-3	BRD-K84141129	O=C(Nc1ccc(N2C(=O)CC3(CCCCC3)C2=O)c(Cl)c1)c1ccccn1	N17C(=O)CC2(CCCCC2)C1=O.c15ccc7c(Cl)c1.c16ccccn1.O=C46.N45
pseudoephedrine	BRD-K84175871	CNC(C)C(O)c1ccccc1	c13ccccc1.C2(C)C3O.CN2
BRL-50481	BRD-K84266862	Cc1ccc([N+](=O)[O-])cc1S(=O)(=O)N(C)C	Cc1ccc([N+](=O)[O-])cc1S2(=O)=O.N2(C)C
fenpiverinium	BRD-K84566043	C[N+]1(CCC(C(N)=O)(c2ccccc2)c2ccccc2)CCCCC1	C3CC45C(N)=O.C[N+]13CCCCC1.c14ccccc1.c15ccccc1
strophanthidin	BRD-K84595254	CC12CCC3C(CCC4(O)CC(O)CCC34C=O)C1(O)CCC2C1=CC(=O)OC1	CC12CCC3C(CCC4(O)CC(O)CCC34C=O)C1(O)CCC2C1=CC(=O)OC1
safinamide	BRD-K84639753	CC(NCc1ccc(OCc2cccc(F)c2)cc1)C(N)=O	c17ccc4cc1.c18cccc(F)c1.CC5C(N)=O.N56.C67.O34.C38
trequinsin	BRD-K84663978	COc1cc2c(cc1OC)-c1cc(=Nc3c(C)cc(C)cc3C)n(C)c(=O)n1CC2	c14cc2c(cc15)-c1cc(=Nc3c(C)cc(C)cc3C)n(C)c(=O)n1CC2.CO4.O5C
caffeic-acid	BRD-K84709232	O=C(C=Cc1ccc(O)c(O)c1)OCCc1ccccc1	C=4c1ccc(O)c(O)c1.c15ccccc1.O=C2C=4.C3C5.O23
BMY-45778	BRD-K84895041	O=C(O)COc1cccc(-c2ocnc2-c2nc(-c3ccccc3)c(-c3ccccc3)o2)c1	c15cccc7c1.c16nc8c9o1.c17ocnc16.c18ccccc1.c19ccccc1.O=C(O)C4.O45
hyperoside	BRD-K84955386	O=c1c(OC2OC(CO)C(O)C(O)C2O)c(-c2ccc(O)c(O)c2)oc2cc(O)cc(O)c12	O=c1c4c6oc2cc(O)cc(O)c12.C13OC5C(O)C(O)C1O.c16ccc(O)c(O)c1.O34.C5O
MDM2-inhibitor	BRD-K84987553	O=C(C=Cc1ccc(I)cc1)c1ccc(B(O)O)cc1	c12ccc(B(O)O)cc1.C=3c1ccc(I)cc1.O=C2C=3
sinensetin	BRD-K84996949	COc1ccc(-c2cc(=O)c3c(OC)c(OC)c(OC)cc3o2)cc1OC	c19cc(=O)c2c5c6c7cc2o1.c14ccc9cc18.CO4.O5C.O6C.O7C.O8C
auraptene	BRD-K85013741	CC(C)=CCCC(C)=CCOc1ccc2ccc(=O)oc2c1	c14ccc2ccc(=O)oc2c1.C=5CCC=6C.CC=5C.C=6C3.O34
NNC-05-2090	BRD-K85015012	COc1ccccc1C1(O)CCN(CCCn2c3ccccc3c3ccccc32)CC1	n16c2ccccc2c2ccccc21.C17(O)CCN5CC1.c14ccccc17.C5CC6.CO4
benactyzine	BRD-K85030058	CCN(CC)CCOC(=O)C(O)(c1ccccc1)c1ccccc1	C2(=O)C78O.c17ccccc1.c18ccccc1.N456.C6C3.CC4.C5C.O23
pilocarpine	BRD-K85090592	CCC1C(=O)OCC1Cc1cncn1C	C13C(=O)OCC14.c12cncn1C.CC3.C24
tolbutamide	BRD-K85119730	CCCCNC(=O)NS(=O)(=O)c1ccc(C)cc1	S5(=O)(=O)c1ccc(C)cc1.CCCC4.C23=O.N24.N35
HDAC1-selective	BRD-K85133207	CC(=O)NC1CC(C(=O)Nc2cc(-c3ccc(F)cc3)ccc2N)C1	c16cc9ccc1N.c19ccc(F)cc1.C17CC8C1.CC4=O.C58=O.N47.N56
beta-CCP	BRD-K85242180	CCCOC(=O)c1cc2c(cn1)[nH]c1ccccc12	c15cc2c(cn1)[nH]c1ccccc12.CCC4.C35=O.O34
DNQX	BRD-K85266041	O=[N+]([O-])c1cc2nc(O)c(O)nc2cc1[N+](=O)[O-]	O=[N+]([O-])c1cc2nc(O)c(O)nc2cc1[N+](=O)[O-]
IAA-94	BRD-K85383046	CC1(C2CCCC2)Cc2cc(OCC(=O)O)c(Cl)c(Cl)c2C1=O	CC1(C2CCCC2)Cc2cc4c(Cl)c(Cl)c2C1=O.C3C(=O)O.O34
dovitinib	BRD-K85402309	CN1CCN(c2ccc3nc(-c4c(N)c5c(F)cccc5[nH]c4=O)[nH]c3c2)CC1	c17c(N)c2c(F)cccc2[nH]c1=O.c16ccc2nc7[nH]c2c1.CN1CCN6CC1
perospirone	BRD-K85503079	O=C1C2CCCCC2C(=O)N1CCCCN1CCN(c2nsc3ccccc23)CC1	O=C1C2CCCCC2C(=O)N16.c15nsc2ccccc12.N14CCN5CC1.C6CCC4
resorcinol	BRD-K85603128	CC(=O)Oc1cccc(O)c1	c13cccc(O)c1.CC2=O.O23
neratinib	BRD-K85606544	CCOc1cc2ncc(C#N)c(Nc3ccc(OCc4ccccn4)c(Cl)c3)c2cc1NC(=O)C=CCN(C)C	c1%10cc2ncc(C#N)c%13c2cc1%15.c1%14ccc%11c(Cl)c1.c17ccccn1.C5(=O)C=6.C=6C%12.N%12(C)C.CC8.O8%10.N%13%14.O9%11.C97.N5%15
SC-68376	BRD-K85871428	Cc1nc(-c2ccccc2)c(-c2ccncc2)o1	Cc1nc3c4o1.c13ccccc1.c14ccncc1
zalcitabine	BRD-K85925969	Nc1ccn(C2CCC(CO)O2)c(=O)n1	Nc1ccn4c(=O)n1.C14CCC3O1.C3O
ellipticine	BRD-K85985071	Cc1c2ccncc2c(C)c2c1[nH]c1ccccc12	Cc1c2ccncc2c(C)c2c1[nH]c1ccccc12
flubendazole	BRD-K86003836	COC(=O)Nc1nc2cc(C(=O)c3ccc(F)cc3)ccc2[nH]1	c16nc2cc7ccc2[nH]1.c18ccc(F)cc1.C45=O.C78=O.CO4.N56
cytosporone-b	BRD-K86191271	CCCCCCCC(=O)c1c(O)cc(O)cc1CC(=O)OCC	CCCCCCCC4=O.c14c5cc(O)cc1O.C5C2=O.O23.C3C
terconazole	BRD-K86204871	CC(C)N1CCN(c2ccc(OCC3COC(Cn4cncn4)(c4ccc(Cl)cc4Cl)O3)cc2)CC1	c1%12ccc(Cl)cc1Cl.N17CCN8CC1.c18ccc6cc1.C1%10COC%11%12O1.n19cncn1.CC7C.O56.C5%10.C9%11
dipyridamole	BRD-K86301799	OCCN(CCO)c1nc(N2CCCCC2)c2nc(N(CCO)CCO)nc(N3CCCCC3)c2n1	c18nc9c2nc%10nc%11c2n1.N19CCCCC1.N1%11CCCCC1.OCC4.N458.C5CO.N67%10.C6CO.C7CO
selegiline	BRD-K86434416	C#CCN(C)C(C)Cc1ccccc1	c14ccccc1.C3(C)C4.C#CC2.N23C
HO-013	BRD-K86465814	CCCCCC(O)C=CC=CCCCCCCCC(=O)O	C=2CCCCCCCC(=O)O.CCCCCC(O)C=1.C=1C=2
iso-olomoucine	BRD-K86509404	Cn1cnc2nc(NCCO)nc(NCc3ccccc3)c21	Cn1cnc2nc6nc7c21.c18ccccc1.C4CO.N46.N57.C58
chlordiazepoxide	BRD-K86595100	CNC1=Nc2ccc(Cl)cc2C(c2ccccc2)=[N+]([O-])C1	CNC1=Nc2ccc(Cl)cc2C(c2ccccc2)=[N+]([O-])C1
RS-79948	BRD-K86600316	CCS(=O)(=O)N1CCCC2CN3CCc4cc(OC)ccc4C3CC21	N16CCCC2CN3CCc4cc5ccc4C3CC21.CCS6(=O)=O.O5C
embelin	BRD-K86727142	CCCCCCCCCCCC1C(=O)C(=O)CC(=O)C1=O	CCCCCCCCCCC2.C12C(=O)C(=O)CC(=O)C1=O
piperacillin	BRD-K86873305	CCN1CCN(C(=O)NC(C(=O)NC2C(=O)N3C2SC(C)(C)C3C(=O)O)c2ccccc2)C(=O)C1=O	C18C(=O)N2C1SC(C)(C)C29.N1%10CCN6C(=O)C1=O.c1%11ccccc1.C7%11C5=O.C46=O.C9(=O)O.CC%10.N47.N58
dofetilide	BRD-K86887724	CN(CCOc1ccc(NS(C)(=O)=O)cc1)CCc1ccc(NS(C)(=O)=O)cc1	c13ccc8cc1.c1%10ccc9cc1.S6(C)(=O)=O.S7(C)(=O)=O.CN45.C4C2.C5C%10.O23.N68.N79
cediranib	BRD-K86930074	COc1cc2c(Oc3ccc4[nH]c(C)cc4c3F)ncnc2cc1OCCCN1CCCC1	c17cc2c6ncnc2cc19.c18ccc2[nH]c(C)cc2c1F.N1%10CCCC1.C5CC%10.CO7.O68.O59
olvanil	BRD-K86958018	CCCCCCCCC=CCCCCCCCC(=O)NCc1ccc(O)c(OC)c1	C=5CCCCCCCC2=O.CCCCCCCCC=5.c16ccc(O)c3c1.N24.C46.O3C
phenelzine	BRD-K87024524	NNCCc1ccccc1	c12ccccc1.NNCC2
RS-102221	BRD-K87048468	COc1cc(OC)c(C(=O)CCCCN2CCC3(CC2)NC(=O)NC3=O)cc1NS(=O)(=O)c1ccc(C(F)(F)F)cc1	N16CCC2(CC1)NC(=O)NC2=O.S7(=O)(=O)c1ccc%10cc1.c14cc5c9cc18.C9(=O)CCCC6.C%10(F)(F)F.CO4.O5C.N78
fusaric-acid	BRD-K87049188	CCCCc1ccc(C(=O)O)nc1	c13ccc2nc1.CCCC3.C2(=O)O
veliparib	BRD-K87142802	CC1(c2nc3c(C(N)=O)cccc3[nH]2)CCCN1	c15nc2c4cccc2[nH]1.CC15CCCN1.C4(N)=O
benzamil	BRD-K87158025	NC(=NC(=O)c1nc(Cl)c(N)nc1N)NCc1ccccc1	c13nc(Cl)c(N)nc1N.NC(=NC3=O)N2.c14ccccc1.C24
cycloserine-(d)	BRD-K87226815	NC1CONC1=O	NC1CONC1=O
RS-504393	BRD-K87510569	Cc1ccc2c(c1)C1(CCN(CCc3nc(-c4ccccc4)oc3C)CC1)OC(=O)N2	Cc1ccc2c(c1)C1(CCN5CC1)OC(=O)N2.c16nc7oc1C.c17ccccc1.C5C6
propylpyrazole	BRD-K87573634	CCCc1cn(-c2ccc(O)cc2)nc1-c1ccc(O)cc1	c13cn4nc15.c14ccc(O)cc1.c15ccc(O)cc1.CCC3
LY-456236	BRD-K87696786	COc1ccc(Nc2ncnc3ccc(OC)cc23)cc1	c16ncnc2ccc5cc12.c14ccc7cc1.CO4.N67.O5C
alvocidib	BRD-K87909389	CN1CCC(c2c(O)cc(O)c3c(=O)cc(-c4ccccc4Cl)oc23)C(O)C1	c16c(O)cc(O)c2c(=O)cc5oc12.CN1CCC6C(O)C1.c15ccccc1Cl
tyrphostin-AG-825	BRD-K87919739	COc1cc(C=C(C#N)C(N)=O)cc(CSc2nc3ccccc3s2)c1O	c14cc(C=6)cc7c1O.c18nc2ccccc2s1.C=6(C#N)C(N)=O.CO4.C57.S58
NSC-693868	BRD-K87932577	Nc1n[nH]c2nc3ccccc3nc12	Nc1n[nH]c2nc3ccccc3nc12
piretanide	BRD-K87990216	NS(=O)(=O)c1cc(C(=O)O)cc(N2CCCC2)c1Oc1ccccc1	NS(=O)(=O)c1cc6cc5c13.c14ccccc1.N15CCCC1.C6(=O)O.O34
umbelliferone	BRD-K87991767	O=c1ccc2ccc(O)cc2o1	O=c1ccc2ccc(O)cc2o1
dextrorphan	BRD-K88304388	CN1CCC23CCCCC2C1Cc1ccc(O)cc13	CN1CCC23CCCCC2C1Cc1ccc(O)cc13
xaliproden	BRD-K88358234	FC(F)(F)c1cccc(C2=CCN(CCc3ccc4ccccc4c3)CC2)c1	c16cccc(C2=CCN5CC2)c1.c17ccc2ccccc2c1.FC6(F)F.C5C7
pyrimethamine	BRD-K88429204	CCc1nc(N)nc(N)c1-c1ccc(Cl)cc1	c12nc(N)nc(N)c13.c13ccc(Cl)cc1.CC2
CAY-10585	BRD-K88551539	COC(=O)c1ccc(O)c(NC(=O)COc2ccc(C3C4CC5CC(C4)CC3C5)cc2)c1	C1%12C2CC3CC(C2)CC1C3.c1%11ccc(O)c%10c1.c19ccc%12cc1.C7(=O)C8.C6%11=O.CO6.N7%10.O89
rucaparib	BRD-K88560311	CNCc1ccc(-c2[nH]c3cc(F)cc4c3c2CCNC4=O)cc1	c17[nH]c2cc(F)cc3c2c1CCNC3=O.c16ccc7cc1.CN5.C56
iproniazid	BRD-K88568253	CC(C)NNC(=O)c1ccncc1	CC(C)NNC2=O.c12ccncc1
aniracetam	BRD-K88611939	COc1ccc(C(=O)N2CCCC2=O)cc1	c14ccc5cc1.N13CCCC1=O.C35=O.CO4
nonoxynol-9	BRD-K88625236	CCCCCCCCCc1ccc(OCCOCCOCCOCCOCCOCCOCCOCCOCCO)cc1	CCCCCCCCC%12.c1%12ccc%11cc1.C2C%13.C%14C%15.C%16C%17.C%18C%19.C%20C3.C4C5.C6C7.C8C9.C%10CO.O2%11.O%13%14.O%15%16.O%17%18.O%19%20.O34.O56.O78.O9%10
PD-198306	BRD-K88677950	Cc1cc(I)ccc1Nc1c(C(=O)NOCC2CC2)cc(F)c(F)c1F	c15c6cc(F)c(F)c1F.Cc1cc(I)ccc14.C6(=O)NO3.C17CC1.N45.C37
methandriol	BRD-K88679075	CC12CCC(O)CC1=CCC1C2CCC2(C)C1CCC2(C)O	CC12CCC(O)CC1=CCC1C2CCC2(C)C1CCC2(C)O
dimercaptosuccinic-acid	BRD-K88701661	O=C(O)C(S)C(S)C(=O)O	O=C(O)C(S)C(S)C(=O)O
methyl-2,5-dihydroxycinnamate	BRD-K88741031	COC(=O)C=Cc1cc(O)ccc1O	C=3c1cc(O)ccc1O.C2(=O)C=3.CO2
PCI-34051	BRD-K88742110	COc1ccc(Cn2ccc3ccc(C(=O)NO)cc32)cc1	n16ccc2ccc5cc21.c14ccc7cc1.C5(=O)NO.CO4.C67
EMD-66684	BRD-K88759641	CCCCc1nc2ccn(CC(=O)N(C)C)c(=O)c2n1Cc1ccc(-c2ccccc2-c2nnn[nH]2)cc1	c16nc2ccn4c(=O)c2n15.c17ccc9cc1.c19ccccc18.c18nnn[nH]1.CCCC6.C4C3=O.N3(C)C.C57
letrozole	BRD-K88789588	N#Cc1ccc(C(c2ccc(C#N)cc2)n2cncn2)cc1	N#Cc1ccc4cc1.c15ccc(C#N)cc1.n13cncn1.C345
lobaric-acid	BRD-K88849294	CCCCCc1c2c(cc(O)c1C(=O)O)OC(=O)c1c(cc(OC)cc1C(=O)CCCC)O2	c16c4c(O)cc2c1Oc1cc3cc5c1C(=O)O2.C5(=O)CCCC.CCCCC6.C4(=O)O.O3C
iodoacetic-acid	BRD-K88868628	O=C(O)CI	O=C(O)CI
lisuride	BRD-K88871508	CCN(CC)C(=O)NC1C=C2c3cccc4[nH]cc(c34)CC2N(C)C1	C19C=C2c3cccc4[nH]cc(c34)CC2N(C)C1.N578.C56=O.CC7.C8C.N69
AS-703026	BRD-K89014967	O=C(NCC(O)CO)c1ccncc1Nc1ccc(I)cc1F	c15ccc(I)cc1F.c16ccncc14.C3C(O)CO.O=C26.N23.N45
ciclacillin	BRD-K89046952	CC1(C)SC2C(NC(=O)C3(N)CCCCC3)C(=O)N2C1C(=O)O	CC1(C)SC2C5C(=O)N2C16.C17(N)CCCCC1.C47=O.C6(=O)O.N45
alverine	BRD-K89055274	CCN(CCCc1ccccc1)CCCc1ccccc1	c15ccccc1.c16ccccc1.C3CC5.C4CC6.N234.CC2
tinidazole	BRD-K89125793	CCS(=O)(=O)CCn1c([N+](=O)[O-])cnc1C	n12c([N+](=O)[O-])cnc1C.CCS(=O)(=O)CC2
liothyronine	BRD-K89152108	NC(Cc1cc(I)c(Oc2ccc(O)c(I)c2)c(I)c1)C(=O)O	c15cc(I)c3c(I)c1.c14ccc(O)c(I)c1.NC(C5)C(=O)O.O34
tandutinib	BRD-K89162000	COc1cc2c(N3CCN(C(=O)Nc4ccc(OC(C)C)cc4)CC3)ncnc2cc1OCCCN1CCCCC1	c1%10cc2c%14ncnc2cc1%12.N1%14CCN5CC1.c16ccc%11cc1.N1%13CCCCC1.C9CC%13.C57=O.C8(C)C.CO%10.N76.O8%11.O9%12
biotin	BRD-K89210380	O=C(O)CCCCC1SCC2NC(=O)NC21	C13SCC2NC(=O)NC21.O=C(O)CCCC3
DMP-543	BRD-K89274813	O=C1c2ccccc2C(Cc2ccnc(F)c2)(Cc2ccnc(F)c2)c2ccccc21	O=C1c2ccccc2C(C3)(C4)c2ccccc21.c13ccnc(F)c1.c14ccnc(F)c1
ramipril	BRD-K89348303	CCOC(=O)C(CCc1ccccc1)NC(C)C(=O)N1C(C(=O)O)CC2CCCC21	N14C8CC2CCCC21.C3(=O)C6CC9.c19ccccc1.C7(C)C4=O.C8(=O)O.CC5.O35.N67
pirenzepine	BRD-K89375097	CN1CCN(CC(=O)N2c3ccccc3C(=O)Nc3cccnc32)CC1	N14c2ccccc2C(=O)Nc2cccnc21.CN1CCN5CC1.C5C4=O
L-655240	BRD-K89402695	Cc1c(CC(C)(C)C(=O)O)n(Cc2ccc(Cl)cc2)c2ccc(F)cc12	Cc1c4n3c2ccc(F)cc12.C4C(C)(C)C(=O)O.c15ccc(Cl)cc1.C35
sirolimus	BRD-K89626439	COC1CC2CCC(C)C(O)(O2)C(=O)C(=O)N2CCCCC2C(=O)OC(C(C)CC2CCC(O)C(OC)C2)CC(=O)C(C)C=C(C)C(O)C(OC)C(=O)C(C)CC(C)C=CC=CC=C1C	C13CC2CCC(C)C(O)(O2)C(=O)C(=O)N2CCCCC2C(=O)OC6CC(=O)C(C)C=C(C)C(O)C5C(=O)C(C)CC(C)C=CC=CC=C1C.C17CCC(O)C4C1.C6(C)C7.CO3.O4C.O5C
PKCbeta-inhibitor	BRD-K89687904	O=C1NC(=O)C(c2cn(CCCn3ccnc3)c3ccccc23)=C1Nc1ccccc1	O=C1NC(=O)C(c2cn5c3ccccc23)=C1N4.c14ccccc1.n16ccnc1.C5CC6
rifaximin	BRD-K89708791	COC1C=COC2(C)Oc3c(C)c(O)c4c(O)c(c5c(nc6cc(C)ccn65)c4c3C2=O)NC(=O)C(C)=CC=CC(C)C(O)C(C)C(O)C(C)C(OC(C)=O)C1C	C18C=COC2(C)Oc3c(C)c(O)c4c(O)c(c5c(nc6cc(C)ccn65)c4c3C2=O)NC(=O)C(C)=CC=CC(C)C(O)C(C)C(O)C(C)C9C1C.C7(C)=O.CO8.O79
trifluoperazine	BRD-K89732114	CN1CCN(CCCN2c3ccccc3Sc3ccc(C(F)(F)F)cc32)CC1	N15c2ccccc2Sc2ccc6cc21.CN1CCN4CC1.C4CC5.C6(F)(F)F
raltitrexed	BRD-K89839824	Cc1nc(=O)c2cc(CN(C)c3ccc(C(=O)NC(CCC(=O)O)C(=O)O)s3)ccc2[nH]1	Cc1nc(=O)c2cc9ccc2[nH]1.C6(CCC(=O)O)C(=O)O.c17ccc8s1.N57C.C48=O.C59.N46
AG-592	BRD-K89930444	N#CC(=Cc1ccc(O)c(O)c1)C(=O)NC1CCC(CC2CCC(NC(=O)C(C#N)=Cc3ccc(O)c(O)c3)CC2)CC1	C=8c1ccc(O)c(O)c1.C=9c1ccc(O)c(O)c1.C16CCC%10CC1.C1%11CCC7CC1.N#CC=8C4=O.C5(=O)C=9C#N.N46.C%10%11.N57
chlorpromazine	BRD-K89997465	CN(C)CCCN1c2ccccc2Sc2ccc(Cl)cc21	N14c2ccccc2Sc2ccc(Cl)cc21.C3CC4.CN3C
spironolactone	BRD-K90027355	CC(=O)SC1CC2=CC(=O)CCC2(C)C2CCC3(C)C(CCC34CCC(=O)O4)C12	C15CC2=CC(=O)CCC2(C)C2CCC3(C)C(CCC34CCC(=O)O4)C12.CC(=O)S5
W-7	BRD-K90259198	NCCCCCCNS(=O)(=O)c1cccc2c(Cl)cccc12	S4(=O)(=O)c1cccc2c(Cl)cccc12.NCCCCCC3.N34
phentolamine	BRD-K90333595	Cc1ccc(N(CC2=NCCN2)c2cccc(O)c2)cc1	Cc1ccc4cc1.c15cccc(O)c1.C3C1=NCCN1.N345
GW-843682X	BRD-K90382497	COc1cc2ncn(-c3cc(OCc4ccccc4C(F)(F)F)c(C(N)=O)s3)c2cc1OC	c16cc2ncn%12c2cc18.c1%12cc7c9s1.c1%10ccccc1%11.C%11(F)(F)F.C9(N)=O.CO6.O57.C5%10.O8C
MY-5445	BRD-K90524085	Clc1cccc(Nc2nnc(-c3ccccc3)c3ccccc23)c1	c14nnc6c2ccccc12.Clc1cccc5c1.c16ccccc1.N45
levonorgestrel	BRD-K90543092	C#CC1(O)CCC2C3CCC4=CC(=O)CCC4C3CCC21CC	C#CC1(O)CCC2C3CCC4=CC(=O)CCC4C3CCC215.C5C
ipsapirone	BRD-K90574421	O=C1c2ccccc2S(=O)(=O)N1CCCCN1CCN(c2ncccn2)CC1	O=C1c2ccccc2S(=O)(=O)N15.N13CCN4CC1.c14ncccn1.C5CCC3
cephalexin	BRD-K90733503	CC1=C(C(=O)O)N2C(=O)C(NC(=O)C(N)c3ccccc3)C2SC1	CC1=C(C(=O)O)N2C(=O)C5C2SC1.c16ccccc1.C4(=O)C6N.N45
nefazodone	BRD-K90789829	CCc1nn(CCCN2CCN(c3cccc(Cl)c3)CC2)c(=O)n1CCOc1ccccc1	c1%10nn8c(=O)n19.N16CCN7CC1.c17cccc(Cl)c1.c15ccccc1.C8CC6.C9C4.CC%10.O45
cobalt(II)-chloride	BRD-K90864987	Cl[Co]Cl	Cl[Co]Cl
propantheline	BRD-K90885812	CC(C)[N+](C)(CCOC(=O)C1c2ccccc2Oc2ccccc21)C(C)C	C3(=O)C1c2ccccc2Oc2ccccc21.[N+]567C.CC5C.C6C4.C7(C)C.O34
dehydrocholic-acid	BRD-K90976994	CC(CCC(=O)O)C1CCC2C3C(=O)CC4CC(=O)CCC4(C)C3CC(=O)C12C	C15CCC2C3C(=O)CC4CC(=O)CCC4(C)C3CC(=O)C12C.CC5CCC(=O)O
prostratin	BRD-K91145395	CC(=O)OC12CC(C)C3(O)C(C=C(CO)CC4(O)C(=O)C(C)=CC43)C1C2(C)C	C126CC(C)C3(O)C(C=C(CO)CC4(O)C(=O)C(C)=CC43)C1C2(C)C.CC5=O.O56
SR-142948	BRD-K91243525	COc1cccc(OC)c1-c1cc(C(=O)NC2(C(=O)O)C3CC4CC(C3)CC2C4)nn1-c1ccc(C(=O)N(C)CCCN(C)C)cc1C(C)C	C1%13%17C2CC3CC(C2)CC1C3.c1%11cccc%12c19.c18ccc6cc17.c19cc%16nn18.C%14CC%15.C5%16=O.C%17(=O)O.C%106=O.N%10%14C.N%15(C)C.C7(C)C.CO%11.O%12C.N5%13
nortriptyline	BRD-K91263825	CNCCC=C1c2ccccc2CCc2ccccc21	C1=4c2ccccc2CCc2ccccc21.C3CC=4.CN3
amodiaquine	BRD-K91290917	CCN(CC)Cc1cc(Nc2ccnc3cc(Cl)ccc23)ccc1O	c18ccnc2cc(Cl)ccc12.c19cc7ccc1O.N456.CC4.C5C.C69.N78
betahistine	BRD-K91315211	CNCCc1ccccn1	c13ccccn1.C2C3.CN2
mesulergine	BRD-K91336023	CN1CC(NS(=O)(=O)N(C)C)CC2c3cccc4c3c(cn4C)CC21	CN1CC5CC2c3cccc4c3c(cn4C)CC21.N5S(=O)(=O)N(C)C
anisomycin	BRD-K91370081	COc1ccc(CC2NCC(O)C2OC(C)=O)cc1	c15ccc7cc1.C16NCC(O)C14.C3(C)=O.CO5.C67.O34
CAM-9-026	BRD-K91442916	CC1CCCCOC(CN(C)S(=O)(=O)c2ccc(F)cc2)C(C)CN(C(C)COC(=O)C(C)(C)C)C(=O)c2cc(NC(=O)Nc3ccccc3)ccc2O1	CC1CCCCOC5C(C)CN%13C(=O)c2cc%11ccc2O1.S%10(=O)(=O)c1ccc(F)cc1.C4(=O)C(C)(C)C.c1%12ccccc1.C%13(C)C8.N9%10C.C67=O.C95.O48.N6%11.N7%12
mercaptopurine	BRD-K91601245	S=c1[nH]cnc2nc[nH]c12	S=c1[nH]cnc2nc[nH]c12
ABT-751	BRD-K91623615	COc1ccc(S(=O)(=O)Nc2cccnc2Nc2ccc(O)cc2)cc1	c13ccc(S4(=O)=O)cc1.c16cccnc15.c17ccc(O)cc1.CO3.N46.N57
orantinib	BRD-K91696562	Cc1[nH]c(C=C2C(=O)Nc3ccccc32)c(C)c1CCC(=O)O	C1=4C(=O)Nc2ccccc21.Cc1[nH]c(C=4)c(C)c15.C5CC(=O)O
benzonatate	BRD-K91699951	CCCCNc1ccc(C(=O)OCCOCCOCCOCCOCCOCCOCCOCCOCCOC)cc1	c1%15ccc%16cc1.CCCC%14.C2%16=O.C%13C%17.C%18C%19.C%20C%21.C%22C%23.C3C4.C5C6.C7C8.C9C%10.C%11C%12.N%14%15.O2%13.O%17%18.O%19%20.O%21%22.O%233.O45.O67.O89.O%10%11.O%12C
secoisolariciresinol	BRD-K91733562	COc1cc(CC(CO)C(CO)Cc2ccc(O)c(OC)c2)ccc1O	C5C(CO)C(C6)CO.c13cc5ccc1O.c16ccc(O)c4c1.CO3.O4C
VX-745	BRD-K91900765	O=c1ncn2nc(Sc3ccc(F)cc3F)ccc2c1-c1c(Cl)cccc1Cl	O=c1ncn2nc4ccc2c16.c15ccc(F)cc1F.c16c(Cl)cccc1Cl.S45
SD-169	BRD-K91904471	NC(=O)c1ccc2[nH]ccc2c1	c13ccc2[nH]ccc2c1.NC3=O
AM-251	BRD-K92000912	Cc1c(C(=O)NN2CCCCC2)nn(-c2ccc(Cl)cc2Cl)c1-c1ccc(I)cc1	C3(=O)NN1CCCCC1.Cc1c3nn4c15.c14ccc(Cl)cc1Cl.c15ccc(I)cc1
GBR-12783	BRD-K92015269	C(=Cc1ccccc1)CN1CCN(CCOC(c2ccccc2)c2ccccc2)CC1	C=7c1ccccc1.N15CCN6CC1.c18ccccc1.c19ccccc1.C=7C5.C6C3.C489.O34
triamterene	BRD-K92049597	Nc1nc(N)c2nc(-c3ccccc3)c(N)nc2n1	Nc1nc(N)c2nc4c(N)nc2n1.c14ccccc1
doxorubicin	BRD-K92093830	COc1cccc2c1C(=O)c1c(O)c3c(c(O)c1C2=O)CC(O)(C(=O)CO)CC3OC1CC(N)C(O)C(C)O1	c15cccc2c1C(=O)c1c(O)c3c(c(O)c1C2=O)CC6(O)CC3O4.C14CC(N)C(O)C(C)O1.C6(=O)CO.CO5
mammea-a	BRD-K92138166	CC(C)=CCc1c(O)c(C(=O)CC(C)C)c2oc(=O)cc(-c3ccccc3)c2c1O	c16c(O)c4c2oc(=O)cc7c2c1O.C4(=O)CC(C)C.c17ccccc1.CC=5C.C=5C6
16,16-dimethylprostaglandin-e2	BRD-K92301463	CCCCC(C)(C)C(O)C=CC1C(O)CC(=O)C1CC=CCCCC(=O)O	CCCCC(C)(C)C(O)C=2.C=2C1C(O)CC(=O)C14.C=3CCCC(=O)O.C4C=3
thiazolidinecarboxylic-acid	BRD-K92413528	O=C1NC(C(=O)O)CS1	O=C1NC2CS1.C2(=O)O
mycophenolate-mofetil	BRD-K92428153	COc1c(C)c2c(c(O)c1CC=C(C)CCC(=O)OCCN1CCOCC1)C(=O)OC2	c15c8c(O)c2c(c1C)COC2=O.C=7(C)CCC3=O.N16CCOCC1.C8C=7.C4C6.CO5.O34
GSK-461364	BRD-K92428232	CC(Oc1cc(-n2cnc3ccc(CN4CCN(C)CC4)cc32)sc1C(N)=O)c1ccccc1C(F)(F)F	n1%12cnc2ccc%10cc21.c16cc%12sc18.N17CCN(C)CC1.c19ccccc1%11.C%11(F)(F)F.CC59.C8(N)=O.O56.C7%10
zatebradine	BRD-K92446736	COc1ccc(CCN(C)CCCN2CCc3cc(OC)c(OC)cc3CC2=O)cc1OC	N1%10CCc2cc5c6cc2CC1=O.c14ccc%11cc17.C9CC%10.C%11C8.N89C.CO4.O5C.O6C.O7C
LY-255283	BRD-K92492521	CCc1cc(C(C)=O)c(O)cc1OCCCCCC(C)(C)c1nnn[nH]1	c16cc4c(O)cc13.C2CCCCC5(C)C.c15nnn[nH]1.C4(C)=O.CC6.O23
irilin-a	BRD-K92678294	COc1ccccc1-c1coc2cc(OC)c(OC)c(OC)c2c1=O	c17coc2cc4c5c6c2c1=O.c13ccccc17.CO3.O4C.O5C.O6C
imatinib	BRD-K92723993	Cc1ccc(NC(=O)c2ccc(CN3CCN(C)CC3)cc2)cc1Nc1nccc(-c2cccnc2)n1	Cc1ccc7cc18.c19ccc%10cc1.N15CCN(C)CC1.c16nccc%11n1.c1%11cccnc1.C49=O.N47.C5%10.N68
hydrastinine	BRD-K92726801	C[N+]1=Cc2cc3c(cc2CC1)OCO3	C[N+]1=Cc2cc3c(cc2CC1)OCO3
perindopril	BRD-K92731339	CCCC(NC(C)C(=O)N1C(C(=O)O)CC2CCCCC21)C(=O)OCC	N14C8CC2CCCCC21.CCCC6C3=O.C7(C)C4=O.C8(=O)O.N67.O35.C5C
MD-920	BRD-K92758126	C=C1CC23CC1(O)CCC2C12C=CC(O)C(C)(C(=O)O1)C2C3C(=O)O	C=C1CC23CC1(O)CCC2C12C=CC(O)C(C)(C(=O)O1)C2C34.C4(=O)O
riboflavin	BRD-K92760278	Cc1cc2nc3c(=O)[nH]c(=O)nc-3n(CC(O)C(O)C(O)CO)c2cc1C	Cc1cc2nc3c(=O)[nH]c(=O)nc-3n4c2cc1C.C4C(O)C(O)C(O)CO
mefenamic-acid	BRD-K92778217	Cc1cccc(Nc2ccccc2C(=O)O)c1C	Cc1cccc3c1C.c14ccccc15.C5(=O)O.N34
BIX-02188	BRD-K92817986	O=C(CSc1cc(Cl)ccc1Cl)NN=Cc1ccc[nH]1	O=C(C2)NN=Cc1ccc[nH]1.c13cc(Cl)ccc1Cl.S23
pterostilbene	BRD-K92870997	COc1cc(C=Cc2ccc(O)cc2)cc(OC)c1	c13cc4cc(C=5)c1.C=5c1ccc(O)cc1.CO3.O4C
melperone	BRD-K92984783	CC1CCN(CCCC(=O)c2ccc(F)cc2)CC1	CC1CCN3CC1.c14ccc(F)cc1.C3CCC4=O
PAC-1	BRD-K92991072	C=CCc1cccc(C=NNC(=O)CN2CCN(Cc3ccccc3)CC2)c1O	c16cccc(C=NNC(=O)C4)c1O.N14CCN5CC1.c17ccccc1.C=CC6.C57
cladribine	BRD-K93034159	Nc1nc(Cl)nc2c1ncn2C1CC(O)C(CO)O1	Nc1nc(Cl)nc2c1ncn24.C14CC(O)C3O1.C3O
Ala-Ala-Phe-CMK	BRD-K93080877	CC(N)C(=O)NC(C)C(=O)NC(Cc1ccccc1)C(=O)CCl	C5(C6)C(=O)CCl.c16ccccc1.CC(N)C2=O.C4(C)C3=O.N24.N35
SJ-172550	BRD-K93095519	CCOc1cc(C=C2C(=O)N(c3ccccc3)N=C2C)cc(Cl)c1OCC(=O)OC	c17cc(C=9)cc(Cl)c18.C1=9C(=O)N%10N=C1C.c1%10ccccc1.C6C4=O.CC5.O57.O68.O4C
AC-55649	BRD-K93176058	CCCCCCCCc1ccc(-c2ccc(C(=O)O)cc2)cc1	CCCCCCCC4.c14ccc5cc1.c15ccc3cc1.C3(=O)O
ARC-239	BRD-K93188295	COc1ccccc1N1CCN(CCN2C(=O)c3ccccc3C(C)(C)C2=O)CC1	N17C(=O)c2ccccc2C(C)(C)C1=O.c14ccccc16.N16CCN5CC1.C5C7.CO4
ML-7	BRD-K93201660	O=S(=O)(c1cccc2c(I)cccc12)N1CCCNCC1	O=S3(=O)c1cccc2c(I)cccc12.N13CCCNCC1
GW-9662	BRD-K93258693	O=C(Nc1ccccc1)c1cc([N+](=O)[O-])ccc1Cl	c14cc([N+](=O)[O-])ccc1Cl.c13ccccc1.O=C24.N23
gabazine	BRD-K93280214	COc1ccc(-c2ccc(N)[n+](CCCC(=O)O)n2)cc1	c14ccc(N)[n+](CCCC(=O)O)n1.c13ccc4cc1.CO3
damnacanthal	BRD-K93325701	COc1c(C=O)c(O)cc2c1C(=O)c1ccccc1C2=O	c13c(C=O)c(O)cc2c1C(=O)c1ccccc1C2=O.CO3
lypressin	BRD-K93331255	NCCCCC(NC(=O)C1CCCN1C(=O)C1CSSCC(N)C(=O)NC(Cc2ccc(O)cc2)C(=O)NC(Cc2ccccc2)C(=O)NC(CCC(N)=O)C(=O)NC(CC(N)=O)C(=O)N1)C(=O)NCC(N)=O	C1%13CSSCC(N)C(=O)NC%14C(=O)NC%15C(=O)NC4C(=O)NC5C(=O)N1.NCCCCC%10C9=O.c16ccc(O)cc1.C1%12CCCN18.c17ccccc1.C4CC(N)=O.C5C(N)=O.C%11C(N)=O.C3%12=O.C8%13=O.N3%10.C%146.C%157.N9%11
isocarboxazid	BRD-K93332168	Cc1cc(C(=O)NNCc2ccccc2)no1	Cc1cc3no1.C3(=O)NNC4.c14ccccc1
alfacalcidol	BRD-K93433262	C=C1C(=CC=C2CCCC3(C)C2CCC3C(C)CCCC(C)C)CC(O)CC1O	C1=5CCCC2(C)C6CCC12.C=C1C=4CC(O)CC1O.C6(C)CCCC(C)C.C=4C=5
diphemanil	BRD-K93441486	C[N+]1(C)CCC(=C(c2ccccc2)c2ccccc2)CC1	C=3(c1ccccc1)c1ccccc1.C[N+]1(C)CCC=3CC1
lamotrigine	BRD-K93460210	Nc1nnc(-c2cccc(Cl)c2Cl)c(N)n1	Nc1nnc3c(N)n1.c13cccc(Cl)c1Cl
buspirone	BRD-K93461745	O=C1CC2(CCCC2)CC(=O)N1CCCCN1CCN(c2ncccn2)CC1	O=C1CC2(CCCC2)CC(=O)N15.N13CCN4CC1.c14ncccn1.C5CCC3
KN-93	BRD-K93480852	COc1ccc(S(=O)(=O)N(CCO)c2ccccc2CN(C)CC=Cc2ccc(Cl)cc2)cc1	c13ccc(S7(=O)=O)cc1.C=9c1ccc(Cl)cc1.c18ccccc1%10.N478.C4CO.N56C.C6C=9.CO3.C5%10
ipriflavone	BRD-K93618743	CC(C)Oc1ccc2c(=O)c(-c3ccccc3)coc2c1	c15ccc2c(=O)c6coc2c1.c16ccccc1.CC4C.O45
tadalafil	BRD-K93645900	CN1CC(=O)N2C(Cc3c([nH]c4ccccc34)C2c2ccc3c(c2)OCO3)C1=O	CN1CC(=O)N2C(Cc3c([nH]c4ccccc34)C2c2ccc3c(c2)OCO3)C1=O
aloisine	BRD-K93658967	CCCCc1c(-c2ccc(O)cc2)[nH]c2nccnc12	c13c4[nH]c2nccnc12.c14ccc(O)cc1.CCCC3
stavudine	BRD-K93880783	Cc1cn(C2C=CC(CO)O2)c(=O)[nH]c1=O	Cc1cn4c(=O)[nH]c1=O.C14C=CC3O1.C3O
quizartinib	BRD-K93918653	CC(C)(C)c1cc(NC(=O)Nc2ccc(-c3cn4c(n3)sc3cc(OCCN5CCOCC5)ccc34)cc2)no1	c1%14cn2c(n1)sc1cc9ccc12.c1%12ccc%14cc1.c1%13cc%11no1.N1%10CCOCC1.CC%13(C)C.C67=O.C8C%10.N6%11.N7%12.O89
depomedrol	BRD-K94070024	CC(=O)OCC(=O)C1(O)CCC2C3CC(C)C4=CC(=O)C=CC4(C)C3C(O)CC21C	C17(O)CCC2C3CC(C)C4=CC(=O)C=CC4(C)C3C(O)CC21C.C6C7=O.CC5=O.O56
diethyltoluamide	BRD-K94080537	CCN(CC)C(=O)c1cccc(C)c1	c15cccc(C)c1.N234.C25=O.CC3.C4C
cotinine	BRD-K94144010	CN1C(=O)CCC1c1cccnc1	CN1C(=O)CCC12.c12cccnc1
TWS-119	BRD-K94176593	Nc1cccc(-c2cc3c(Oc4cccc(O)c4)ncnc3[nH]2)c1	c17cc2c5ncnc2[nH]1.Nc1cccc7c1.c16cccc(O)c1.O56
ecopipam	BRD-K94270326	CN1CCc2cc(Cl)c(O)cc2C2c3ccccc3CCC21	CN1CCc2cc(Cl)c(O)cc2C2c3ccccc3CCC21
OSI-027	BRD-K94294671	COc1cccc2cc(-c3nc(C4CCC(C(=O)O)CC4)n4ncnc(N)c34)[nH]c12	c17nc8n2ncnc(N)c12.c15cccc2cc7[nH]c12.C18CCC6CC1.C6(=O)O.CO5
kinetin-riboside	BRD-K94325918	OCC1OC(n2cnc3c(NCc4ccco4)ncnc32)C(O)C1O	n19cnc2c6ncnc21.C17OC9C(O)C1O.c18ccco1.OC7.N56.C58
fluocinolone	BRD-K94353609	CC1(C)OC2CC3C4CC(F)C5=CC(=O)C=CC5(C)C4(F)C(O)CC3(C)C2(C(=O)CO)O1	CC1(C)OC2CC3C4CC(F)C5=CC(=O)C=CC5(C)C4(F)C(O)CC3(C)C26O1.C6(=O)CO
BML-190	BRD-K94379058	COc1ccc2c(c1)c(CC(=O)N1CCOCC1)c(C)n2C(=O)c1ccc(Cl)cc1	c14ccc2c(c1)c6c(C)n2C5=O.c15ccc(Cl)cc1.N13CCOCC1.C6C3=O.CO4
mevastatin	BRD-K94441233	CCC(C)C(=O)OC1CCC=C2C=CC(C)C(CCC3CC(O)CC(=O)O3)C21	C15CCC=C2C=CC(C)C7C21.C16CC(O)CC(=O)O1.CCC(C)C4=O.C7C6.O45
spiramide	BRD-K94512704	O=C1NCN(c2ccccc2)C12CCN(CCCOc1ccc(F)cc1)CC2	O=C1NCN6C12CCN5CC2.c14ccc(F)cc1.c16ccccc1.C5CC3.O34
taxifolin	BRD-K94649603	O=C1c2c(O)cc(O)cc2OC(c2ccc(O)c(O)c2)C1O	O=C1c2c(O)cc(O)cc2OC3C1O.c13ccc(O)c(O)c1
pinocembrin	BRD-K94689771	O=C1CC(c2ccccc2)Oc2cc(O)cc(O)c21	O=C1CC3Oc2cc(O)cc(O)c21.c13ccccc1
ataluren	BRD-K94830329	O=C(O)c1cccc(-c2noc(-c3ccccc3F)n2)c1	c14cccc5c1.c16ccccc1F.c15noc6n1.O=C4O
Y-134	BRD-K94832621	CC(C)N1CCN(c2ccc(C(=O)c3c(-c4ccc(O)cc4)sc4cc(O)ccc34)cc2)CC1	c18c9sc2cc(O)ccc12.N15CCN6CC1.c16ccc7cc1.c19ccc(O)cc1.CC5C.C78=O
emodic-acid	BRD-K94841585	O=C(O)c1cc(O)c2c(c1)C(=O)c1cc(O)cc(O)c1C2=O	c13cc(O)c2c(c1)C(=O)c1cc(O)cc(O)c1C2=O.O=C3O
TFMPP	BRD-K94887716	FC(F)(F)c1cccc(N2CCNCC2)c1	c14cccc3c1.N13CCNCC1.FC4(F)F
10H-phenothiazin-10-yl)(p-tolyl)methanone	BRD-K94919853	Cc1ccc(C(=O)N2c3ccccc3Sc3ccccc32)cc1	N14c2ccccc2Sc2ccccc21.Cc1ccc5cc1.C45=O
DR-2313	BRD-K94920105	Cc1nc(=O)c2c([nH]1)CCSC2	Cc1nc(=O)c2c([nH]1)CCSC2
ML-3163	BRD-K95202259	C[S+](O)c1ccc(CSc2nc(-c3ccncc3)c(-c3ccc(F)cc3)[nH]2)cc1	C[S+](O)c1ccc5cc1.c16nc7c8[nH]1.c18ccc(F)cc1.c17ccncc1.C45.S46
probenecid	BRD-K95237249	CCCN(CCC)S(=O)(=O)c1ccc(C(=O)O)cc1	S4(=O)(=O)c1ccc5cc1.CCC2.N234.C3CC.C5(=O)O
dienestrol	BRD-K95309561	CC=C(C(=CC)c1ccc(O)cc1)c1ccc(O)cc1	C=2(C=3c1ccc(O)cc1)c1ccc(O)cc1.CC=2.C=3C
geranylgeraniol	BRD-K95402279	CC(C)=CCCC(C)=CCCC(C)=CCCC(C)=CCO	C=1CCC=2C.C=2CCC=3C.C=3CCC=4C.CC=1C.C=4CO
PHA-665752	BRD-K95435023	Cc1[nH]c(C=C2C(=O)Nc3ccc(S(=O)(=O)Cc4c(Cl)cccc4Cl)cc32)c(C)c1C(=O)N1CCCC1CN1CCCC1	C1=8C(=O)Nc2ccc(S(=O)(=O)C%10)cc21.Cc1[nH]c(C=8)c(C)c17.c1%10c(Cl)cccc1Cl.N15CCCC19.N16CCCC1.C57=O.C69
BMS-191011	BRD-K95609758	O=c1oc(-c2ccc(C(F)(F)F)cc2)nn1Cc1cc(Cl)ccc1O	c15cc(Cl)ccc1O.O=c1oc6nn13.c16ccc4cc1.C4(F)(F)F.C35
MAZ-51	BRD-K95655893	CN(C)c1ccc(C=C2C(=O)Nc3ccccc32)c2ccccc12	c14ccc(C=5)c2ccccc12.C1=5C(=O)Nc2ccccc21.CN4C
JAK3-inhibitor-V	BRD-K95676198	C=CC(=O)c1ccc2ccccc2c1	c13ccc2ccccc2c1.C=CC3=O
tetrabenazine	BRD-K95739795	COc1cc2c(cc1OC)C1CC(=O)C(CC(C)C)CN1CC2	c13cc2c(cc14)C1CC(=O)C5CN1CC2.C5C(C)C.CO3.O4C
trapidil	BRD-K95763993	CCN(CC)c1cc(C)nc2ncnn12	c15cc(C)nc2ncnn12.N345.CC3.C4C
PP-2	BRD-K95785537	CC(C)(C)n1nc(-c2ccc(Cl)cc2)c2c(N)ncnc21	n13nc4c2c(N)ncnc21.c14ccc(Cl)cc1.CC3(C)C
CGP-13501	BRD-K95851186	CC(C)(C=O)Cc1cc(C(C)(C)C)c(O)c(C(C)(C)C)c1	c12cc3c(O)c4c1.CC(C)(C=O)C2.C3(C)(C)C.C4(C)(C)C
quercetagetin	BRD-K95885906	COc1ccc(-c2oc3cc(OC)c(OC)c(OC)c3c(=O)c2OC)cc1OC	c1%10oc2cc5c6c7c2c(=O)c18.c14ccc%10cc19.CO4.O5C.O6C.O7C.O8C.O9C
LY-344864	BRD-K95899059	CN(C)C1CCc2[nH]c3ccc(NC(=O)c4ccc(F)cc4)cc3c2C1	C17CCc2[nH]c3ccc6cc3c2C1.c18ccc(F)cc1.CN7C.C58=O.N56
XL-147	BRD-K95901403	Cc1ccc(S(=O)(=O)Nc2nc3ccccc3nc2Nc2ccc3nsnc3c2)cc1	c15nc2ccccc2nc16.Cc1ccc(S4(=O)=O)cc1.c17ccc2nsnc2c1.N45.N67
reserpine	BRD-K95921201	COC(=O)C1C2CC3c4[nH]c5cc(OC)ccc5c4CCN3CC2CC(OC(=O)c2cc(OC)c(OC)c(OC)c2)C1OC	C1%15C%10C9CC2CN3CCc4c([nH]c5cc%11ccc45)C3CC21.c17cc%12c%13c%14c1.C6%15=O.C87=O.CO6.O%11C.O89.O%12C.O%13C.O%14C.O%10C
cyclo-[Arg-Gly-Asp-D-Phe-Val]	BRD-K95992530	CC(C)C1NC(=O)C(Cc2ccccc2)NC(=O)C(CC(=O)O)NC(=O)CNC(=O)C(CCCNC(=N)N)NC1=O	C14NC(=O)C5NC(=O)C6NC(=O)CNC(=O)C7NC1=O.c18ccccc1.C6C(=O)O.C7CC3.N3C(=N)N.CC4C.C58
norethindrone	BRD-K96037667	C#CC1(OC(C)=O)CCC2C3CCC4=CC(=O)CCC4C3CCC21C	C#CC16CCC2C3CCC4=CC(=O)CCC4C3CCC21C.C5(C)=O.O56
DMBI	BRD-K96084870	CN(C)c1ccc(C=C2C(=O)Nc3ccccc32)cc1	C1=5C(=O)Nc2ccccc21.c14ccc(C=5)cc1.CN4C
leucodin	BRD-K96119599	CC1=CC(=O)C2=C(C)CCC3C(C)C(=O)OC3C12	CC1=CC(=O)C2=C(C)CCC3C(C)C(=O)OC3C12
kitasamycin	BRD-K96134740	COC1C(OC(C)=O)CC(=O)OC(C)CC=CC=CC(O)C(C)CC(CC=O)C1OC1OC(C)C(OC2CC(C)(OC(=O)CC(C)C)C(O)C(C)O2)C(N(C)C)C1O	C1%10C%11CC(=O)OC(C)CC=CC=CC(O)C(C)CC5C1%12.C18OC(C)C%13C4C1O.C19CC7(C)C(O)C(C)O1.C6(=O)CC(C)C.C3(C)=O.C5C=O.N4(C)C.CO%10.O3%11.O8%12.O9%13.O67
mead-acid	BRD-K96144918	CCCCCCCCC=CCC=CCC=CCCCC(=O)O	CCCCCCCCC=1.C=3CCCC(=O)O.C=1CC=2.C=2CC=3
GW-7647	BRD-K96263742	CC(C)(Sc1ccc(CCN(CCCCC2CCCCC2)C(=O)NC2CCCCC2)cc1)C(=O)O	c1%11ccc%10cc1.CC7(C)C(=O)O.C19CCCCC1.C18CCCCC1.C6CCC9.C%10C5.N356.C34=O.S7%11.N48
coumaric-acid	BRD-K96271548	COc1ccccc1C=CC(=O)O	c12ccccc1C=3.C=3C(=O)O.CO2
phentermine	BRD-K96319534	CC(C)(N)Cc1ccccc1	c12ccccc1.CC(C)(N)C2
nifedipine	BRD-K96354014	COC(=O)C1=C(C)NC(C)=C(C(=O)OC)C1c1ccccc1[N+](=O)[O-]	C2(=O)C1=C(C)NC(C)=C(C3=O)C14.c14ccccc1[N+](=O)[O-].CO2.O3C
farnesylthiotriazole	BRD-K96402602	CC(C)=CCCC(C)=CCCC(C)=CCSc1nc[nH]n1	C=3CCC=4C.C=4CCC=5C.c16nc[nH]n1.CC=3C.C=5C2.S26
nitazoxanide	BRD-K96471533	CC(=O)Oc1ccccc1C(=O)Nc1ncc([N+](=O)[O-])s1	c15ncc([N+](=O)[O-])s1.c14ccccc16.CC2=O.C36=O.O24.N35
dehydroisoandosterone	BRD-K96527333	CC(=O)OC1CCC2(C)C(=CCC3C4CCC(=O)C4(C)CCC32)C1	C16CCC2(C)C(=CCC3C4CCC(=O)C4(C)CCC32)C1.CC5=O.O56
lonidamine	BRD-K96670504	O=C(O)c1nn(Cc2ccc(Cl)c(Cl)c2)c2ccccc12	c13nn4c2ccccc12.c15ccc(Cl)c(Cl)c1.O=C3O.C45
relcovaptan	BRD-K96720755	COc1ccc(S(=O)(=O)N2c3ccc(Cl)cc3C(O)(c3ccccc3Cl)C2C(=O)N2CCCC2C(N)=O)cc1OC	N17c2ccc(Cl)cc2C(O)(c2ccccc2Cl)C18.c15ccc(S7(=O)=O)cc16.N14CCCC19.C48=O.C9(N)=O.CO5.O6C
itopride	BRD-K96740444	COc1ccc(C(=O)NCc2ccc(OCCN(C)C)cc2)cc1OC	c15ccc%10cc17.c1%11ccc6cc1.C3%10=O.C4C9.N9(C)C.CO5.N38.C8%11.O46.O7C
tyrphostin-47	BRD-K96778649	N#CC(=Cc1ccc(O)c(O)c1)C(N)=S	C=2c1ccc(O)c(O)c1.N#CC=2C(N)=S
pifithrin-mu	BRD-K96799727	NS(=O)(=O)C#Cc1ccccc1	NS(=O)(=O)C#Cc1ccccc1
SKF-86002	BRD-K96809896	Fc1ccc(-c2nc3n(c2-c2ccncc2)CCS3)cc1	c14nc2n(c15)CCS2.Fc1ccc4cc1.c15ccncc1
pirfenidone	BRD-K96862998	Cc1ccc(=O)n(-c2ccccc2)c1	Cc1ccc(=O)n3c1.c13ccccc1
GNF-2	BRD-K97056771	NC(=O)c1cccc(-c2cc(Nc3ccc(OC(F)(F)F)cc3)ncn2)c1	c17cccc8c1.c18cc5ncn1.c16ccc4cc1.O4C(F)(F)F.NC7=O.N56
azacyclonol	BRD-K97061094	OC(c1ccccc1)(c1ccccc1)C1CCNCC1	c13ccccc1.c14ccccc1.C12CCNCC1.OC234
4,5,6,7-tetrabromobenzotriazole	BRD-K97118047	Brc1c(Br)c(Br)c2[nH]nnc2c1Br	Brc1c(Br)c(Br)c2[nH]nnc2c1Br
droperidol	BRD-K97158071	O=C(CCCN1CC=C(n2c(=O)[nH]c3ccccc32)CC1)c1ccc(F)cc1	N14CC=C(n2c(=O)[nH]c3ccccc32)CC1.c15ccc(F)cc1.O=C5CCC4
amiloride	BRD-K97181089	N=C(N)NC(=O)c1nc(Cl)c(N)nc1N	c13nc(Cl)c(N)nc1N.N=C(N)N2.C23=O
thiothixene	BRD-K97309399	CN1CCN(CCC=C2c3ccccc3Sc3ccc(S(=O)(=O)N(C)C)cc32)CC1	C1=6c2ccccc2Sc2ccc(S5(=O)=O)cc21.CN1CCN4CC1.C4CC=6.N5(C)C
SRC-kinase-inhibitor-II	BRD-K97330509	COc1ccc2c(c1)cc(C)c1nnc(SCC(=O)Nc3cccc(C(C)=O)c3)n12	c15ccc2c(c1)cc(C)c1nnc9n12.c17cccc8c1.C6C4=O.C8(C)=O.CO5.S69.N47
SU-6656	BRD-K97354755	CN(C)S(=O)(=O)c1ccc2c(c1)C(=Cc1cc3c([nH]1)CCCC3)C(=O)N2	S4(=O)(=O)c1ccc2c(c1)C=5C(=O)N2.C=5c1cc2c([nH]1)CCCC2.CN4C
PI-828	BRD-K97365803	Nc1ccc(-c2cccc3c(=O)cc(N4CCOCC4)oc23)cc1	c16cccc2c(=O)cc5oc12.Nc1ccc6cc1.N15CCOCC1
quercetin	BRD-K97399794	O=c1c(O)c(-c2ccc(O)c(O)c2)oc2cc(O)cc(O)c12	O=c1c(O)c3oc2cc(O)cc(O)c12.c13ccc(O)c(O)c1
coumestrol	BRD-K97509413	O=c1oc2cc(O)ccc2c2oc3cc(O)ccc3c12	O=c1oc2cc(O)ccc2c2oc3cc(O)ccc3c12
mepyramine	BRD-K97564742	COc1ccc(CN(CCN(C)C)c2ccccn2)cc1	c13ccc8cc1.c17ccccn1.N457.C5C6.N6(C)C.CO3.C48
nicorandil	BRD-K97752965	O=C(NCCO[N+](=O)[O-])c1cccnc1	c15cccnc1.O3[N+](=O)[O-].O=C25.C4C3.N24
PD-173074	BRD-K97764662	CCN(CC)CCCCNc1ncc2cc(-c3cc(OC)cc(OC)c3)c(NC(=O)NC(C)(C)C)nc2n1	c15ncc2cc7c6nc2n1.c17cc9cc%10c1.C%13CCC%14.C%15(C)(C)C.N%11%12%13.C48=O.CC%11.C%12C.N%145.O9C.O%10C.N46.N8%15
theophylline	BRD-K97799481	Cn1c(=O)c2[nH]cnc2n(C)c1=O	Cn1c(=O)c2[nH]cnc2n(C)c1=O
beclomethasone-dipropionate	BRD-K97810537	CCC(=O)OCC(=O)C1(OC(=O)CC)C(C)CC2C3CCC4=CC(=O)C=CC4(C)C3(Cl)C(O)CC21C	C189C(C)CC2C3CCC4=CC(=O)C=CC4(C)C3(Cl)C(O)CC21C.CCC5=O.C7C9=O.C6(=O)CC.O57.O68
prothionamide	BRD-K97863768	CCCc1cc(C(N)=S)ccn1	c12cc(C(N)=S)ccn1.CCC2
SIB-1757	BRD-K98157055	Cc1ccc(O)c(N=Nc2ccccc2)n1	Cc1ccc(O)c(N=Nc2ccccc2)n1
tubacin	BRD-K98426715	O=C(CCCCCCC(=O)Nc1ccc(C2OC(CSc3nc(-c4ccccc4)c(-c4ccccc4)o3)CC(c3ccc(CO)cc3)O2)cc1)NO	O=C(CCCCCCC5=O)NO.C1%12OC9CC%13O1.c18ccc%12cc1.c1%11nc%14c6o1.c1%13ccc%10cc1.c1%14ccccc1.c16ccccc1.N58.C79.S7%11.C%10O
amsacrine	BRD-K98490050	COc1cc(NS(C)(=O)=O)ccc1Cc1c2ccccc2nc2ccccc12	c17c2ccccc2nc2ccccc12.c13cc5ccc16.S4(C)(=O)=O.CO3.N45.C67
honokiol	BRD-K98493452	C=CCc1ccc(O)c(-c2ccc(O)c(CC=C)c2)c1	c13ccc(O)c5c1.c15ccc(O)c4c1.C=CC3.C4C=C
desoxycortone	BRD-K98521173	CC12CCC(=O)C=C1CCC1C2CCC2(C)C(C(=O)CO)CCC12	CC12CCC(=O)C=C1CCC1C2CCC2(C)C3CCC12.C3(=O)CO
clonidine	BRD-K98530306	Clc1cccc(Cl)c1N=C1NCCN1	Clc1cccc(Cl)c1N=C1NCCN1
parthenolide	BRD-K98548675	C=C1C(=O)OC2C1CCC(C)=CCCC1(C)OC21	C=C1C(=O)OC2C1CCC(C)=CCCC1(C)OC21
GSK-0660	BRD-K98684188	COC(=O)c1sccc1S(=O)(=O)Nc1ccc(Nc2ccccc2)cc1OC	c19sccc1S5(=O)=O.c16ccc7cc14.c18ccccc1.C39=O.CO3.N56.N78.O4C
niflumic-acid	BRD-K98763141	O=C(O)c1cccnc1Nc1cccc(C(F)(F)F)c1	c14cccnc12.c13cccc5c1.C5(F)(F)F.O=C4O.N23
flumazenil	BRD-K98769987	CCOC(=O)c1ncn2c1CN(C)C(=O)c1cc(F)ccc1-2	c15ncn2c1CN(C)C(=O)c1cc(F)ccc1-2.C35=O.CC4.O34
prometon	BRD-K99029477	COc1nc(NC(C)C)nc(NC(C)C)n1	c12nc5nc6n1.C3(C)C.C4(C)C.CO2.N35.N46
didanosine	BRD-K99063460	OCC1CCC(n2cnc3c(O)ncnc32)O1	n15cnc2c(O)ncnc21.C14CCC5O1.OC4
felbamate	BRD-K99107520	NC(=O)OCC(COC(N)=O)c1ccccc1	c16ccccc1.C4C6C5.NC2=O.C3(N)=O.O24.O35
cardiogenol-c	BRD-K99174507	COc1ccc(Nc2nccc(NCCO)n2)cc1	c13ccc7cc1.c15nccc6n1.C4CO.CO3.N57.N46
SB-203580	BRD-K99291625	CS(=O)(=O)c1ccc(-c2nc(-c3ccc(F)cc3)c(-c3ccncc3)[nH]2)cc1	CS(=O)(=O)c1ccc4cc1.c14nc5c6[nH]1.c15ccc(F)cc1.c16ccncc1
lumicolchicine	BRD-K99411983	COC1=CC2C3=C(C(NC(C)=O)CCc4cc(OC)c(OC)c(OC)c43)C2C1=O	COC1=CC2C3=C(C9CCc4cc6c7c8c43)C2C1=O.C5(C)=O.N59.O6C.O7C.O8C
enalaprilat	BRD-K99447003	CC(NC(CCc1ccccc1)C(=O)O)C(=O)N1CCCC1C(=O)O	C4(CC6)C(=O)O.c16ccccc1.N12CCCC15.CC3C2=O.C5(=O)O.N34
lopinavir	BRD-K99451608	Cc1cccc(C)c1OCC(=O)NC(Cc1ccccc1)C(O)CC(Cc1ccccc1)NC(=O)C(C(C)C)N1CCCNC1=O	C6(C9)C(O)CC7C%10.Cc1cccc(C)c15.C3(=O)C8C(C)C.N18CCCNC1=O.c19ccccc1.c1%10ccccc1.C4C2=O.O45.N26.N37
plinabulin	BRD-K99498722	CC(C)(C)c1[nH]cnc1C=c1[nH]c(=O)c(=Cc2ccccc2)[nH]c1=O	c13[nH]cnc1C=c1[nH]c(=O)c(=Cc2ccccc2)[nH]c1=O.CC3(C)C
PF-562271	BRD-K99545815	CN(c1ncccc1CNc1nc(Nc2ccc3c(c2)CC(=O)N3)ncc1C(F)(F)F)S(C)(=O)=O	c19ccc2c(c1)CC(=O)N2.c17nc8ncc1%11.c16ncccc1%10.C%11(F)(F)F.S5(C)(=O)=O.CN56.C4%10.N47.N89
salsolinol	BRD-K99595596	CC1NCCc2cc(O)c(O)cc21	CC1NCCc2cc(O)c(O)cc21
motesanib	BRD-K99616396	CC1(C)CNc2cc(NC(=O)c3cccnc3NCc3ccncc3)ccc21	CC1(C)CNc2cc7ccc21.c18cccnc16.c19ccncc1.C48=O.N47.N56.C59
fatostatin	BRD-K99696746	CCCc1cc(-c2nc(-c3ccc(C)cc3)cs2)ccn1	c14cc5ccn1.c16ccc(C)cc1.c15nc6cs1.CCC4
linifanib	BRD-K99749624	Cc1ccc(F)c(NC(=O)Nc2ccc(-c3cccc4[nH]nc(N)c34)cc2)c1	c19cccc2[nH]nc(N)c12.Cc1ccc(F)c7c1.c18ccc9cc1.C56=O.N57.N68
PIK-90	BRD-K99818283	COc1ccc2c(c1OC)N=C(NC(=O)c1cccnc1)N1CCN=C21	c14ccc2c(c15)N=C(N3)N1CCN=C21.c16cccnc1.C36=O.CO4.O5C
DPO-1	BRD-K99922388	CC1CCC(C(C)C)C(P(=O)(c2ccccc2)c2ccccc2)C1	CC1CCC3C(P(=O)(c2ccccc2)c2ccccc2)C1.C3(C)C
hexylresorcinol	BRD-K99946902	CCCCCCc1ccc(O)cc1O	c12ccc(O)cc1O.CCCCCC2
bosutinib	BRD-K99964838	COc1cc(Nc2c(C#N)cnc3cc(OCCCN4CCN(C)CC4)c(OC)cc23)c(Cl)cc1Cl	c1%11c(C#N)cnc2cc7c8cc12.c16cc%10c(Cl)cc1Cl.N19CCN(C)CC1.C5CC9.CO6.N%10%11.O57.O8C
formoterol	BRD-M00539986	COc1ccc(CC(C)NCC(O)c2ccc(O)c(NC=O)c2)cc1	c18ccc(O)c6c1.c13ccc7cc1.C7C4C.C5C8O.N6C=O.CO3.N45
lapatinib	BRD-M07438658	CS(=O)(=O)CCNCc1ccc(-c2ccc3ncnc(Nc4ccc(OCc5cccc(F)c5)c(Cl)c4)c3c2)o1	c1%14ccc2ncnc%10c2c1.c1%11ccc7c(Cl)c1.c1%13cccc(F)c1.CS(=O)(=O)CC8.c1%12ccc%14o1.N89.C9%12.N%10%11.O67.C6%13
PIK-75	BRD-M16762496	Cc1ccc([N+](=O)[O-])cc1S(=O)(=O)N(C)N=Cc1cnc2ccc(Br)cn12	Cc1ccc([N+](=O)[O-])cc1S(=O)(=O)N(C)N=Cc1cnc2ccc(Br)cn12
vinorelbine	BRD-M30523314	CCC1=CC2CN(C1)Cc1c([nH]c3ccccc13)C(C(=O)OC)(c1cc3c(cc1OC)N(C)C1C(O)(C(=O)OC)C(OC(C)=O)C4(CC)C=CCN5CCC31C54)C2	CCC1=CC2CN(C1)Cc1c([nH]c3ccccc13)C(C6=O)(c1cc3c(cc1%10)N(C)C1C%11(O)C9C4%12C=CCN5CCC31C54)C2.C7%11=O.C8(C)=O.O6C.O%10C.O7C.O89.C%12C
mesna	BRD-M40783228	O=S(=O)(O)CCS	O=S(=O)(O)CCS
acamprosate	BRD-M41783010	CC(=O)NCCCS(=O)(=O)O	C2CCS(=O)(=O)O.CC1=O.N12
verteporfin	BRD-M45964048	C=Cc1c(C)c2cc3nc(cc4[nH]c(cc5nc(cc1[nH]2)C(C)=C5CCC(=O)O)c(CCC(=O)OC)c4C)C1(C)C3=CC=C(C(=O)OC)C1C(=O)OC	C=Cc1c(C)c2cc3nc(cc4[nH]c(cc5nc(cc1[nH]2)C(C)=C5CCC(=O)O)c%10c4C)C1(C)C3=CC=C(C7=O)C19.C%10CC6=O.C89=O.O6C.O7C.O8C
cefatrizine	BRD-M47937986	NC(C(=O)NC1C(=O)N2C(C(=O)O)=C(CSc3c[nH]nn3)CSC12)c1ccc(O)cc1	C16C(=O)N2C(C(=O)O)=C(C5)CSC12.c17ccc(O)cc1.NC7C4=O.c18c[nH]nn1.N46.S58
sunitinib	BRD-M64432851	CCN(CC)CCNC(=O)c1c(C)[nH]c(C=C2C(=O)Nc3ccc(F)cc32)c1C	C1=%10C(=O)Nc2ccc(F)cc21.c19c(C)[nH]c(C=%10)c1C.N567.C7C8.C49=O.CC5.C6C.N48
vicriviroc	BRD-M72442222	COCC(c1ccc(C(F)(F)F)cc1)N1CCN(C2(C)CCN(C(=O)c3c(C)ncnc3C)CC2)CC1C	N16CCN7CC1C.C17(C)CCN4CC1.c18c(C)ncnc1C.c19ccc%10cc1.C5C69.C%10(F)(F)F.C48=O.CO5
pyrvinium-pamoate	BRD-M86331534	Cc1cc(CCc2ccc3cc(N(C)C)ccc3[n+]2C)c(C)n1-c1ccccc1	c15ccc2cc4ccc2[n+]1C.Cc1cc6c(C)n17.c17ccccc1.C6C5.N4(C)C
atorvastatin	BRD-U88459701	CC(C)c1c(C(=O)Nc2ccccc2)c(-c2ccccc2)c(-c2ccc(F)cc2)n1CCC(O)CC(O)CC(=O)O	C6CC(O)CC(O)CC(=O)O.c17c5c9c8n16.c18ccc(F)cc1.c14ccccc1.c19ccccc1.CC7C.C35=O.N34
quinine	BRD-U94846492	C=CC1CN2CCC1CC2C(O)c1ccnc2ccc(OC)cc12	c15ccnc2ccc3cc12.C=CC1CN2CCC1CC24.C45O.O3C
